
====================
== NeMo Framework ==
====================

NVIDIA Release  (build 323980803)
Container image Copyright (c) 2025, NVIDIA CORPORATION & AFFILIATES. All rights reserved.
Copyright (c) 2014-2024 Facebook Inc.
Copyright (c) 2011-2014 Idiap Research Institute (Ronan Collobert)
Copyright (c) 2012-2014 Deepmind Technologies    (Koray Kavukcuoglu)
Copyright (c) 2011-2012 NEC Laboratories America (Koray Kavukcuoglu)
Copyright (c) 2011-2013 NYU                      (Clement Farabet)
Copyright (c) 2006-2010 NEC Laboratories America (Ronan Collobert, Leon Bottou, Iain Melvin, Jason Weston)
Copyright (c) 2006      Idiap Research Institute (Samy Bengio)
Copyright (c) 2001-2004 Idiap Research Institute (Ronan Collobert, Samy Bengio, Johnny Mariethoz)
Copyright (c) 2015      Google Inc.
Copyright (c) 2015      Yangqing Jia
Copyright (c) 2013-2016 The Caffe contributors
All rights reserved.

Various files include modifications (c) NVIDIA CORPORATION & AFFILIATES.  All rights reserved.

GOVERNING TERMS: The software and materials are governed by the NVIDIA Software License Agreement
(found at https://www.nvidia.com/en-us/agreements/enterprise-software/nvidia-software-license-agreement/)
and the Product-Specific Terms for NVIDIA AI Products
(found at https://www.nvidia.com/en-us/agreements/enterprise-software/product-specific-terms-for-ai-products/).

/usr/local/lib/python3.12/dist-packages/torch/cuda/__init__.py:61: FutureWarning: The pynvml package is deprecated. Please install nvidia-ml-py instead. If you did not install pynvml directly, please report this to the maintainers of the package that installed pynvml for you.
  import pynvml  # type: ignore[import]
/usr/local/lib/python3.12/dist-packages/torch/cuda/__init__.py:61: FutureWarning: The pynvml package is deprecated. Please install nvidia-ml-py instead. If you did not install pynvml directly, please report this to the maintainers of the package that installed pynvml for you.
  import pynvml  # type: ignore[import]
Multiple distributions found for package modelopt. Picked distribution: nvidia-modelopt
/opt/venv/lib/python3.12/site-packages/modelopt/torch/__init__.py:53: UserWarning: transformers>=5.0 support is experimental. Unified Hugging Face checkpoint export for quantized checkpoints may not work for some models yet.
  _warnings.warn(
/opt/Megatron-Bridge/3rdparty/Megatron-LM/megatron/core/models/mimo/config/base_configs.py:12: UserWarning: MimoModelConfig is experimental and still under active development. The API may change without notice in future releases.
  class MimoModelConfig:
========================================================================
Qwen3 single-GPU stack validation (g5.8xlarge / A10G)
========================================================================
  device                : NVIDIA A10G (22.1 GiB)
  torch / cuda          : 2.11.0a0+eb65b36914.nv26.02 / 13.1
  compute capability    : sm_86
  --- architecture: proxy vs Qwen3-8B reference ---
  num_layers            : 4        (Qwen3-8B: 36)
  hidden_size           : 1024     (Qwen3-8B: 4096)
  ffn_hidden_size       : 3072     (Qwen3-8B: 12288)
  num_attention_heads   : 8        (Qwen3-8B: 32)
  num_query_groups      : 2        (Qwen3-8B: 8)
  seq_length            : 1024     (Qwen3-8B: 4096)
  vocab_size            : 151936   (Qwen3-8B: 151936)  <- unchanged
  --- parameters ---
  embedding + LM head   :     311.2 M
  transformer layers    :      48.2 M
  TOTAL                 :     359.4 M
  --- static memory estimate (18 B/param, Adam + FP32 master) ---
  optimizer+weights     :      6.02 GiB
  of device total        :      27.3 %
========================================================================
Warning: You are sending unauthenticated requests to the HF Hub. Please set a HF_TOKEN to enable higher rate limits and faster downloads.
WARNING:huggingface_hub.utils._http:Warning: You are sending unauthenticated requests to the HF Hub. Please set a HF_TOKEN to enable higher rate limits and faster downloads.
`torch_dtype` is deprecated! Use `dtype` instead!
  dataset: real Megatron-indexed data at /workspace/run/datasets/c4_qwen3
  tokens per step       : 8,192 (8 seq x 1024 tok)
  train_iters           : 1000
/workspace/repo/g5/train.py:287: UserWarning: Function 'pretrain' is experimental. APIs in this module are subject to change without notice.
  pretrain(config=cfg, forward_step_func=forward_step)
INFO:megatron.core.datasets.blended_megatron_dataset_config:Let split_matrix = [(0, 0.9990008991907283), (0.9990008991907283, 0.9998001798381456), (0.9998001798381456, 1.0)]
/opt/Megatron-Bridge/3rdparty/Megatron-LM/megatron/core/transformer/transformer_config.py:1947: UserWarning: full scope is deprecated. Use empty cuda_graph_scope to capture the whole layer.
  warnings.warn(

======================================================================
Configuration Summary (Non-Default Values vs Megatron Core)
======================================================================

[optimizer] Non-default values (vs Mcore OptimizerConfig):
  adam_beta2: 0.95  (Mcore default: 0.999)
  bf16: True  (Mcore default: False)
  fp8_recipe: 'tensorwise'  (Mcore default: None)
  lr: 0.0003  (Mcore default: None)
  min_lr: 3e-05  (Mcore default: None)
  params_dtype: torch.bfloat16  (Mcore default: torch.float32)
  use_distributed_optimizer: True  (Mcore default: False)
  weight_decay: 0.1  (Mcore default: 0.01)

[ddp] Non-default values (vs Mcore DistributedDataParallelConfig):
  average_in_collective: True  (Mcore default: False)
  check_for_nan_in_grad: True  (Mcore default: False)
  data_parallel_sharding_strategy: 'optim_grads_params'  (Mcore default: 'no_shard')
  grad_reduce_in_fp32: True  (Mcore default: False)
  overlap_grad_reduce: True  (Mcore default: False)
  overlap_param_gather: True  (Mcore default: False)
  use_distributed_optimizer: True  (Mcore default: False)

[model] Non-default values (vs Mcore TransformerConfig):
  add_bias_linear: False  (Mcore default: True)
  attention_backend: None  (Mcore default: <AttnBackend.auto: 5>)
  attention_dropout: 0.0  (Mcore default: 0.1)
  attention_softmax_in_fp32: False  (Mcore default: True)
  autocast_dtype: torch.bfloat16  (Mcore default: None)
  bf16: True  (Mcore default: False)
  cross_entropy_fusion_impl: 'te'  (Mcore default: 'native')
  cross_entropy_loss_fusion: True  (Mcore default: False)
  cuda_graph_scope: []  (Mcore default: 'full')
  deallocate_pipeline_outputs: True  (Mcore default: False)
  embedding_init_method_std: 0.02  (Mcore default: None)
  expert_tensor_parallel_size: 1  (Mcore default: None)
  ffn_hidden_size: 3072  (Mcore default: None)
  fp8_recipe: 'tensorwise'  (Mcore default: 'delayed')
  gated_linear_unit: True  (Mcore default: False)
  gradient_accumulation_fusion: True  (Mcore default: False)
  hidden_dropout: 0.0  (Mcore default: 0.1)
  hidden_size: 1024  (Mcore default: 0)
  kv_channels: 128  (Mcore default: None)
  layernorm_epsilon: 1e-06  (Mcore default: 1e-05)
  masked_softmax_fusion: True  (Mcore default: False)
  microbatch_group_size_per_vp_stage: 1  (Mcore default: None)
  normalization: 'RMSNorm'  (Mcore default: 'LayerNorm')
  num_attention_heads: 8  (Mcore default: 0)
  num_layers: 4  (Mcore default: 0)
  num_layers_at_end_in_bf16: 0  (Mcore default: 1)
  num_layers_at_start_in_bf16: 0  (Mcore default: 1)
  num_query_groups: 2  (Mcore default: None)
  offload_modules: None  (Mcore default: [])
  params_dtype: torch.bfloat16  (Mcore default: torch.float32)
  pipeline_dtype: torch.bfloat16  (Mcore default: None)
  qk_layernorm: True  (Mcore default: False)
  recompute_modules: ['core_attn']  (Mcore default: None)

----------------------------------------------------------------------
Other Configuration Values:
----------------------------------------------------------------------

[train]:
  check_optimizer_step_success: True
  decrease_batch_size_if_needed: False
  empty_unused_memory_level: 0
  exit_signal: <Signals.SIGTERM: 15>
  exit_signal_handler: False
  exit_signal_handler_for_dataloader: False
  exit_signal_handler_for_training: False
  global_batch_size: 8
  iterations_to_skip: []
  manual_gc: True
  manual_gc_eval: 100
  manual_gc_interval: 100
  micro_batch_size: 1
  skip_sync_grad_norm_across_mp: False
  train_iters: 1000

[validation]:
  eval_interval: 1001
  eval_iters: 0
  full_validation: False
  multiple_validation_sets: False
  skip_train: False
  test_mode: False

[scheduler]:
  end_weight_decay: 0.033
  lr_decay_iters: 1000
  lr_decay_steps: 8000
  lr_decay_style: 'cosine'
  lr_warmup_init: 0.0
  lr_warmup_iters: 100
  lr_warmup_samples: 0
  lr_warmup_steps: 800
  lr_wsd_decay_style: 'minus_sqrt'
  override_opt_param_scheduler: True
  start_weight_decay: 0.033
  use_checkpoint_opt_param_scheduler: False
  wd_incr_steps: 8000
  weight_decay_incr_style: 'constant'

[dataset]:
  add_extra_token_to_sequence: True
  allow_ambiguous_pad_tokens: False
  blend: (['/workspace/run/datasets/c4_qwen3'], None)
  create_attention_mask: True
  data_parallel_size: 1
  data_path: '/workspace/run/datasets/c4_qwen3'
  data_sharding: True
  dataloader_type: 'single'
  defer_npy_index_mmap: False
  drop_last: True
  drop_last_partial_validation_sequence: True
  eod_mask_loss: False
  fast_cache_load: False
  hybrid_context_parallel: False
  mid_level_dataset_surplus: 0.005
  mmap_bin_files: True
  mock: False
  num_dataset_builder_threads: 1
  num_workers: 8
  persistent_workers: True
  pin_memory: True
  random_seed: 1234
  reset_attention_mask: False
  reset_position_ids: False
  sequence_length: 1024
  sequence_parallel_size: 0
  split: '9999,8,2'
  split_matrix: [(0, 0.9990008991907283), (0.9990008991907283, 0.9998001798381456), (0.9998001798381456, 1.0)]

[checkpoint]:
  async_ckpt_cpu_priority: 10
  async_ckpt_io_priority: 3
  async_save: False
  async_strategy: 'mcore'
  auto_detect_ckpt_format: False
  ckpt_assume_constant_structure: False
  ckpt_convert_update_legacy_dist_opt_format: False
  ckpt_format: 'torch_dist'
  ckpt_fully_parallel_load_exchange_algo: 'broadcast'
  ckpt_fully_parallel_load_process_group: 'dp'
  ckpt_fully_parallel_save_process_group: 'dp'
  dist_ckpt_optim_fully_reshardable: False
  dist_ckpt_save_pre_mcore_014: False
  dist_ckpt_strictness: 'assume_ok_unexpected'
  distrib_optim_fully_reshardable_mem_efficient: False
  exit_on_missing_checkpoint: False
  finetune: False
  fully_parallel_load: False
  fully_parallel_save: True
  load_main_params_from_ckpt: False
  load_optim: True
  load_rng: True
  most_recent_k: -1
  non_persistent_local_ckpt_algo: 'fully_parallel'
  replication: False
  replication_factor: 2
  save_interval: 500
  save_optim: True
  save_rng: True
  save_tokenizer_assets: True
  storage_writers_per_rank: 1
  strict_fsdp_dtensor_load: False
  use_checkpoint_args: False
  use_mp_args_from_checkpoint_args: False
  use_persistent_ckpt_worker: True
  use_tokenizer_model_from_checkpoint_args: True
  verify_integrity: False

[logger]:
  barrier_with_L1_time: True
  filter_warnings: True
  log_device_memory_used: False
  log_energy: False
  log_interval: 1
  log_l2_norm_grad_to_tensorboard: False
  log_loss_scale_to_tensorboard: True
  log_max_attention_logit: False
  log_memory_to_tensorboard: False
  log_num_zeros_in_grad: False
  log_params_norm: False
  log_progress: False
  log_runtime_to_tensorboard: False
  log_throughput: False
  log_throughput_to_tensorboard: False
  log_timers_to_tensorboard: True
  log_validation_ppl_to_tensorboard: False
  log_world_size_to_tensorboard: False
  logging_level: 20
  runtime_time_unit: 'hours'
  set_level_for_all_loggers: False
  skip_train_metrics_log: False
  tensorboard_dir: '/workspace/run/tb_logs'
  tensorboard_log_interval: 1
  tensorboard_queue_size: 1000
  throughput_window_size: 100
  timing_log_level: 0
  timing_log_option: 'minmax'

[tokenizer]:
  force_system_message: False
  hf_tokenizer_kwargs: {}
  sp_tokenizer_kwargs: {}
  tiktoken_num_special_tokens: 1000
  tokenizer_model: 'Qwen/Qwen3-8B'
  tokenizer_type: 'HuggingFaceTokenizer'
  vocab_extra_ids: 0

[rng]:
  data_parallel_random_init: False
  inference_rng_tracker: False
  seed: 1234
  te_rng_tracker: False

======================================================================
INFO:megatron.bridge.training.utils.log_utils:Setting logging level to 20
INFO:megatron.core.num_microbatches_calculator:setting number of microbatches to constant 8
> initializing torch distributed ...
> initialized tensor model parallel with size 1
> initialized pipeline model parallel with size 1
> setting random seeds to 1234 ...
> compiling dataset index builder ...
make: Entering directory '/opt/Megatron-Bridge/3rdparty/Megatron-LM/megatron/core/datasets'
g++ -O3 -Wall -shared -std=c++17 -fPIC -fdiagnostics-color -I/usr/include/python3.12 -I/opt/venv/lib/python3.12/site-packages/pybind11/include helpers.cpp -o helpers_cpp.cpython-312-x86_64-linux-gnu.so
make: Leaving directory '/opt/Megatron-Bridge/3rdparty/Megatron-LM/megatron/core/datasets'
>>> done with dataset index builder. Compilation time: 7.119 seconds
/usr/local/lib/python3.12/dist-packages/torch/distributed/c10d_logger.py:83: UserWarning: barrier(): using the device under current context. You can specify `device_id` in `init_process_group` to mute this warning.
  return func(*args, **kwargs)
time to initialize megatron (seconds): 7.473
[after megatron is initialized] datetime: 2026-10-02 18:50:04 
INFO:root:Using preset vocab_size: 151936 over the tokenizer vocab_size: 151669, dummy tokens: 267.
[after tokenizer is built] datetime: 2026-10-02 18:50:05 
/opt/Megatron-Bridge/3rdparty/Megatron-LM/megatron/core/models/gpt/gpt_layer_specs.py:209: UserWarning: The fp8 argument in "get_gpt_layer_with_transformer_engine_spec" has been deprecated and will be removed soon. Please update your code accordingly.
  warnings.warn(
 > number of parameters on (tensor, pipeline) model parallel rank (0, 0): 359409664
INFO:megatron.core.distributed.distributed_data_parallel:Setting up DistributedDataParallel with config DistributedDataParallelConfig(grad_reduce_in_fp32=True, overlap_grad_reduce=True, overlap_param_gather=True, align_param_gather=False, use_distributed_optimizer=True, num_distributed_optimizer_instances=1, check_for_nan_in_grad=True, check_for_large_grads=False, bucket_size=40000000, pad_buckets_for_high_nccl_busbw=False, reduce_scatter_with_fp32_accumulation=False, param_name_patterns_for_fp32_local_accumulation=(), average_in_collective=True, fp8_param_gather=False, fp4_param_gather=False, reuse_grad_buf_for_mxfp8_param_ag=False, use_megatron_fsdp=False, use_custom_fsdp=False, data_parallel_sharding_strategy='optim_grads_params', gradient_reduce_div_fusion=True, suggested_communication_unit_size=None, keep_fp8_transpose_cache=False, nccl_ub=False, fsdp_double_buffer=False, fsdp_db_use_persist_buf_on_alloc_fail=False, fsdp_all_gather_in_start_param_sync=True, outer_dp_sharding_strategy='no_shard', disable_symmetric_registration=False, fsdp_manual_registration=False, delay_wgrad_compute=False, megatron_fsdp_main_params_dtype=torch.float32, megatron_fsdp_main_grads_dtype=None, megatron_fsdp_grad_comm_dtype=None)
INFO:megatron.core.distributed.param_and_grad_buffer:Number of buckets for gradient all-reduce / reduce-scatter: 3
Params for bucket 1 (155582464 elements, 155582464 padded size, 0 param(s) with extra main_grads):
	module.output_layer.weight (param.main_grad.dtype=torch.float32)
Params for bucket 2 (45620992 elements, 45620992 padded size, 0 param(s) with extra main_grads):
	module.decoder.final_layernorm.weight (param.main_grad.dtype=torch.float32)
	module.decoder.layers.3.mlp.linear_fc2.weight (param.main_grad.dtype=torch.float32)
	module.decoder.layers.3.mlp.linear_fc1.weight (param.main_grad.dtype=torch.float32)
	module.decoder.layers.3.mlp.linear_fc1.layer_norm_weight (param.main_grad.dtype=torch.float32)
	module.decoder.layers.3.self_attention.k_layernorm.weight (param.main_grad.dtype=torch.float32)
	module.decoder.layers.3.self_attention.q_layernorm.weight (param.main_grad.dtype=torch.float32)
	module.decoder.layers.3.self_attention.linear_qkv.weight (param.main_grad.dtype=torch.float32)
	module.decoder.layers.3.self_attention.linear_qkv.layer_norm_weight (param.main_grad.dtype=torch.float32)
	module.decoder.layers.3.self_attention.linear_proj.weight (param.main_grad.dtype=torch.float32)
	module.decoder.layers.2.mlp.linear_fc2.weight (param.main_grad.dtype=torch.float32)
	module.decoder.layers.2.mlp.linear_fc1.weight (param.main_grad.dtype=torch.float32)
	module.decoder.layers.2.mlp.linear_fc1.layer_norm_weight (param.main_grad.dtype=torch.float32)
	module.decoder.layers.2.self_attention.k_layernorm.weight (param.main_grad.dtype=torch.float32)
	module.decoder.layers.2.self_attention.q_layernorm.weight (param.main_grad.dtype=torch.float32)
	module.decoder.layers.2.self_attention.linear_qkv.weight (param.main_grad.dtype=torch.float32)
	module.decoder.layers.2.self_attention.linear_qkv.layer_norm_weight (param.main_grad.dtype=torch.float32)
	module.decoder.layers.2.self_attention.linear_proj.weight (param.main_grad.dtype=torch.float32)
	module.decoder.layers.1.mlp.linear_fc2.weight (param.main_grad.dtype=torch.float32)
	module.decoder.layers.1.mlp.linear_fc1.weight (param.main_grad.dtype=torch.float32)
	module.decoder.layers.1.mlp.linear_fc1.layer_norm_weight (param.main_grad.dtype=torch.float32)
	module.decoder.layers.1.self_attention.k_layernorm.weight (param.main_grad.dtype=torch.float32)
	module.decoder.layers.1.self_attention.q_layernorm.weight (param.main_grad.dtype=torch.float32)
	module.decoder.layers.1.self_attention.linear_qkv.weight (param.main_grad.dtype=torch.float32)
	module.decoder.layers.1.self_attention.linear_qkv.layer_norm_weight (param.main_grad.dtype=torch.float32)
	module.decoder.layers.1.self_attention.linear_proj.weight (param.main_grad.dtype=torch.float32)
	module.decoder.layers.0.mlp.linear_fc2.weight (param.main_grad.dtype=torch.float32)
	module.decoder.layers.0.mlp.linear_fc1.weight (param.main_grad.dtype=torch.float32)
Params for bucket 3 (158206208 elements, 158206208 padded size, 0 param(s) with extra main_grads):
	module.decoder.layers.0.mlp.linear_fc1.layer_norm_weight (param.main_grad.dtype=torch.float32)
	module.decoder.layers.0.self_attention.k_layernorm.weight (param.main_grad.dtype=torch.float32)
	module.decoder.layers.0.self_attention.q_layernorm.weight (param.main_grad.dtype=torch.float32)
	module.decoder.layers.0.self_attention.linear_qkv.weight (param.main_grad.dtype=torch.float32)
	module.decoder.layers.0.self_attention.linear_qkv.layer_norm_weight (param.main_grad.dtype=torch.float32)
	module.decoder.layers.0.self_attention.linear_proj.weight (param.main_grad.dtype=torch.float32)
	module.embedding.word_embeddings.weight (param.main_grad.dtype=torch.float32)
INFO:megatron.core.optimizer:Setting up optimizer with config OptimizerConfig(lr=0.0003, min_lr=3e-05, decoupled_lr=None, decoupled_min_lr=None, weight_decay=0.1, apply_wd_to_qk_layernorm=False, fp8_recipe='tensorwise', fp16=False, bf16=True, reuse_grad_buf_for_mxfp8_param_ag=False, params_dtype=torch.bfloat16, use_precision_aware_optimizer=False, store_param_remainders=True, main_grads_dtype=torch.float32, main_params_dtype=torch.float32, exp_avg_dtype=torch.float32, exp_avg_sq_dtype=torch.float32, optimizer='adam', loss_scale=None, initial_loss_scale=4294967296, min_loss_scale=1.0, loss_scale_window=1000, hysteresis=2, adam_beta1=0.9, adam_beta2=0.95, adam_eps=1e-08, decoupled_weight_decay=True, sgd_momentum=0.9, muon_momentum=0.95, muon_split_qkv=True, muon_use_nesterov=False, muon_scale_mode='spectral', muon_fp32_matmul_prec='medium', muon_coefficient_type='quintic', muon_num_ns_steps=5, muon_tp_mode='blockwise', muon_extra_scale_factor=1.0, muon_scalar_optimizer='adam', lion_beta1=0.95, lion_beta2=0.98, use_distributed_optimizer=True, overlap_param_gather=False, overlap_param_gather_with_optimizer_step=False, optimizer_cpu_offload=False, optimizer_offload_fraction=0.0, use_torch_optimizer_for_cpu_offload=False, overlap_cpu_optimizer_d2h_h2d=False, pin_cpu_grads=True, pin_cpu_params=True, clip_grad=1.0, log_num_zeros_in_grad=False, barrier_with_L1_time=False, timers=<megatron.core.timers.Timers object at 0x7a3634973a70>, config_logger_dir='', optimizer_cuda_graph=False)
INFO:megatron.core.optimizer_param_scheduler:> learning rate decay style: cosine
[after model, optimizer, and learning rate scheduler are built] datetime: 2026-10-02 18:50:05 
> setting tensorboard ...
> building train, validation, and test datasets ...
 > datasets target sizes (minimum size):
    train:      8000
    validation: 0
    test:       0
> building train, validation, and test datasets for GPT ...
INFO:megatron.core.datasets.blended_megatron_dataset_builder:Building GPTDataset splits with sizes=(8000, 0, 0) and config=GPTDatasetConfig(dataloader_type='single', num_workers=8, data_sharding=True, pin_memory=True, drop_last=True, persistent_workers=True, trust_remote_code=None, random_seed=1234, sequence_length=1024, blend=(['/workspace/run/datasets/c4_qwen3'], None), blend_per_split=None, multiple_validation_sets=None, full_validation=None, split='9999,8,2', split_matrix=[(0, 0.9990008991907283), (0.9990008991907283, 0.9998001798381456), (0.9998001798381456, 1.0)], num_dataset_builder_threads=1, path_to_cache=None, mmap_bin_files=True, mock=False, tokenizer=<megatron.core.tokenizers.text.models.default_tokenizer.DefaultTokenizerText object at 0x7a3635089a30>, mid_level_dataset_surplus=0.005, allow_ambiguous_pad_tokens=False, fast_cache_load=False, defer_npy_index_mmap=False, reset_position_ids=False, reset_attention_mask=False, eod_mask_loss=False, create_attention_mask=True, drop_last_partial_validation_sequence=True, add_extra_token_to_sequence=True, object_storage_cache_path=None, data_parallel_size=1, sequence_parallel_size=0, hybrid_context_parallel=False, sequences_per_dataset=None, token_dtype_code=None, context_parallel_size=None, data_path='/workspace/run/datasets/c4_qwen3')
INFO:megatron.core.datasets.indexed_dataset:Load the _IndexReader from /workspace/run/datasets/c4_qwen3.idx
INFO:megatron.core.datasets.indexed_dataset:	Extract the sequence lengths
INFO:megatron.core.datasets.indexed_dataset:	Extract the sequence pointers
INFO:megatron.core.datasets.indexed_dataset:	Extract the document indices
INFO:megatron.core.datasets.indexed_dataset:> total number of sequences: 12247
INFO:megatron.core.datasets.indexed_dataset:> total number of documents: 12247
INFO:megatron.core.datasets.gpt_dataset:Build and save the GPTDataset train indices
INFO:megatron.core.datasets.gpt_dataset:> total number of samples: 48939
INFO:megatron.core.datasets.gpt_dataset:> total number of epochs: 1
INFO:megatron.core.datasets.gpt_dataset:Build and save the GPTDataset valid indices
INFO:megatron.core.datasets.gpt_dataset:> total number of samples: 39
INFO:megatron.core.datasets.gpt_dataset:> total number of epochs: 1
INFO:megatron.core.datasets.gpt_dataset:Build and save the GPTDataset test indices
INFO:megatron.core.datasets.gpt_dataset:> total number of samples: 7
INFO:megatron.core.datasets.gpt_dataset:> total number of epochs: 1
> finished creating GPT datasets ...
[after dataloaders are built] datetime: 2026-10-02 18:50:06 
done with setup ...
INFO:megatron.core.timers:(min, max) time across ranks (ms):
    model-and-optimizer-setup ......................: (74.76, 74.76)
    train/valid/test-data-iterators-setup ..........: (398.58, 398.58)
Setting rerun_state_machine.current_iteration to 0...
Starting training loop at iteration 0
/opt/Megatron-Bridge/3rdparty/Megatron-LM/megatron/core/pipeline_parallel/schedules.py:211: UserWarning: The AccumulateGrad node's stream does not match the stream of the node that produced the incoming gradient. This may incur unnecessary synchronization and break CUDA graph capture if the AccumulateGrad node's stream is the default stream. This mismatch is caused by an AccumulateGrad node created prior to the current iteration being kept alive. This can happen if the autograd graph is still being kept alive by tensors such as the loss, or if you are using DDP, which will stash a reference to the node. To resolve the mismatch, delete all references to the autograd graph or ensure that DDP initialization is performed under the same stream as subsequent forwards. If the mismatch is intentional, you can use torch.autograd.graph.set_warn_on_accumulate_grad_stream_mismatch(False) to suppress this warning. (Triggered internally at /opt/pytorch/pytorch/torch/csrc/autograd/input_buffer.cpp:240.)
  Variable._execution_engine.run_backward(
Step Time : 2.23s GPU utilization: 4.6MODEL_TFLOP/s/GPU
 [2026-10-02 18:50:08] iteration        1/    1000 | consumed samples:            8 | elapsed time per iteration (ms): 2225.5 | learning rate: 3.000000E-06 | global batch size:     8 | lm loss: 1.218087E+01 | loss scale: 1.0 | grad norm: 7.409 | number of skipped iterations:   0 | number of nan iterations:   0 |
Number of parameters in transformer layers in billions:  0.05
Number of parameters in embedding layers in billions: 0.31
Total number of parameters in billions: 0.36
Number of parameters in most loaded shard in billions: 0.3594
Theoretical memory footprints: weight and optimizer=6169.82 MB
[Rank 0] (after 1 iterations) memory (GB) | mem-allocated-gigabytes: 6.8264 | mem-active-gigabytes: 6.8264 | mem-inactive-gigabytes: 0.0 | mem-reserved-gigabytes: 7.166 | mem-max-allocated-gigabytes: 6.8264 | mem-max-active-gigabytes: 6.8264 | mem-max-inactive-gigabytes: 0.0 | mem-max-reserved-gigabytes: 7.166 | mem-alloc-retires: 0 | mem-allocated-count: 123
Step Time : 0.33s GPU utilization: 30.6MODEL_TFLOP/s/GPU
 [2026-10-02 18:50:08] iteration        2/    1000 | consumed samples:           16 | elapsed time per iteration (ms): 334.1 | learning rate: 6.000000E-06 | global batch size:     8 | lm loss: 1.216643E+01 | loss scale: 1.0 | grad norm: 6.253 | number of skipped iterations:   0 | number of nan iterations:   0 |
Number of parameters in transformer layers in billions:  0.05
Number of parameters in embedding layers in billions: 0.31
Total number of parameters in billions: 0.36
Number of parameters in most loaded shard in billions: 0.3594
Theoretical memory footprints: weight and optimizer=6169.82 MB
[Rank 0] (after 2 iterations) memory (GB) | mem-allocated-gigabytes: 6.8264 | mem-active-gigabytes: 6.8264 | mem-inactive-gigabytes: 0.0 | mem-reserved-gigabytes: 7.7972 | mem-max-allocated-gigabytes: 7.3393 | mem-max-active-gigabytes: 7.6484 | mem-max-inactive-gigabytes: 0.0 | mem-max-reserved-gigabytes: 7.7972 | mem-alloc-retires: 0 | mem-allocated-count: 123
Step Time : 0.33s GPU utilization: 30.8MODEL_TFLOP/s/GPU
 [2026-10-02 18:50:09] iteration        3/    1000 | consumed samples:           24 | elapsed time per iteration (ms): 332.2 | learning rate: 9.000000E-06 | global batch size:     8 | lm loss: 1.215548E+01 | loss scale: 1.0 | grad norm: 6.961 | number of skipped iterations:   0 | number of nan iterations:   0 |
Step Time : 0.33s GPU utilization: 30.9MODEL_TFLOP/s/GPU
 [2026-10-02 18:50:09] iteration        4/    1000 | consumed samples:           32 | elapsed time per iteration (ms): 330.4 | learning rate: 1.200000E-05 | global batch size:     8 | lm loss: 1.214084E+01 | loss scale: 1.0 | grad norm: 6.474 | number of skipped iterations:   0 | number of nan iterations:   0 |
Step Time : 0.33s GPU utilization: 30.9MODEL_TFLOP/s/GPU
 [2026-10-02 18:50:09] iteration        5/    1000 | consumed samples:           40 | elapsed time per iteration (ms): 331.1 | learning rate: 1.500000E-05 | global batch size:     8 | lm loss: 1.207677E+01 | loss scale: 1.0 | grad norm: 7.727 | number of skipped iterations:   0 | number of nan iterations:   0 |
Step Time : 0.33s GPU utilization: 30.9MODEL_TFLOP/s/GPU
 [2026-10-02 18:50:10] iteration        6/    1000 | consumed samples:           48 | elapsed time per iteration (ms): 330.8 | learning rate: 1.800000E-05 | global batch size:     8 | lm loss: 1.203373E+01 | loss scale: 1.0 | grad norm: 6.805 | number of skipped iterations:   0 | number of nan iterations:   0 |
Step Time : 0.33s GPU utilization: 30.9MODEL_TFLOP/s/GPU
 [2026-10-02 18:50:10] iteration        7/    1000 | consumed samples:           56 | elapsed time per iteration (ms): 330.6 | learning rate: 2.100000E-05 | global batch size:     8 | lm loss: 1.188145E+01 | loss scale: 1.0 | grad norm: 6.993 | number of skipped iterations:   0 | number of nan iterations:   0 |
Step Time : 0.33s GPU utilization: 31.0MODEL_TFLOP/s/GPU
 [2026-10-02 18:50:10] iteration        8/    1000 | consumed samples:           64 | elapsed time per iteration (ms): 330.0 | learning rate: 2.400000E-05 | global batch size:     8 | lm loss: 1.181816E+01 | loss scale: 1.0 | grad norm: 6.405 | number of skipped iterations:   0 | number of nan iterations:   0 |
Step Time : 0.33s GPU utilization: 30.9MODEL_TFLOP/s/GPU
 [2026-10-02 18:50:11] iteration        9/    1000 | consumed samples:           72 | elapsed time per iteration (ms): 330.5 | learning rate: 2.700000E-05 | global batch size:     8 | lm loss: 1.165345E+01 | loss scale: 1.0 | grad norm: 7.768 | number of skipped iterations:   0 | number of nan iterations:   0 |
Step Time : 0.33s GPU utilization: 30.9MODEL_TFLOP/s/GPU
 [2026-10-02 18:50:11] iteration       10/    1000 | consumed samples:           80 | elapsed time per iteration (ms): 330.6 | learning rate: 3.000000E-05 | global batch size:     8 | lm loss: 1.141127E+01 | loss scale: 1.0 | grad norm: 7.387 | number of skipped iterations:   0 | number of nan iterations:   0 |
Step Time : 0.33s GPU utilization: 30.9MODEL_TFLOP/s/GPU
 [2026-10-02 18:50:11] iteration       11/    1000 | consumed samples:           88 | elapsed time per iteration (ms): 331.1 | learning rate: 3.300000E-05 | global batch size:     8 | lm loss: 1.126413E+01 | loss scale: 1.0 | grad norm: 6.641 | number of skipped iterations:   0 | number of nan iterations:   0 |
Step Time : 0.33s GPU utilization: 31.0MODEL_TFLOP/s/GPU
 [2026-10-02 18:50:12] iteration       12/    1000 | consumed samples:           96 | elapsed time per iteration (ms): 330.0 | learning rate: 3.600000E-05 | global batch size:     8 | lm loss: 1.108683E+01 | loss scale: 1.0 | grad norm: 5.700 | number of skipped iterations:   0 | number of nan iterations:   0 |
Step Time : 0.33s GPU utilization: 30.9MODEL_TFLOP/s/GPU
 [2026-10-02 18:50:12] iteration       13/    1000 | consumed samples:          104 | elapsed time per iteration (ms): 330.4 | learning rate: 3.900000E-05 | global batch size:     8 | lm loss: 1.090674E+01 | loss scale: 1.0 | grad norm: 4.369 | number of skipped iterations:   0 | number of nan iterations:   0 |
Step Time : 0.33s GPU utilization: 30.9MODEL_TFLOP/s/GPU
 [2026-10-02 18:50:12] iteration       14/    1000 | consumed samples:          112 | elapsed time per iteration (ms): 330.7 | learning rate: 4.200000E-05 | global batch size:     8 | lm loss: 1.078881E+01 | loss scale: 1.0 | grad norm: 3.819 | number of skipped iterations:   0 | number of nan iterations:   0 |
Step Time : 0.33s GPU utilization: 30.9MODEL_TFLOP/s/GPU
 [2026-10-02 18:50:13] iteration       15/    1000 | consumed samples:          120 | elapsed time per iteration (ms): 330.6 | learning rate: 4.500000E-05 | global batch size:     8 | lm loss: 1.072842E+01 | loss scale: 1.0 | grad norm: 3.190 | number of skipped iterations:   0 | number of nan iterations:   0 |
Step Time : 0.33s GPU utilization: 30.9MODEL_TFLOP/s/GPU
 [2026-10-02 18:50:13] iteration       16/    1000 | consumed samples:          128 | elapsed time per iteration (ms): 330.9 | learning rate: 4.800000E-05 | global batch size:     8 | lm loss: 1.059583E+01 | loss scale: 1.0 | grad norm: 3.050 | number of skipped iterations:   0 | number of nan iterations:   0 |
Step Time : 0.33s GPU utilization: 31.0MODEL_TFLOP/s/GPU
 [2026-10-02 18:50:13] iteration       17/    1000 | consumed samples:          136 | elapsed time per iteration (ms): 330.0 | learning rate: 5.100000E-05 | global batch size:     8 | lm loss: 1.041969E+01 | loss scale: 1.0 | grad norm: 2.900 | number of skipped iterations:   0 | number of nan iterations:   0 |
Step Time : 0.33s GPU utilization: 30.9MODEL_TFLOP/s/GPU
 [2026-10-02 18:50:14] iteration       18/    1000 | consumed samples:          144 | elapsed time per iteration (ms): 330.9 | learning rate: 5.400000E-05 | global batch size:     8 | lm loss: 1.036592E+01 | loss scale: 1.0 | grad norm: 2.773 | number of skipped iterations:   0 | number of nan iterations:   0 |
Step Time : 0.33s GPU utilization: 30.9MODEL_TFLOP/s/GPU
 [2026-10-02 18:50:14] iteration       19/    1000 | consumed samples:          152 | elapsed time per iteration (ms): 331.1 | learning rate: 5.700000E-05 | global batch size:     8 | lm loss: 1.042753E+01 | loss scale: 1.0 | grad norm: 2.457 | number of skipped iterations:   0 | number of nan iterations:   0 |
Step Time : 0.33s GPU utilization: 30.8MODEL_TFLOP/s/GPU
 [2026-10-02 18:50:14] iteration       20/    1000 | consumed samples:          160 | elapsed time per iteration (ms): 331.6 | learning rate: 6.000000E-05 | global batch size:     8 | lm loss: 1.026596E+01 | loss scale: 1.0 | grad norm: 2.429 | number of skipped iterations:   0 | number of nan iterations:   0 |
Step Time : 0.33s GPU utilization: 30.9MODEL_TFLOP/s/GPU
 [2026-10-02 18:50:15] iteration       21/    1000 | consumed samples:          168 | elapsed time per iteration (ms): 330.9 | learning rate: 6.300000E-05 | global batch size:     8 | lm loss: 1.020181E+01 | loss scale: 1.0 | grad norm: 2.474 | number of skipped iterations:   0 | number of nan iterations:   0 |
Step Time : 0.33s GPU utilization: 30.9MODEL_TFLOP/s/GPU
 [2026-10-02 18:50:15] iteration       22/    1000 | consumed samples:          176 | elapsed time per iteration (ms): 330.7 | learning rate: 6.600000E-05 | global batch size:     8 | lm loss: 1.017564E+01 | loss scale: 1.0 | grad norm: 2.420 | number of skipped iterations:   0 | number of nan iterations:   0 |
Step Time : 0.33s GPU utilization: 30.9MODEL_TFLOP/s/GPU
 [2026-10-02 18:50:15] iteration       23/    1000 | consumed samples:          184 | elapsed time per iteration (ms): 331.0 | learning rate: 6.900000E-05 | global batch size:     8 | lm loss: 9.998463E+00 | loss scale: 1.0 | grad norm: 2.461 | number of skipped iterations:   0 | number of nan iterations:   0 |
Step Time : 0.33s GPU utilization: 30.9MODEL_TFLOP/s/GPU
 [2026-10-02 18:50:16] iteration       24/    1000 | consumed samples:          192 | elapsed time per iteration (ms): 331.2 | learning rate: 7.200000E-05 | global batch size:     8 | lm loss: 9.903830E+00 | loss scale: 1.0 | grad norm: 2.391 | number of skipped iterations:   0 | number of nan iterations:   0 |
Step Time : 0.33s GPU utilization: 30.9MODEL_TFLOP/s/GPU
 [2026-10-02 18:50:16] iteration       25/    1000 | consumed samples:          200 | elapsed time per iteration (ms): 330.5 | learning rate: 7.500000E-05 | global batch size:     8 | lm loss: 9.967043E+00 | loss scale: 1.0 | grad norm: 2.163 | number of skipped iterations:   0 | number of nan iterations:   0 |
Step Time : 0.33s GPU utilization: 30.9MODEL_TFLOP/s/GPU
 [2026-10-02 18:50:16] iteration       26/    1000 | consumed samples:          208 | elapsed time per iteration (ms): 330.5 | learning rate: 7.800000E-05 | global batch size:     8 | lm loss: 9.766115E+00 | loss scale: 1.0 | grad norm: 2.429 | number of skipped iterations:   0 | number of nan iterations:   0 |
Step Time : 0.33s GPU utilization: 30.9MODEL_TFLOP/s/GPU
 [2026-10-02 18:50:17] iteration       27/    1000 | consumed samples:          216 | elapsed time per iteration (ms): 330.8 | learning rate: 8.100000E-05 | global batch size:     8 | lm loss: 9.658556E+00 | loss scale: 1.0 | grad norm: 2.534 | number of skipped iterations:   0 | number of nan iterations:   0 |
Step Time : 0.33s GPU utilization: 30.9MODEL_TFLOP/s/GPU
 [2026-10-02 18:50:17] iteration       28/    1000 | consumed samples:          224 | elapsed time per iteration (ms): 331.0 | learning rate: 8.400000E-05 | global batch size:     8 | lm loss: 9.709000E+00 | loss scale: 1.0 | grad norm: 2.015 | number of skipped iterations:   0 | number of nan iterations:   0 |
Step Time : 0.33s GPU utilization: 30.9MODEL_TFLOP/s/GPU
 [2026-10-02 18:50:17] iteration       29/    1000 | consumed samples:          232 | elapsed time per iteration (ms): 330.8 | learning rate: 8.700000E-05 | global batch size:     8 | lm loss: 9.533246E+00 | loss scale: 1.0 | grad norm: 2.172 | number of skipped iterations:   0 | number of nan iterations:   0 |
Step Time : 0.33s GPU utilization: 30.9MODEL_TFLOP/s/GPU
 [2026-10-02 18:50:18] iteration       30/    1000 | consumed samples:          240 | elapsed time per iteration (ms): 331.1 | learning rate: 9.000000E-05 | global batch size:     8 | lm loss: 9.545459E+00 | loss scale: 1.0 | grad norm: 1.886 | number of skipped iterations:   0 | number of nan iterations:   0 |
Step Time : 0.33s GPU utilization: 30.9MODEL_TFLOP/s/GPU
 [2026-10-02 18:50:18] iteration       31/    1000 | consumed samples:          248 | elapsed time per iteration (ms): 330.4 | learning rate: 9.300000E-05 | global batch size:     8 | lm loss: 9.380972E+00 | loss scale: 1.0 | grad norm: 1.983 | number of skipped iterations:   0 | number of nan iterations:   0 |
Step Time : 0.33s GPU utilization: 30.9MODEL_TFLOP/s/GPU
 [2026-10-02 18:50:18] iteration       32/    1000 | consumed samples:          256 | elapsed time per iteration (ms): 330.7 | learning rate: 9.600000E-05 | global batch size:     8 | lm loss: 9.343748E+00 | loss scale: 1.0 | grad norm: 1.971 | number of skipped iterations:   0 | number of nan iterations:   0 |
Step Time : 0.33s GPU utilization: 30.9MODEL_TFLOP/s/GPU
 [2026-10-02 18:50:19] iteration       33/    1000 | consumed samples:          264 | elapsed time per iteration (ms): 330.5 | learning rate: 9.900000E-05 | global batch size:     8 | lm loss: 9.247564E+00 | loss scale: 1.0 | grad norm: 1.802 | number of skipped iterations:   0 | number of nan iterations:   0 |
Step Time : 0.33s GPU utilization: 31.0MODEL_TFLOP/s/GPU
 [2026-10-02 18:50:19] iteration       34/    1000 | consumed samples:          272 | elapsed time per iteration (ms): 330.0 | learning rate: 1.020000E-04 | global batch size:     8 | lm loss: 8.930351E+00 | loss scale: 1.0 | grad norm: 1.892 | number of skipped iterations:   0 | number of nan iterations:   0 |
Step Time : 0.33s GPU utilization: 30.9MODEL_TFLOP/s/GPU
 [2026-10-02 18:50:19] iteration       35/    1000 | consumed samples:          280 | elapsed time per iteration (ms): 330.5 | learning rate: 1.050000E-04 | global batch size:     8 | lm loss: 9.010404E+00 | loss scale: 1.0 | grad norm: 1.659 | number of skipped iterations:   0 | number of nan iterations:   0 |
Step Time : 0.33s GPU utilization: 31.0MODEL_TFLOP/s/GPU
 [2026-10-02 18:50:20] iteration       36/    1000 | consumed samples:          288 | elapsed time per iteration (ms): 330.3 | learning rate: 1.080000E-04 | global batch size:     8 | lm loss: 8.939734E+00 | loss scale: 1.0 | grad norm: 1.653 | number of skipped iterations:   0 | number of nan iterations:   0 |
Step Time : 0.33s GPU utilization: 30.9MODEL_TFLOP/s/GPU
 [2026-10-02 18:50:20] iteration       37/    1000 | consumed samples:          296 | elapsed time per iteration (ms): 330.6 | learning rate: 1.110000E-04 | global batch size:     8 | lm loss: 8.799169E+00 | loss scale: 1.0 | grad norm: 1.559 | number of skipped iterations:   0 | number of nan iterations:   0 |
Step Time : 0.33s GPU utilization: 30.9MODEL_TFLOP/s/GPU
 [2026-10-02 18:50:20] iteration       38/    1000 | consumed samples:          304 | elapsed time per iteration (ms): 330.4 | learning rate: 1.140000E-04 | global batch size:     8 | lm loss: 8.667152E+00 | loss scale: 1.0 | grad norm: 1.633 | number of skipped iterations:   0 | number of nan iterations:   0 |
Step Time : 0.33s GPU utilization: 30.9MODEL_TFLOP/s/GPU
 [2026-10-02 18:50:21] iteration       39/    1000 | consumed samples:          312 | elapsed time per iteration (ms): 331.1 | learning rate: 1.170000E-04 | global batch size:     8 | lm loss: 8.639872E+00 | loss scale: 1.0 | grad norm: 1.489 | number of skipped iterations:   0 | number of nan iterations:   0 |
Step Time : 0.33s GPU utilization: 31.0MODEL_TFLOP/s/GPU
 [2026-10-02 18:50:21] iteration       40/    1000 | consumed samples:          320 | elapsed time per iteration (ms): 330.3 | learning rate: 1.200000E-04 | global batch size:     8 | lm loss: 8.560906E+00 | loss scale: 1.0 | grad norm: 1.695 | number of skipped iterations:   0 | number of nan iterations:   0 |
Step Time : 0.33s GPU utilization: 30.9MODEL_TFLOP/s/GPU
 [2026-10-02 18:50:21] iteration       41/    1000 | consumed samples:          328 | elapsed time per iteration (ms): 331.1 | learning rate: 1.230000E-04 | global batch size:     8 | lm loss: 8.400510E+00 | loss scale: 1.0 | grad norm: 1.554 | number of skipped iterations:   0 | number of nan iterations:   0 |
Step Time : 0.33s GPU utilization: 30.9MODEL_TFLOP/s/GPU
 [2026-10-02 18:50:22] iteration       42/    1000 | consumed samples:          336 | elapsed time per iteration (ms): 331.2 | learning rate: 1.260000E-04 | global batch size:     8 | lm loss: 8.226231E+00 | loss scale: 1.0 | grad norm: 1.605 | number of skipped iterations:   0 | number of nan iterations:   0 |
Step Time : 0.33s GPU utilization: 30.9MODEL_TFLOP/s/GPU
 [2026-10-02 18:50:22] iteration       43/    1000 | consumed samples:          344 | elapsed time per iteration (ms): 330.5 | learning rate: 1.290000E-04 | global batch size:     8 | lm loss: 8.148985E+00 | loss scale: 1.0 | grad norm: 1.629 | number of skipped iterations:   0 | number of nan iterations:   0 |
Step Time : 0.33s GPU utilization: 30.9MODEL_TFLOP/s/GPU
 [2026-10-02 18:50:22] iteration       44/    1000 | consumed samples:          352 | elapsed time per iteration (ms): 331.3 | learning rate: 1.320000E-04 | global batch size:     8 | lm loss: 8.285791E+00 | loss scale: 1.0 | grad norm: 1.449 | number of skipped iterations:   0 | number of nan iterations:   0 |
Step Time : 0.33s GPU utilization: 30.9MODEL_TFLOP/s/GPU
 [2026-10-02 18:50:23] iteration       45/    1000 | consumed samples:          360 | elapsed time per iteration (ms): 330.4 | learning rate: 1.350000E-04 | global batch size:     8 | lm loss: 7.944860E+00 | loss scale: 1.0 | grad norm: 1.316 | number of skipped iterations:   0 | number of nan iterations:   0 |
Step Time : 0.33s GPU utilization: 30.9MODEL_TFLOP/s/GPU
 [2026-10-02 18:50:23] iteration       46/    1000 | consumed samples:          368 | elapsed time per iteration (ms): 331.0 | learning rate: 1.380000E-04 | global batch size:     8 | lm loss: 7.972390E+00 | loss scale: 1.0 | grad norm: 1.412 | number of skipped iterations:   0 | number of nan iterations:   0 |
Step Time : 0.33s GPU utilization: 30.9MODEL_TFLOP/s/GPU
 [2026-10-02 18:50:23] iteration       47/    1000 | consumed samples:          376 | elapsed time per iteration (ms): 330.8 | learning rate: 1.410000E-04 | global batch size:     8 | lm loss: 8.105470E+00 | loss scale: 1.0 | grad norm: 1.458 | number of skipped iterations:   0 | number of nan iterations:   0 |
Step Time : 0.33s GPU utilization: 31.0MODEL_TFLOP/s/GPU
 [2026-10-02 18:50:24] iteration       48/    1000 | consumed samples:          384 | elapsed time per iteration (ms): 330.0 | learning rate: 1.440000E-04 | global batch size:     8 | lm loss: 7.727918E+00 | loss scale: 1.0 | grad norm: 1.156 | number of skipped iterations:   0 | number of nan iterations:   0 |
Step Time : 0.33s GPU utilization: 30.9MODEL_TFLOP/s/GPU
 [2026-10-02 18:50:24] iteration       49/    1000 | consumed samples:          392 | elapsed time per iteration (ms): 330.7 | learning rate: 1.470000E-04 | global batch size:     8 | lm loss: 8.007210E+00 | loss scale: 1.0 | grad norm: 1.084 | number of skipped iterations:   0 | number of nan iterations:   0 |
Step Time : 0.33s GPU utilization: 30.9MODEL_TFLOP/s/GPU
 [2026-10-02 18:50:24] iteration       50/    1000 | consumed samples:          400 | elapsed time per iteration (ms): 330.8 | learning rate: 1.500000E-04 | global batch size:     8 | lm loss: 7.729071E+00 | loss scale: 1.0 | grad norm: 1.152 | number of skipped iterations:   0 | number of nan iterations:   0 |
Step Time : 0.33s GPU utilization: 30.9MODEL_TFLOP/s/GPU
 [2026-10-02 18:50:25] iteration       51/    1000 | consumed samples:          408 | elapsed time per iteration (ms): 330.5 | learning rate: 1.530000E-04 | global batch size:     8 | lm loss: 7.704532E+00 | loss scale: 1.0 | grad norm: 1.231 | number of skipped iterations:   0 | number of nan iterations:   0 |
Step Time : 0.33s GPU utilization: 30.9MODEL_TFLOP/s/GPU
 [2026-10-02 18:50:25] iteration       52/    1000 | consumed samples:          416 | elapsed time per iteration (ms): 330.5 | learning rate: 1.560000E-04 | global batch size:     8 | lm loss: 7.636528E+00 | loss scale: 1.0 | grad norm: 1.040 | number of skipped iterations:   0 | number of nan iterations:   0 |
Step Time : 0.33s GPU utilization: 30.9MODEL_TFLOP/s/GPU
 [2026-10-02 18:50:25] iteration       53/    1000 | consumed samples:          424 | elapsed time per iteration (ms): 330.5 | learning rate: 1.590000E-04 | global batch size:     8 | lm loss: 7.546331E+00 | loss scale: 1.0 | grad norm: 1.059 | number of skipped iterations:   0 | number of nan iterations:   0 |
Step Time : 0.33s GPU utilization: 30.9MODEL_TFLOP/s/GPU
 [2026-10-02 18:50:26] iteration       54/    1000 | consumed samples:          432 | elapsed time per iteration (ms): 330.9 | learning rate: 1.620000E-04 | global batch size:     8 | lm loss: 7.595234E+00 | loss scale: 1.0 | grad norm: 1.150 | number of skipped iterations:   0 | number of nan iterations:   0 |
Step Time : 0.33s GPU utilization: 30.9MODEL_TFLOP/s/GPU
 [2026-10-02 18:50:26] iteration       55/    1000 | consumed samples:          440 | elapsed time per iteration (ms): 330.4 | learning rate: 1.650000E-04 | global batch size:     8 | lm loss: 7.552167E+00 | loss scale: 1.0 | grad norm: 0.914 | number of skipped iterations:   0 | number of nan iterations:   0 |
Step Time : 0.33s GPU utilization: 30.8MODEL_TFLOP/s/GPU
 [2026-10-02 18:50:26] iteration       56/    1000 | consumed samples:          448 | elapsed time per iteration (ms): 331.6 | learning rate: 1.680000E-04 | global batch size:     8 | lm loss: 7.513278E+00 | loss scale: 1.0 | grad norm: 1.213 | number of skipped iterations:   0 | number of nan iterations:   0 |
Step Time : 0.33s GPU utilization: 30.9MODEL_TFLOP/s/GPU
 [2026-10-02 18:50:27] iteration       57/    1000 | consumed samples:          456 | elapsed time per iteration (ms): 331.1 | learning rate: 1.710000E-04 | global batch size:     8 | lm loss: 7.576287E+00 | loss scale: 1.0 | grad norm: 1.051 | number of skipped iterations:   0 | number of nan iterations:   0 |
Step Time : 0.33s GPU utilization: 30.9MODEL_TFLOP/s/GPU
 [2026-10-02 18:50:27] iteration       58/    1000 | consumed samples:          464 | elapsed time per iteration (ms): 330.9 | learning rate: 1.740000E-04 | global batch size:     8 | lm loss: 7.670513E+00 | loss scale: 1.0 | grad norm: 1.032 | number of skipped iterations:   0 | number of nan iterations:   0 |
Step Time : 0.33s GPU utilization: 30.9MODEL_TFLOP/s/GPU
 [2026-10-02 18:50:27] iteration       59/    1000 | consumed samples:          472 | elapsed time per iteration (ms): 330.4 | learning rate: 1.770000E-04 | global batch size:     8 | lm loss: 7.508435E+00 | loss scale: 1.0 | grad norm: 1.019 | number of skipped iterations:   0 | number of nan iterations:   0 |
Step Time : 0.33s GPU utilization: 30.9MODEL_TFLOP/s/GPU
 [2026-10-02 18:50:28] iteration       60/    1000 | consumed samples:          480 | elapsed time per iteration (ms): 330.6 | learning rate: 1.800000E-04 | global batch size:     8 | lm loss: 7.414047E+00 | loss scale: 1.0 | grad norm: 1.146 | number of skipped iterations:   0 | number of nan iterations:   0 |
Step Time : 0.33s GPU utilization: 30.9MODEL_TFLOP/s/GPU
 [2026-10-02 18:50:28] iteration       61/    1000 | consumed samples:          488 | elapsed time per iteration (ms): 331.0 | learning rate: 1.830000E-04 | global batch size:     8 | lm loss: 7.436044E+00 | loss scale: 1.0 | grad norm: 1.298 | number of skipped iterations:   0 | number of nan iterations:   0 |
Step Time : 0.33s GPU utilization: 30.8MODEL_TFLOP/s/GPU
 [2026-10-02 18:50:28] iteration       62/    1000 | consumed samples:          496 | elapsed time per iteration (ms): 331.9 | learning rate: 1.860000E-04 | global batch size:     8 | lm loss: 7.527115E+00 | loss scale: 1.0 | grad norm: 1.244 | number of skipped iterations:   0 | number of nan iterations:   0 |
Step Time : 0.33s GPU utilization: 30.9MODEL_TFLOP/s/GPU
 [2026-10-02 18:50:29] iteration       63/    1000 | consumed samples:          504 | elapsed time per iteration (ms): 331.0 | learning rate: 1.890000E-04 | global batch size:     8 | lm loss: 7.488146E+00 | loss scale: 1.0 | grad norm: 1.751 | number of skipped iterations:   0 | number of nan iterations:   0 |
Step Time : 0.33s GPU utilization: 30.9MODEL_TFLOP/s/GPU
 [2026-10-02 18:50:29] iteration       64/    1000 | consumed samples:          512 | elapsed time per iteration (ms): 330.7 | learning rate: 1.920000E-04 | global batch size:     8 | lm loss: 7.279469E+00 | loss scale: 1.0 | grad norm: 1.299 | number of skipped iterations:   0 | number of nan iterations:   0 |
Step Time : 0.33s GPU utilization: 30.9MODEL_TFLOP/s/GPU
 [2026-10-02 18:50:29] iteration       65/    1000 | consumed samples:          520 | elapsed time per iteration (ms): 331.0 | learning rate: 1.950000E-04 | global batch size:     8 | lm loss: 6.956921E+00 | loss scale: 1.0 | grad norm: 2.202 | number of skipped iterations:   0 | number of nan iterations:   0 |
Step Time : 0.33s GPU utilization: 30.8MODEL_TFLOP/s/GPU
 [2026-10-02 18:50:30] iteration       66/    1000 | consumed samples:          528 | elapsed time per iteration (ms): 331.5 | learning rate: 1.980000E-04 | global batch size:     8 | lm loss: 7.229700E+00 | loss scale: 1.0 | grad norm: 1.525 | number of skipped iterations:   0 | number of nan iterations:   0 |
Step Time : 0.33s GPU utilization: 30.9MODEL_TFLOP/s/GPU
 [2026-10-02 18:50:30] iteration       67/    1000 | consumed samples:          536 | elapsed time per iteration (ms): 330.6 | learning rate: 2.010000E-04 | global batch size:     8 | lm loss: 7.347792E+00 | loss scale: 1.0 | grad norm: 1.356 | number of skipped iterations:   0 | number of nan iterations:   0 |
Step Time : 0.33s GPU utilization: 30.9MODEL_TFLOP/s/GPU
 [2026-10-02 18:50:30] iteration       68/    1000 | consumed samples:          544 | elapsed time per iteration (ms): 330.8 | learning rate: 2.040000E-04 | global batch size:     8 | lm loss: 7.134826E+00 | loss scale: 1.0 | grad norm: 1.157 | number of skipped iterations:   0 | number of nan iterations:   0 |
Step Time : 0.33s GPU utilization: 30.9MODEL_TFLOP/s/GPU
 [2026-10-02 18:50:31] iteration       69/    1000 | consumed samples:          552 | elapsed time per iteration (ms): 331.4 | learning rate: 2.070000E-04 | global batch size:     8 | lm loss: 7.193292E+00 | loss scale: 1.0 | grad norm: 1.704 | number of skipped iterations:   0 | number of nan iterations:   0 |
Step Time : 0.33s GPU utilization: 30.9MODEL_TFLOP/s/GPU
 [2026-10-02 18:50:31] iteration       70/    1000 | consumed samples:          560 | elapsed time per iteration (ms): 330.9 | learning rate: 2.100000E-04 | global batch size:     8 | lm loss: 7.543822E+00 | loss scale: 1.0 | grad norm: 1.315 | number of skipped iterations:   0 | number of nan iterations:   0 |
Step Time : 0.33s GPU utilization: 30.9MODEL_TFLOP/s/GPU
 [2026-10-02 18:50:31] iteration       71/    1000 | consumed samples:          568 | elapsed time per iteration (ms): 330.3 | learning rate: 2.130000E-04 | global batch size:     8 | lm loss: 7.319279E+00 | loss scale: 1.0 | grad norm: 1.057 | number of skipped iterations:   0 | number of nan iterations:   0 |
Step Time : 0.33s GPU utilization: 30.9MODEL_TFLOP/s/GPU
 [2026-10-02 18:50:32] iteration       72/    1000 | consumed samples:          576 | elapsed time per iteration (ms): 330.8 | learning rate: 2.160000E-04 | global batch size:     8 | lm loss: 7.271553E+00 | loss scale: 1.0 | grad norm: 1.523 | number of skipped iterations:   0 | number of nan iterations:   0 |
Step Time : 0.33s GPU utilization: 30.8MODEL_TFLOP/s/GPU
 [2026-10-02 18:50:32] iteration       73/    1000 | consumed samples:          584 | elapsed time per iteration (ms): 331.5 | learning rate: 2.190000E-04 | global batch size:     8 | lm loss: 7.412313E+00 | loss scale: 1.0 | grad norm: 1.378 | number of skipped iterations:   0 | number of nan iterations:   0 |
Step Time : 0.33s GPU utilization: 30.9MODEL_TFLOP/s/GPU
 [2026-10-02 18:50:32] iteration       74/    1000 | consumed samples:          592 | elapsed time per iteration (ms): 331.0 | learning rate: 2.220000E-04 | global batch size:     8 | lm loss: 7.257228E+00 | loss scale: 1.0 | grad norm: 1.352 | number of skipped iterations:   0 | number of nan iterations:   0 |
Step Time : 0.33s GPU utilization: 30.9MODEL_TFLOP/s/GPU
 [2026-10-02 18:50:33] iteration       75/    1000 | consumed samples:          600 | elapsed time per iteration (ms): 331.0 | learning rate: 2.250000E-04 | global batch size:     8 | lm loss: 6.999175E+00 | loss scale: 1.0 | grad norm: 1.343 | number of skipped iterations:   0 | number of nan iterations:   0 |
Step Time : 0.33s GPU utilization: 30.9MODEL_TFLOP/s/GPU
 [2026-10-02 18:50:33] iteration       76/    1000 | consumed samples:          608 | elapsed time per iteration (ms): 331.0 | learning rate: 2.280000E-04 | global batch size:     8 | lm loss: 7.167726E+00 | loss scale: 1.0 | grad norm: 1.130 | number of skipped iterations:   0 | number of nan iterations:   0 |
Step Time : 0.33s GPU utilization: 30.9MODEL_TFLOP/s/GPU
 [2026-10-02 18:50:33] iteration       77/    1000 | consumed samples:          616 | elapsed time per iteration (ms): 330.9 | learning rate: 2.310000E-04 | global batch size:     8 | lm loss: 7.272946E+00 | loss scale: 1.0 | grad norm: 1.190 | number of skipped iterations:   0 | number of nan iterations:   0 |
Step Time : 0.33s GPU utilization: 30.9MODEL_TFLOP/s/GPU
 [2026-10-02 18:50:33] iteration       78/    1000 | consumed samples:          624 | elapsed time per iteration (ms): 331.2 | learning rate: 2.340000E-04 | global batch size:     8 | lm loss: 7.158125E+00 | loss scale: 1.0 | grad norm: 1.158 | number of skipped iterations:   0 | number of nan iterations:   0 |
Step Time : 0.33s GPU utilization: 30.9MODEL_TFLOP/s/GPU
 [2026-10-02 18:50:34] iteration       79/    1000 | consumed samples:          632 | elapsed time per iteration (ms): 330.6 | learning rate: 2.370000E-04 | global batch size:     8 | lm loss: 7.452240E+00 | loss scale: 1.0 | grad norm: 1.007 | number of skipped iterations:   0 | number of nan iterations:   0 |
Step Time : 0.33s GPU utilization: 30.9MODEL_TFLOP/s/GPU
 [2026-10-02 18:50:34] iteration       80/    1000 | consumed samples:          640 | elapsed time per iteration (ms): 330.8 | learning rate: 2.400000E-04 | global batch size:     8 | lm loss: 7.328983E+00 | loss scale: 1.0 | grad norm: 1.004 | number of skipped iterations:   0 | number of nan iterations:   0 |
Step Time : 0.33s GPU utilization: 30.9MODEL_TFLOP/s/GPU
 [2026-10-02 18:50:34] iteration       81/    1000 | consumed samples:          648 | elapsed time per iteration (ms): 330.7 | learning rate: 2.430000E-04 | global batch size:     8 | lm loss: 7.369341E+00 | loss scale: 1.0 | grad norm: 1.291 | number of skipped iterations:   0 | number of nan iterations:   0 |
Step Time : 0.33s GPU utilization: 30.9MODEL_TFLOP/s/GPU
 [2026-10-02 18:50:35] iteration       82/    1000 | consumed samples:          656 | elapsed time per iteration (ms): 330.5 | learning rate: 2.460000E-04 | global batch size:     8 | lm loss: 7.131552E+00 | loss scale: 1.0 | grad norm: 1.120 | number of skipped iterations:   0 | number of nan iterations:   0 |
Step Time : 0.33s GPU utilization: 30.9MODEL_TFLOP/s/GPU
 [2026-10-02 18:50:35] iteration       83/    1000 | consumed samples:          664 | elapsed time per iteration (ms): 331.2 | learning rate: 2.490000E-04 | global batch size:     8 | lm loss: 7.172021E+00 | loss scale: 1.0 | grad norm: 1.243 | number of skipped iterations:   0 | number of nan iterations:   0 |
Step Time : 0.33s GPU utilization: 30.9MODEL_TFLOP/s/GPU
 [2026-10-02 18:50:35] iteration       84/    1000 | consumed samples:          672 | elapsed time per iteration (ms): 330.7 | learning rate: 2.520000E-04 | global batch size:     8 | lm loss: 7.304934E+00 | loss scale: 1.0 | grad norm: 1.022 | number of skipped iterations:   0 | number of nan iterations:   0 |
Step Time : 0.33s GPU utilization: 30.9MODEL_TFLOP/s/GPU
 [2026-10-02 18:50:36] iteration       85/    1000 | consumed samples:          680 | elapsed time per iteration (ms): 330.9 | learning rate: 2.550000E-04 | global batch size:     8 | lm loss: 7.164104E+00 | loss scale: 1.0 | grad norm: 1.330 | number of skipped iterations:   0 | number of nan iterations:   0 |
Step Time : 0.33s GPU utilization: 30.9MODEL_TFLOP/s/GPU
 [2026-10-02 18:50:36] iteration       86/    1000 | consumed samples:          688 | elapsed time per iteration (ms): 331.0 | learning rate: 2.580000E-04 | global batch size:     8 | lm loss: 7.343945E+00 | loss scale: 1.0 | grad norm: 1.264 | number of skipped iterations:   0 | number of nan iterations:   0 |
Step Time : 0.33s GPU utilization: 30.9MODEL_TFLOP/s/GPU
 [2026-10-02 18:50:36] iteration       87/    1000 | consumed samples:          696 | elapsed time per iteration (ms): 331.3 | learning rate: 2.610000E-04 | global batch size:     8 | lm loss: 6.925540E+00 | loss scale: 1.0 | grad norm: 1.020 | number of skipped iterations:   0 | number of nan iterations:   0 |
Step Time : 0.33s GPU utilization: 30.9MODEL_TFLOP/s/GPU
 [2026-10-02 18:50:37] iteration       88/    1000 | consumed samples:          704 | elapsed time per iteration (ms): 330.7 | learning rate: 2.640000E-04 | global batch size:     8 | lm loss: 7.123829E+00 | loss scale: 1.0 | grad norm: 1.091 | number of skipped iterations:   0 | number of nan iterations:   0 |
Step Time : 0.33s GPU utilization: 30.8MODEL_TFLOP/s/GPU
 [2026-10-02 18:50:37] iteration       89/    1000 | consumed samples:          712 | elapsed time per iteration (ms): 331.5 | learning rate: 2.670000E-04 | global batch size:     8 | lm loss: 7.121402E+00 | loss scale: 1.0 | grad norm: 0.982 | number of skipped iterations:   0 | number of nan iterations:   0 |
Step Time : 0.33s GPU utilization: 30.9MODEL_TFLOP/s/GPU
 [2026-10-02 18:50:37] iteration       90/    1000 | consumed samples:          720 | elapsed time per iteration (ms): 330.5 | learning rate: 2.700000E-04 | global batch size:     8 | lm loss: 7.023326E+00 | loss scale: 1.0 | grad norm: 1.185 | number of skipped iterations:   0 | number of nan iterations:   0 |
Step Time : 0.33s GPU utilization: 30.9MODEL_TFLOP/s/GPU
 [2026-10-02 18:50:38] iteration       91/    1000 | consumed samples:          728 | elapsed time per iteration (ms): 330.5 | learning rate: 2.730000E-04 | global batch size:     8 | lm loss: 7.222582E+00 | loss scale: 1.0 | grad norm: 1.109 | number of skipped iterations:   0 | number of nan iterations:   0 |
Step Time : 0.33s GPU utilization: 31.0MODEL_TFLOP/s/GPU
 [2026-10-02 18:50:38] iteration       92/    1000 | consumed samples:          736 | elapsed time per iteration (ms): 330.3 | learning rate: 2.760000E-04 | global batch size:     8 | lm loss: 7.142961E+00 | loss scale: 1.0 | grad norm: 1.127 | number of skipped iterations:   0 | number of nan iterations:   0 |
Step Time : 0.33s GPU utilization: 30.9MODEL_TFLOP/s/GPU
 [2026-10-02 18:50:38] iteration       93/    1000 | consumed samples:          744 | elapsed time per iteration (ms): 330.4 | learning rate: 2.790000E-04 | global batch size:     8 | lm loss: 6.908196E+00 | loss scale: 1.0 | grad norm: 1.160 | number of skipped iterations:   0 | number of nan iterations:   0 |
Step Time : 0.33s GPU utilization: 30.9MODEL_TFLOP/s/GPU
 [2026-10-02 18:50:39] iteration       94/    1000 | consumed samples:          752 | elapsed time per iteration (ms): 331.0 | learning rate: 2.820000E-04 | global batch size:     8 | lm loss: 6.747586E+00 | loss scale: 1.0 | grad norm: 0.988 | number of skipped iterations:   0 | number of nan iterations:   0 |
Step Time : 0.33s GPU utilization: 30.9MODEL_TFLOP/s/GPU
 [2026-10-02 18:50:39] iteration       95/    1000 | consumed samples:          760 | elapsed time per iteration (ms): 330.9 | learning rate: 2.850000E-04 | global batch size:     8 | lm loss: 6.982451E+00 | loss scale: 1.0 | grad norm: 1.389 | number of skipped iterations:   0 | number of nan iterations:   0 |
Step Time : 0.33s GPU utilization: 30.9MODEL_TFLOP/s/GPU
 [2026-10-02 18:50:39] iteration       96/    1000 | consumed samples:          768 | elapsed time per iteration (ms): 331.0 | learning rate: 2.880000E-04 | global batch size:     8 | lm loss: 7.062376E+00 | loss scale: 1.0 | grad norm: 1.096 | number of skipped iterations:   0 | number of nan iterations:   0 |
Step Time : 0.33s GPU utilization: 30.9MODEL_TFLOP/s/GPU
 [2026-10-02 18:50:40] iteration       97/    1000 | consumed samples:          776 | elapsed time per iteration (ms): 330.8 | learning rate: 2.910000E-04 | global batch size:     8 | lm loss: 7.268033E+00 | loss scale: 1.0 | grad norm: 1.230 | number of skipped iterations:   0 | number of nan iterations:   0 |
Step Time : 0.33s GPU utilization: 31.0MODEL_TFLOP/s/GPU
 [2026-10-02 18:50:40] iteration       98/    1000 | consumed samples:          784 | elapsed time per iteration (ms): 330.3 | learning rate: 2.940000E-04 | global batch size:     8 | lm loss: 7.073617E+00 | loss scale: 1.0 | grad norm: 1.168 | number of skipped iterations:   0 | number of nan iterations:   0 |
Step Time : 0.33s GPU utilization: 30.9MODEL_TFLOP/s/GPU
 [2026-10-02 18:50:40] iteration       99/    1000 | consumed samples:          792 | elapsed time per iteration (ms): 331.4 | learning rate: 2.970000E-04 | global batch size:     8 | lm loss: 7.033879E+00 | loss scale: 1.0 | grad norm: 1.105 | number of skipped iterations:   0 | number of nan iterations:   0 |
Step Time : 0.33s GPU utilization: 30.9MODEL_TFLOP/s/GPU
 [2026-10-02 18:50:41] iteration      100/    1000 | consumed samples:          800 | elapsed time per iteration (ms): 331.2 | learning rate: 3.000000E-04 | global batch size:     8 | lm loss: 7.400886E+00 | loss scale: 1.0 | grad norm: 1.222 | number of skipped iterations:   0 | number of nan iterations:   0 |
Step Time : 0.78s GPU utilization: 13.1MODEL_TFLOP/s/GPU
 [2026-10-02 18:50:42] iteration      101/    1000 | consumed samples:          808 | elapsed time per iteration (ms): 780.5 | learning rate: 2.999992E-04 | global batch size:     8 | lm loss: 7.109743E+00 | loss scale: 1.0 | grad norm: 1.296 | number of skipped iterations:   0 | number of nan iterations:   0 |
Step Time : 0.33s GPU utilization: 30.9MODEL_TFLOP/s/GPU
 [2026-10-02 18:50:42] iteration      102/    1000 | consumed samples:          816 | elapsed time per iteration (ms): 331.2 | learning rate: 2.999967E-04 | global batch size:     8 | lm loss: 7.315948E+00 | loss scale: 1.0 | grad norm: 1.131 | number of skipped iterations:   0 | number of nan iterations:   0 |
Step Time : 0.33s GPU utilization: 30.8MODEL_TFLOP/s/GPU
 [2026-10-02 18:50:42] iteration      103/    1000 | consumed samples:          824 | elapsed time per iteration (ms): 331.4 | learning rate: 2.999926E-04 | global batch size:     8 | lm loss: 6.857211E+00 | loss scale: 1.0 | grad norm: 1.272 | number of skipped iterations:   0 | number of nan iterations:   0 |
Step Time : 0.33s GPU utilization: 30.9MODEL_TFLOP/s/GPU
 [2026-10-02 18:50:43] iteration      104/    1000 | consumed samples:          832 | elapsed time per iteration (ms): 331.1 | learning rate: 2.999868E-04 | global batch size:     8 | lm loss: 7.002147E+00 | loss scale: 1.0 | grad norm: 1.116 | number of skipped iterations:   0 | number of nan iterations:   0 |
Step Time : 0.33s GPU utilization: 30.8MODEL_TFLOP/s/GPU
 [2026-10-02 18:50:43] iteration      105/    1000 | consumed samples:          840 | elapsed time per iteration (ms): 331.5 | learning rate: 2.999794E-04 | global batch size:     8 | lm loss: 6.850679E+00 | loss scale: 1.0 | grad norm: 1.337 | number of skipped iterations:   0 | number of nan iterations:   0 |
Step Time : 0.33s GPU utilization: 30.8MODEL_TFLOP/s/GPU
 [2026-10-02 18:50:43] iteration      106/    1000 | consumed samples:          848 | elapsed time per iteration (ms): 331.6 | learning rate: 2.999704E-04 | global batch size:     8 | lm loss: 6.813384E+00 | loss scale: 1.0 | grad norm: 1.058 | number of skipped iterations:   0 | number of nan iterations:   0 |
Step Time : 0.33s GPU utilization: 30.8MODEL_TFLOP/s/GPU
 [2026-10-02 18:50:44] iteration      107/    1000 | consumed samples:          856 | elapsed time per iteration (ms): 331.8 | learning rate: 2.999597E-04 | global batch size:     8 | lm loss: 7.065494E+00 | loss scale: 1.0 | grad norm: 1.217 | number of skipped iterations:   0 | number of nan iterations:   0 |
Step Time : 0.33s GPU utilization: 30.8MODEL_TFLOP/s/GPU
 [2026-10-02 18:50:44] iteration      108/    1000 | consumed samples:          864 | elapsed time per iteration (ms): 332.0 | learning rate: 2.999474E-04 | global batch size:     8 | lm loss: 7.032582E+00 | loss scale: 1.0 | grad norm: 1.411 | number of skipped iterations:   0 | number of nan iterations:   0 |
Step Time : 0.33s GPU utilization: 30.8MODEL_TFLOP/s/GPU
 [2026-10-02 18:50:44] iteration      109/    1000 | consumed samples:          872 | elapsed time per iteration (ms): 332.5 | learning rate: 2.999334E-04 | global batch size:     8 | lm loss: 6.715693E+00 | loss scale: 1.0 | grad norm: 0.990 | number of skipped iterations:   0 | number of nan iterations:   0 |
Step Time : 0.33s GPU utilization: 30.8MODEL_TFLOP/s/GPU
 [2026-10-02 18:50:45] iteration      110/    1000 | consumed samples:          880 | elapsed time per iteration (ms): 331.7 | learning rate: 2.999178E-04 | global batch size:     8 | lm loss: 6.981893E+00 | loss scale: 1.0 | grad norm: 1.191 | number of skipped iterations:   0 | number of nan iterations:   0 |
Step Time : 0.33s GPU utilization: 30.9MODEL_TFLOP/s/GPU
 [2026-10-02 18:50:45] iteration      111/    1000 | consumed samples:          888 | elapsed time per iteration (ms): 331.2 | learning rate: 2.999005E-04 | global batch size:     8 | lm loss: 6.970468E+00 | loss scale: 1.0 | grad norm: 0.996 | number of skipped iterations:   0 | number of nan iterations:   0 |
Step Time : 0.33s GPU utilization: 30.9MODEL_TFLOP/s/GPU
 [2026-10-02 18:50:45] iteration      112/    1000 | consumed samples:          896 | elapsed time per iteration (ms): 331.1 | learning rate: 2.998816E-04 | global batch size:     8 | lm loss: 7.224842E+00 | loss scale: 1.0 | grad norm: 1.297 | number of skipped iterations:   0 | number of nan iterations:   0 |
Step Time : 0.33s GPU utilization: 30.9MODEL_TFLOP/s/GPU
 [2026-10-02 18:50:46] iteration      113/    1000 | consumed samples:          904 | elapsed time per iteration (ms): 331.4 | learning rate: 2.998610E-04 | global batch size:     8 | lm loss: 7.065029E+00 | loss scale: 1.0 | grad norm: 1.239 | number of skipped iterations:   0 | number of nan iterations:   0 |
Step Time : 0.33s GPU utilization: 30.8MODEL_TFLOP/s/GPU
 [2026-10-02 18:50:46] iteration      114/    1000 | consumed samples:          912 | elapsed time per iteration (ms): 331.6 | learning rate: 2.998388E-04 | global batch size:     8 | lm loss: 6.518389E+00 | loss scale: 1.0 | grad norm: 1.109 | number of skipped iterations:   0 | number of nan iterations:   0 |
Step Time : 0.33s GPU utilization: 30.9MODEL_TFLOP/s/GPU
 [2026-10-02 18:50:46] iteration      115/    1000 | consumed samples:          920 | elapsed time per iteration (ms): 331.4 | learning rate: 2.998150E-04 | global batch size:     8 | lm loss: 6.911154E+00 | loss scale: 1.0 | grad norm: 1.265 | number of skipped iterations:   0 | number of nan iterations:   0 |
Step Time : 0.33s GPU utilization: 30.8MODEL_TFLOP/s/GPU
 [2026-10-02 18:50:47] iteration      116/    1000 | consumed samples:          928 | elapsed time per iteration (ms): 331.5 | learning rate: 2.997895E-04 | global batch size:     8 | lm loss: 6.920633E+00 | loss scale: 1.0 | grad norm: 1.155 | number of skipped iterations:   0 | number of nan iterations:   0 |
Step Time : 0.33s GPU utilization: 30.8MODEL_TFLOP/s/GPU
 [2026-10-02 18:50:47] iteration      117/    1000 | consumed samples:          936 | elapsed time per iteration (ms): 331.6 | learning rate: 2.997624E-04 | global batch size:     8 | lm loss: 6.976054E+00 | loss scale: 1.0 | grad norm: 1.176 | number of skipped iterations:   0 | number of nan iterations:   0 |
Step Time : 0.33s GPU utilization: 30.8MODEL_TFLOP/s/GPU
 [2026-10-02 18:50:47] iteration      118/    1000 | consumed samples:          944 | elapsed time per iteration (ms): 331.8 | learning rate: 2.997336E-04 | global batch size:     8 | lm loss: 6.832994E+00 | loss scale: 1.0 | grad norm: 1.363 | number of skipped iterations:   0 | number of nan iterations:   0 |
Step Time : 0.33s GPU utilization: 30.9MODEL_TFLOP/s/GPU
 [2026-10-02 18:50:48] iteration      119/    1000 | consumed samples:          952 | elapsed time per iteration (ms): 330.4 | learning rate: 2.997032E-04 | global batch size:     8 | lm loss: 6.572302E+00 | loss scale: 1.0 | grad norm: 1.188 | number of skipped iterations:   0 | number of nan iterations:   0 |
Step Time : 0.33s GPU utilization: 30.9MODEL_TFLOP/s/GPU
 [2026-10-02 18:50:48] iteration      120/    1000 | consumed samples:          960 | elapsed time per iteration (ms): 330.9 | learning rate: 2.996711E-04 | global batch size:     8 | lm loss: 7.046174E+00 | loss scale: 1.0 | grad norm: 1.617 | number of skipped iterations:   0 | number of nan iterations:   0 |
Step Time : 0.33s GPU utilization: 30.9MODEL_TFLOP/s/GPU
 [2026-10-02 18:50:48] iteration      121/    1000 | consumed samples:          968 | elapsed time per iteration (ms): 331.0 | learning rate: 2.996375E-04 | global batch size:     8 | lm loss: 7.000039E+00 | loss scale: 1.0 | grad norm: 1.436 | number of skipped iterations:   0 | number of nan iterations:   0 |
Step Time : 0.33s GPU utilization: 30.8MODEL_TFLOP/s/GPU
 [2026-10-02 18:50:49] iteration      122/    1000 | consumed samples:          976 | elapsed time per iteration (ms): 331.4 | learning rate: 2.996021E-04 | global batch size:     8 | lm loss: 6.608925E+00 | loss scale: 1.0 | grad norm: 1.085 | number of skipped iterations:   0 | number of nan iterations:   0 |
Step Time : 0.33s GPU utilization: 30.8MODEL_TFLOP/s/GPU
 [2026-10-02 18:50:49] iteration      123/    1000 | consumed samples:          984 | elapsed time per iteration (ms): 331.7 | learning rate: 2.995651E-04 | global batch size:     8 | lm loss: 7.021226E+00 | loss scale: 1.0 | grad norm: 1.182 | number of skipped iterations:   0 | number of nan iterations:   0 |
Step Time : 0.33s GPU utilization: 30.8MODEL_TFLOP/s/GPU
 [2026-10-02 18:50:49] iteration      124/    1000 | consumed samples:          992 | elapsed time per iteration (ms): 331.4 | learning rate: 2.995265E-04 | global batch size:     8 | lm loss: 6.856167E+00 | loss scale: 1.0 | grad norm: 1.173 | number of skipped iterations:   0 | number of nan iterations:   0 |
Step Time : 0.33s GPU utilization: 30.9MODEL_TFLOP/s/GPU
 [2026-10-02 18:50:50] iteration      125/    1000 | consumed samples:         1000 | elapsed time per iteration (ms): 331.2 | learning rate: 2.994863E-04 | global batch size:     8 | lm loss: 6.775347E+00 | loss scale: 1.0 | grad norm: 1.067 | number of skipped iterations:   0 | number of nan iterations:   0 |
Step Time : 0.33s GPU utilization: 30.9MODEL_TFLOP/s/GPU
 [2026-10-02 18:50:50] iteration      126/    1000 | consumed samples:         1008 | elapsed time per iteration (ms): 331.4 | learning rate: 2.994444E-04 | global batch size:     8 | lm loss: 6.682358E+00 | loss scale: 1.0 | grad norm: 0.998 | number of skipped iterations:   0 | number of nan iterations:   0 |
Step Time : 0.33s GPU utilization: 30.9MODEL_TFLOP/s/GPU
 [2026-10-02 18:50:50] iteration      127/    1000 | consumed samples:         1016 | elapsed time per iteration (ms): 331.4 | learning rate: 2.994009E-04 | global batch size:     8 | lm loss: 6.861066E+00 | loss scale: 1.0 | grad norm: 1.114 | number of skipped iterations:   0 | number of nan iterations:   0 |
Step Time : 0.33s GPU utilization: 30.9MODEL_TFLOP/s/GPU
 [2026-10-02 18:50:51] iteration      128/    1000 | consumed samples:         1024 | elapsed time per iteration (ms): 330.9 | learning rate: 2.993557E-04 | global batch size:     8 | lm loss: 7.068758E+00 | loss scale: 1.0 | grad norm: 1.111 | number of skipped iterations:   0 | number of nan iterations:   0 |
Step Time : 0.33s GPU utilization: 30.9MODEL_TFLOP/s/GPU
 [2026-10-02 18:50:51] iteration      129/    1000 | consumed samples:         1032 | elapsed time per iteration (ms): 331.3 | learning rate: 2.993089E-04 | global batch size:     8 | lm loss: 7.116916E+00 | loss scale: 1.0 | grad norm: 1.172 | number of skipped iterations:   0 | number of nan iterations:   0 |
Step Time : 0.33s GPU utilization: 30.8MODEL_TFLOP/s/GPU
 [2026-10-02 18:50:51] iteration      130/    1000 | consumed samples:         1040 | elapsed time per iteration (ms): 331.6 | learning rate: 2.992605E-04 | global batch size:     8 | lm loss: 6.729895E+00 | loss scale: 1.0 | grad norm: 1.294 | number of skipped iterations:   0 | number of nan iterations:   0 |
Step Time : 0.33s GPU utilization: 30.9MODEL_TFLOP/s/GPU
 [2026-10-02 18:50:52] iteration      131/    1000 | consumed samples:         1048 | elapsed time per iteration (ms): 331.2 | learning rate: 2.992104E-04 | global batch size:     8 | lm loss: 7.097021E+00 | loss scale: 1.0 | grad norm: 1.217 | number of skipped iterations:   0 | number of nan iterations:   0 |
Step Time : 0.33s GPU utilization: 30.8MODEL_TFLOP/s/GPU
 [2026-10-02 18:50:52] iteration      132/    1000 | consumed samples:         1056 | elapsed time per iteration (ms): 331.5 | learning rate: 2.991587E-04 | global batch size:     8 | lm loss: 6.798389E+00 | loss scale: 1.0 | grad norm: 1.093 | number of skipped iterations:   0 | number of nan iterations:   0 |
Step Time : 0.33s GPU utilization: 30.9MODEL_TFLOP/s/GPU
 [2026-10-02 18:50:52] iteration      133/    1000 | consumed samples:         1064 | elapsed time per iteration (ms): 331.2 | learning rate: 2.991053E-04 | global batch size:     8 | lm loss: 6.542884E+00 | loss scale: 1.0 | grad norm: 0.963 | number of skipped iterations:   0 | number of nan iterations:   0 |
Step Time : 0.33s GPU utilization: 30.9MODEL_TFLOP/s/GPU
 [2026-10-02 18:50:52] iteration      134/    1000 | consumed samples:         1072 | elapsed time per iteration (ms): 331.3 | learning rate: 2.990504E-04 | global batch size:     8 | lm loss: 6.899873E+00 | loss scale: 1.0 | grad norm: 1.268 | number of skipped iterations:   0 | number of nan iterations:   0 |
Step Time : 0.33s GPU utilization: 30.9MODEL_TFLOP/s/GPU
 [2026-10-02 18:50:53] iteration      135/    1000 | consumed samples:         1080 | elapsed time per iteration (ms): 331.2 | learning rate: 2.989937E-04 | global batch size:     8 | lm loss: 6.870130E+00 | loss scale: 1.0 | grad norm: 1.135 | number of skipped iterations:   0 | number of nan iterations:   0 |
Step Time : 0.33s GPU utilization: 30.9MODEL_TFLOP/s/GPU
 [2026-10-02 18:50:53] iteration      136/    1000 | consumed samples:         1088 | elapsed time per iteration (ms): 330.8 | learning rate: 2.989355E-04 | global batch size:     8 | lm loss: 7.033132E+00 | loss scale: 1.0 | grad norm: 0.992 | number of skipped iterations:   0 | number of nan iterations:   0 |
Step Time : 0.33s GPU utilization: 30.9MODEL_TFLOP/s/GPU
 [2026-10-02 18:50:53] iteration      137/    1000 | consumed samples:         1096 | elapsed time per iteration (ms): 330.9 | learning rate: 2.988756E-04 | global batch size:     8 | lm loss: 6.849167E+00 | loss scale: 1.0 | grad norm: 0.977 | number of skipped iterations:   0 | number of nan iterations:   0 |
Step Time : 0.33s GPU utilization: 30.9MODEL_TFLOP/s/GPU
 [2026-10-02 18:50:54] iteration      138/    1000 | consumed samples:         1104 | elapsed time per iteration (ms): 331.0 | learning rate: 2.988141E-04 | global batch size:     8 | lm loss: 6.768047E+00 | loss scale: 1.0 | grad norm: 0.979 | number of skipped iterations:   0 | number of nan iterations:   0 |
Step Time : 0.33s GPU utilization: 30.8MODEL_TFLOP/s/GPU
 [2026-10-02 18:50:54] iteration      139/    1000 | consumed samples:         1112 | elapsed time per iteration (ms): 331.7 | learning rate: 2.987510E-04 | global batch size:     8 | lm loss: 6.908367E+00 | loss scale: 1.0 | grad norm: 0.941 | number of skipped iterations:   0 | number of nan iterations:   0 |
Step Time : 0.33s GPU utilization: 30.9MODEL_TFLOP/s/GPU
 [2026-10-02 18:50:54] iteration      140/    1000 | consumed samples:         1120 | elapsed time per iteration (ms): 331.2 | learning rate: 2.986862E-04 | global batch size:     8 | lm loss: 6.947813E+00 | loss scale: 1.0 | grad norm: 1.052 | number of skipped iterations:   0 | number of nan iterations:   0 |
Step Time : 0.33s GPU utilization: 30.9MODEL_TFLOP/s/GPU
 [2026-10-02 18:50:55] iteration      141/    1000 | consumed samples:         1128 | elapsed time per iteration (ms): 330.5 | learning rate: 2.986198E-04 | global batch size:     8 | lm loss: 6.654801E+00 | loss scale: 1.0 | grad norm: 1.017 | number of skipped iterations:   0 | number of nan iterations:   0 |
Step Time : 0.33s GPU utilization: 30.8MODEL_TFLOP/s/GPU
 [2026-10-02 18:50:55] iteration      142/    1000 | consumed samples:         1136 | elapsed time per iteration (ms): 331.4 | learning rate: 2.985518E-04 | global batch size:     8 | lm loss: 6.747561E+00 | loss scale: 1.0 | grad norm: 0.911 | number of skipped iterations:   0 | number of nan iterations:   0 |
Step Time : 0.33s GPU utilization: 30.9MODEL_TFLOP/s/GPU
 [2026-10-02 18:50:55] iteration      143/    1000 | consumed samples:         1144 | elapsed time per iteration (ms): 331.1 | learning rate: 2.984821E-04 | global batch size:     8 | lm loss: 6.629621E+00 | loss scale: 1.0 | grad norm: 1.051 | number of skipped iterations:   0 | number of nan iterations:   0 |
Step Time : 0.33s GPU utilization: 30.8MODEL_TFLOP/s/GPU
 [2026-10-02 18:50:56] iteration      144/    1000 | consumed samples:         1152 | elapsed time per iteration (ms): 331.5 | learning rate: 2.984108E-04 | global batch size:     8 | lm loss: 7.018410E+00 | loss scale: 1.0 | grad norm: 2.452 | number of skipped iterations:   0 | number of nan iterations:   0 |
Step Time : 0.33s GPU utilization: 30.8MODEL_TFLOP/s/GPU
 [2026-10-02 18:50:56] iteration      145/    1000 | consumed samples:         1160 | elapsed time per iteration (ms): 331.5 | learning rate: 2.983379E-04 | global batch size:     8 | lm loss: 6.782378E+00 | loss scale: 1.0 | grad norm: 1.159 | number of skipped iterations:   0 | number of nan iterations:   0 |
Step Time : 0.33s GPU utilization: 30.9MODEL_TFLOP/s/GPU
 [2026-10-02 18:50:56] iteration      146/    1000 | consumed samples:         1168 | elapsed time per iteration (ms): 331.0 | learning rate: 2.982634E-04 | global batch size:     8 | lm loss: 6.976229E+00 | loss scale: 1.0 | grad norm: 0.942 | number of skipped iterations:   0 | number of nan iterations:   0 |
Step Time : 0.33s GPU utilization: 30.8MODEL_TFLOP/s/GPU
 [2026-10-02 18:50:57] iteration      147/    1000 | consumed samples:         1176 | elapsed time per iteration (ms): 331.6 | learning rate: 2.981873E-04 | global batch size:     8 | lm loss: 6.831911E+00 | loss scale: 1.0 | grad norm: 0.941 | number of skipped iterations:   0 | number of nan iterations:   0 |
Step Time : 0.33s GPU utilization: 30.9MODEL_TFLOP/s/GPU
 [2026-10-02 18:50:57] iteration      148/    1000 | consumed samples:         1184 | elapsed time per iteration (ms): 331.3 | learning rate: 2.981095E-04 | global batch size:     8 | lm loss: 6.736042E+00 | loss scale: 1.0 | grad norm: 1.079 | number of skipped iterations:   0 | number of nan iterations:   0 |
Step Time : 0.33s GPU utilization: 30.8MODEL_TFLOP/s/GPU
 [2026-10-02 18:50:57] iteration      149/    1000 | consumed samples:         1192 | elapsed time per iteration (ms): 331.7 | learning rate: 2.980301E-04 | global batch size:     8 | lm loss: 6.767595E+00 | loss scale: 1.0 | grad norm: 0.992 | number of skipped iterations:   0 | number of nan iterations:   0 |
Step Time : 0.33s GPU utilization: 30.9MODEL_TFLOP/s/GPU
 [2026-10-02 18:50:58] iteration      150/    1000 | consumed samples:         1200 | elapsed time per iteration (ms): 331.2 | learning rate: 2.979490E-04 | global batch size:     8 | lm loss: 7.021650E+00 | loss scale: 1.0 | grad norm: 1.026 | number of skipped iterations:   0 | number of nan iterations:   0 |
Step Time : 0.33s GPU utilization: 30.9MODEL_TFLOP/s/GPU
 [2026-10-02 18:50:58] iteration      151/    1000 | consumed samples:         1208 | elapsed time per iteration (ms): 331.4 | learning rate: 2.978664E-04 | global batch size:     8 | lm loss: 7.084430E+00 | loss scale: 1.0 | grad norm: 1.065 | number of skipped iterations:   0 | number of nan iterations:   0 |
Step Time : 0.33s GPU utilization: 30.8MODEL_TFLOP/s/GPU
 [2026-10-02 18:50:58] iteration      152/    1000 | consumed samples:         1216 | elapsed time per iteration (ms): 331.5 | learning rate: 2.977822E-04 | global batch size:     8 | lm loss: 7.077002E+00 | loss scale: 1.0 | grad norm: 1.335 | number of skipped iterations:   0 | number of nan iterations:   0 |
Step Time : 0.33s GPU utilization: 30.9MODEL_TFLOP/s/GPU
 [2026-10-02 18:50:59] iteration      153/    1000 | consumed samples:         1224 | elapsed time per iteration (ms): 331.2 | learning rate: 2.976963E-04 | global batch size:     8 | lm loss: 6.625158E+00 | loss scale: 1.0 | grad norm: 0.951 | number of skipped iterations:   0 | number of nan iterations:   0 |
Step Time : 0.33s GPU utilization: 30.9MODEL_TFLOP/s/GPU
 [2026-10-02 18:50:59] iteration      154/    1000 | consumed samples:         1232 | elapsed time per iteration (ms): 331.0 | learning rate: 2.976088E-04 | global batch size:     8 | lm loss: 6.594316E+00 | loss scale: 1.0 | grad norm: 0.933 | number of skipped iterations:   0 | number of nan iterations:   0 |
Step Time : 0.33s GPU utilization: 30.9MODEL_TFLOP/s/GPU
 [2026-10-02 18:50:59] iteration      155/    1000 | consumed samples:         1240 | elapsed time per iteration (ms): 330.8 | learning rate: 2.975197E-04 | global batch size:     8 | lm loss: 6.679858E+00 | loss scale: 1.0 | grad norm: 0.973 | number of skipped iterations:   0 | number of nan iterations:   0 |
Step Time : 0.33s GPU utilization: 30.9MODEL_TFLOP/s/GPU
 [2026-10-02 18:51:00] iteration      156/    1000 | consumed samples:         1248 | elapsed time per iteration (ms): 331.2 | learning rate: 2.974290E-04 | global batch size:     8 | lm loss: 6.635632E+00 | loss scale: 1.0 | grad norm: 0.920 | number of skipped iterations:   0 | number of nan iterations:   0 |
Step Time : 0.33s GPU utilization: 30.9MODEL_TFLOP/s/GPU
 [2026-10-02 18:51:00] iteration      157/    1000 | consumed samples:         1256 | elapsed time per iteration (ms): 330.5 | learning rate: 2.973366E-04 | global batch size:     8 | lm loss: 6.657645E+00 | loss scale: 1.0 | grad norm: 1.021 | number of skipped iterations:   0 | number of nan iterations:   0 |
Step Time : 0.33s GPU utilization: 30.9MODEL_TFLOP/s/GPU
 [2026-10-02 18:51:00] iteration      158/    1000 | consumed samples:         1264 | elapsed time per iteration (ms): 331.1 | learning rate: 2.972427E-04 | global batch size:     8 | lm loss: 6.705487E+00 | loss scale: 1.0 | grad norm: 1.058 | number of skipped iterations:   0 | number of nan iterations:   0 |
Step Time : 0.33s GPU utilization: 30.9MODEL_TFLOP/s/GPU
 [2026-10-02 18:51:01] iteration      159/    1000 | consumed samples:         1272 | elapsed time per iteration (ms): 331.1 | learning rate: 2.971471E-04 | global batch size:     8 | lm loss: 6.629483E+00 | loss scale: 1.0 | grad norm: 1.018 | number of skipped iterations:   0 | number of nan iterations:   0 |
Step Time : 0.33s GPU utilization: 30.8MODEL_TFLOP/s/GPU
 [2026-10-02 18:51:01] iteration      160/    1000 | consumed samples:         1280 | elapsed time per iteration (ms): 331.8 | learning rate: 2.970499E-04 | global batch size:     8 | lm loss: 6.456497E+00 | loss scale: 1.0 | grad norm: 0.847 | number of skipped iterations:   0 | number of nan iterations:   0 |
Step Time : 0.33s GPU utilization: 30.9MODEL_TFLOP/s/GPU
 [2026-10-02 18:51:01] iteration      161/    1000 | consumed samples:         1288 | elapsed time per iteration (ms): 331.0 | learning rate: 2.969512E-04 | global batch size:     8 | lm loss: 6.721404E+00 | loss scale: 1.0 | grad norm: 0.959 | number of skipped iterations:   0 | number of nan iterations:   0 |
Step Time : 0.33s GPU utilization: 30.9MODEL_TFLOP/s/GPU
 [2026-10-02 18:51:02] iteration      162/    1000 | consumed samples:         1296 | elapsed time per iteration (ms): 331.0 | learning rate: 2.968507E-04 | global batch size:     8 | lm loss: 6.776142E+00 | loss scale: 1.0 | grad norm: 0.981 | number of skipped iterations:   0 | number of nan iterations:   0 |
Step Time : 0.33s GPU utilization: 30.9MODEL_TFLOP/s/GPU
 [2026-10-02 18:51:02] iteration      163/    1000 | consumed samples:         1304 | elapsed time per iteration (ms): 331.1 | learning rate: 2.967488E-04 | global batch size:     8 | lm loss: 6.406403E+00 | loss scale: 1.0 | grad norm: 0.977 | number of skipped iterations:   0 | number of nan iterations:   0 |
Step Time : 0.33s GPU utilization: 30.9MODEL_TFLOP/s/GPU
 [2026-10-02 18:51:02] iteration      164/    1000 | consumed samples:         1312 | elapsed time per iteration (ms): 331.1 | learning rate: 2.966452E-04 | global batch size:     8 | lm loss: 6.750807E+00 | loss scale: 1.0 | grad norm: 0.862 | number of skipped iterations:   0 | number of nan iterations:   0 |
Step Time : 0.33s GPU utilization: 30.9MODEL_TFLOP/s/GPU
 [2026-10-02 18:51:03] iteration      165/    1000 | consumed samples:         1320 | elapsed time per iteration (ms): 331.1 | learning rate: 2.965399E-04 | global batch size:     8 | lm loss: 6.566334E+00 | loss scale: 1.0 | grad norm: 0.935 | number of skipped iterations:   0 | number of nan iterations:   0 |
Step Time : 0.33s GPU utilization: 30.8MODEL_TFLOP/s/GPU
 [2026-10-02 18:51:03] iteration      166/    1000 | consumed samples:         1328 | elapsed time per iteration (ms): 331.8 | learning rate: 2.964332E-04 | global batch size:     8 | lm loss: 6.712276E+00 | loss scale: 1.0 | grad norm: 1.037 | number of skipped iterations:   0 | number of nan iterations:   0 |
Step Time : 0.33s GPU utilization: 30.9MODEL_TFLOP/s/GPU
 [2026-10-02 18:51:03] iteration      167/    1000 | consumed samples:         1336 | elapsed time per iteration (ms): 331.4 | learning rate: 2.963248E-04 | global batch size:     8 | lm loss: 6.736885E+00 | loss scale: 1.0 | grad norm: 0.970 | number of skipped iterations:   0 | number of nan iterations:   0 |
Step Time : 0.33s GPU utilization: 30.9MODEL_TFLOP/s/GPU
 [2026-10-02 18:51:04] iteration      168/    1000 | consumed samples:         1344 | elapsed time per iteration (ms): 331.0 | learning rate: 2.962147E-04 | global batch size:     8 | lm loss: 6.709053E+00 | loss scale: 1.0 | grad norm: 1.081 | number of skipped iterations:   0 | number of nan iterations:   0 |
Step Time : 0.33s GPU utilization: 30.8MODEL_TFLOP/s/GPU
 [2026-10-02 18:51:04] iteration      169/    1000 | consumed samples:         1352 | elapsed time per iteration (ms): 331.8 | learning rate: 2.961031E-04 | global batch size:     8 | lm loss: 7.063592E+00 | loss scale: 1.0 | grad norm: 1.091 | number of skipped iterations:   0 | number of nan iterations:   0 |
Step Time : 0.33s GPU utilization: 30.8MODEL_TFLOP/s/GPU
 [2026-10-02 18:51:04] iteration      170/    1000 | consumed samples:         1360 | elapsed time per iteration (ms): 331.7 | learning rate: 2.959899E-04 | global batch size:     8 | lm loss: 6.569777E+00 | loss scale: 1.0 | grad norm: 0.930 | number of skipped iterations:   0 | number of nan iterations:   0 |
Step Time : 0.33s GPU utilization: 30.9MODEL_TFLOP/s/GPU
 [2026-10-02 18:51:05] iteration      171/    1000 | consumed samples:         1368 | elapsed time per iteration (ms): 331.2 | learning rate: 2.958751E-04 | global batch size:     8 | lm loss: 6.581760E+00 | loss scale: 1.0 | grad norm: 1.208 | number of skipped iterations:   0 | number of nan iterations:   0 |
Step Time : 0.33s GPU utilization: 30.9MODEL_TFLOP/s/GPU
 [2026-10-02 18:51:05] iteration      172/    1000 | consumed samples:         1376 | elapsed time per iteration (ms): 330.9 | learning rate: 2.957587E-04 | global batch size:     8 | lm loss: 6.573701E+00 | loss scale: 1.0 | grad norm: 0.963 | number of skipped iterations:   0 | number of nan iterations:   0 |
Step Time : 0.33s GPU utilization: 30.8MODEL_TFLOP/s/GPU
 [2026-10-02 18:51:05] iteration      173/    1000 | consumed samples:         1384 | elapsed time per iteration (ms): 331.6 | learning rate: 2.956407E-04 | global batch size:     8 | lm loss: 6.622074E+00 | loss scale: 1.0 | grad norm: 1.022 | number of skipped iterations:   0 | number of nan iterations:   0 |
Step Time : 0.33s GPU utilization: 30.8MODEL_TFLOP/s/GPU
 [2026-10-02 18:51:06] iteration      174/    1000 | consumed samples:         1392 | elapsed time per iteration (ms): 332.0 | learning rate: 2.955212E-04 | global batch size:     8 | lm loss: 6.771952E+00 | loss scale: 1.0 | grad norm: 0.966 | number of skipped iterations:   0 | number of nan iterations:   0 |
Step Time : 0.33s GPU utilization: 30.9MODEL_TFLOP/s/GPU
 [2026-10-02 18:51:06] iteration      175/    1000 | consumed samples:         1400 | elapsed time per iteration (ms): 331.1 | learning rate: 2.954000E-04 | global batch size:     8 | lm loss: 6.682258E+00 | loss scale: 1.0 | grad norm: 0.900 | number of skipped iterations:   0 | number of nan iterations:   0 |
Step Time : 0.33s GPU utilization: 30.9MODEL_TFLOP/s/GPU
 [2026-10-02 18:51:06] iteration      176/    1000 | consumed samples:         1408 | elapsed time per iteration (ms): 331.3 | learning rate: 2.952772E-04 | global batch size:     8 | lm loss: 6.546439E+00 | loss scale: 1.0 | grad norm: 0.964 | number of skipped iterations:   0 | number of nan iterations:   0 |
Step Time : 0.33s GPU utilization: 30.9MODEL_TFLOP/s/GPU
 [2026-10-02 18:51:07] iteration      177/    1000 | consumed samples:         1416 | elapsed time per iteration (ms): 331.1 | learning rate: 2.951529E-04 | global batch size:     8 | lm loss: 6.683574E+00 | loss scale: 1.0 | grad norm: 0.930 | number of skipped iterations:   0 | number of nan iterations:   0 |
Step Time : 0.33s GPU utilization: 30.9MODEL_TFLOP/s/GPU
 [2026-10-02 18:51:07] iteration      178/    1000 | consumed samples:         1424 | elapsed time per iteration (ms): 331.3 | learning rate: 2.950270E-04 | global batch size:     8 | lm loss: 6.556651E+00 | loss scale: 1.0 | grad norm: 0.870 | number of skipped iterations:   0 | number of nan iterations:   0 |
Step Time : 0.33s GPU utilization: 30.9MODEL_TFLOP/s/GPU
 [2026-10-02 18:51:07] iteration      179/    1000 | consumed samples:         1432 | elapsed time per iteration (ms): 330.7 | learning rate: 2.948994E-04 | global batch size:     8 | lm loss: 6.950007E+00 | loss scale: 1.0 | grad norm: 1.049 | number of skipped iterations:   0 | number of nan iterations:   0 |
Step Time : 0.33s GPU utilization: 30.9MODEL_TFLOP/s/GPU
 [2026-10-02 18:51:08] iteration      180/    1000 | consumed samples:         1440 | elapsed time per iteration (ms): 331.2 | learning rate: 2.947703E-04 | global batch size:     8 | lm loss: 6.413862E+00 | loss scale: 1.0 | grad norm: 0.875 | number of skipped iterations:   0 | number of nan iterations:   0 |
Step Time : 0.33s GPU utilization: 30.9MODEL_TFLOP/s/GPU
 [2026-10-02 18:51:08] iteration      181/    1000 | consumed samples:         1448 | elapsed time per iteration (ms): 331.2 | learning rate: 2.946396E-04 | global batch size:     8 | lm loss: 6.631515E+00 | loss scale: 1.0 | grad norm: 1.209 | number of skipped iterations:   0 | number of nan iterations:   0 |
Step Time : 0.33s GPU utilization: 30.8MODEL_TFLOP/s/GPU
 [2026-10-02 18:51:08] iteration      182/    1000 | consumed samples:         1456 | elapsed time per iteration (ms): 331.5 | learning rate: 2.945074E-04 | global batch size:     8 | lm loss: 6.403521E+00 | loss scale: 1.0 | grad norm: 0.982 | number of skipped iterations:   0 | number of nan iterations:   0 |
Step Time : 0.33s GPU utilization: 30.8MODEL_TFLOP/s/GPU
 [2026-10-02 18:51:09] iteration      183/    1000 | consumed samples:         1464 | elapsed time per iteration (ms): 331.4 | learning rate: 2.943735E-04 | global batch size:     8 | lm loss: 7.063057E+00 | loss scale: 1.0 | grad norm: 1.196 | number of skipped iterations:   0 | number of nan iterations:   0 |
Step Time : 0.33s GPU utilization: 30.9MODEL_TFLOP/s/GPU
 [2026-10-02 18:51:09] iteration      184/    1000 | consumed samples:         1472 | elapsed time per iteration (ms): 330.9 | learning rate: 2.942381E-04 | global batch size:     8 | lm loss: 6.688198E+00 | loss scale: 1.0 | grad norm: 1.128 | number of skipped iterations:   0 | number of nan iterations:   0 |
Step Time : 0.33s GPU utilization: 30.9MODEL_TFLOP/s/GPU
 [2026-10-02 18:51:09] iteration      185/    1000 | consumed samples:         1480 | elapsed time per iteration (ms): 331.0 | learning rate: 2.941011E-04 | global batch size:     8 | lm loss: 6.613185E+00 | loss scale: 1.0 | grad norm: 1.081 | number of skipped iterations:   0 | number of nan iterations:   0 |
Step Time : 0.33s GPU utilization: 30.8MODEL_TFLOP/s/GPU
 [2026-10-02 18:51:10] iteration      186/    1000 | consumed samples:         1488 | elapsed time per iteration (ms): 331.8 | learning rate: 2.939626E-04 | global batch size:     8 | lm loss: 6.735164E+00 | loss scale: 1.0 | grad norm: 0.956 | number of skipped iterations:   0 | number of nan iterations:   0 |
Step Time : 0.33s GPU utilization: 30.9MODEL_TFLOP/s/GPU
 [2026-10-02 18:51:10] iteration      187/    1000 | consumed samples:         1496 | elapsed time per iteration (ms): 331.4 | learning rate: 2.938224E-04 | global batch size:     8 | lm loss: 6.972648E+00 | loss scale: 1.0 | grad norm: 1.180 | number of skipped iterations:   0 | number of nan iterations:   0 |
Step Time : 0.33s GPU utilization: 30.8MODEL_TFLOP/s/GPU
 [2026-10-02 18:51:10] iteration      188/    1000 | consumed samples:         1504 | elapsed time per iteration (ms): 332.2 | learning rate: 2.936807E-04 | global batch size:     8 | lm loss: 6.513695E+00 | loss scale: 1.0 | grad norm: 1.063 | number of skipped iterations:   0 | number of nan iterations:   0 |
Step Time : 0.33s GPU utilization: 30.9MODEL_TFLOP/s/GPU
 [2026-10-02 18:51:11] iteration      189/    1000 | consumed samples:         1512 | elapsed time per iteration (ms): 331.1 | learning rate: 2.935375E-04 | global batch size:     8 | lm loss: 6.455700E+00 | loss scale: 1.0 | grad norm: 1.196 | number of skipped iterations:   0 | number of nan iterations:   0 |
Step Time : 0.33s GPU utilization: 30.8MODEL_TFLOP/s/GPU
 [2026-10-02 18:51:11] iteration      190/    1000 | consumed samples:         1520 | elapsed time per iteration (ms): 331.5 | learning rate: 2.933926E-04 | global batch size:     8 | lm loss: 6.687281E+00 | loss scale: 1.0 | grad norm: 1.017 | number of skipped iterations:   0 | number of nan iterations:   0 |
Step Time : 0.33s GPU utilization: 30.9MODEL_TFLOP/s/GPU
 [2026-10-02 18:51:11] iteration      191/    1000 | consumed samples:         1528 | elapsed time per iteration (ms): 331.4 | learning rate: 2.932462E-04 | global batch size:     8 | lm loss: 6.267594E+00 | loss scale: 1.0 | grad norm: 0.969 | number of skipped iterations:   0 | number of nan iterations:   0 |
Step Time : 0.33s GPU utilization: 30.8MODEL_TFLOP/s/GPU
 [2026-10-02 18:51:12] iteration      192/    1000 | consumed samples:         1536 | elapsed time per iteration (ms): 331.7 | learning rate: 2.930983E-04 | global batch size:     8 | lm loss: 7.328334E+00 | loss scale: 1.0 | grad norm: 1.962 | number of skipped iterations:   0 | number of nan iterations:   0 |
Step Time : 0.33s GPU utilization: 30.8MODEL_TFLOP/s/GPU
 [2026-10-02 18:51:12] iteration      193/    1000 | consumed samples:         1544 | elapsed time per iteration (ms): 331.5 | learning rate: 2.929487E-04 | global batch size:     8 | lm loss: 6.543680E+00 | loss scale: 1.0 | grad norm: 1.268 | number of skipped iterations:   0 | number of nan iterations:   0 |
Step Time : 0.33s GPU utilization: 30.7MODEL_TFLOP/s/GPU
 [2026-10-02 18:51:12] iteration      194/    1000 | consumed samples:         1552 | elapsed time per iteration (ms): 332.7 | learning rate: 2.927977E-04 | global batch size:     8 | lm loss: 6.674429E+00 | loss scale: 1.0 | grad norm: 1.492 | number of skipped iterations:   0 | number of nan iterations:   0 |
Step Time : 0.33s GPU utilization: 30.8MODEL_TFLOP/s/GPU
 [2026-10-02 18:51:13] iteration      195/    1000 | consumed samples:         1560 | elapsed time per iteration (ms): 331.7 | learning rate: 2.926450E-04 | global batch size:     8 | lm loss: 6.946880E+00 | loss scale: 1.0 | grad norm: 1.380 | number of skipped iterations:   0 | number of nan iterations:   0 |
Step Time : 0.33s GPU utilization: 30.8MODEL_TFLOP/s/GPU
 [2026-10-02 18:51:13] iteration      196/    1000 | consumed samples:         1568 | elapsed time per iteration (ms): 331.5 | learning rate: 2.924908E-04 | global batch size:     8 | lm loss: 6.535734E+00 | loss scale: 1.0 | grad norm: 0.999 | number of skipped iterations:   0 | number of nan iterations:   0 |
Step Time : 0.33s GPU utilization: 30.9MODEL_TFLOP/s/GPU
 [2026-10-02 18:51:13] iteration      197/    1000 | consumed samples:         1576 | elapsed time per iteration (ms): 331.4 | learning rate: 2.923351E-04 | global batch size:     8 | lm loss: 6.386193E+00 | loss scale: 1.0 | grad norm: 1.093 | number of skipped iterations:   0 | number of nan iterations:   0 |
Step Time : 0.33s GPU utilization: 30.9MODEL_TFLOP/s/GPU
 [2026-10-02 18:51:14] iteration      198/    1000 | consumed samples:         1584 | elapsed time per iteration (ms): 330.9 | learning rate: 2.921777E-04 | global batch size:     8 | lm loss: 6.766357E+00 | loss scale: 1.0 | grad norm: 1.332 | number of skipped iterations:   0 | number of nan iterations:   0 |
Step Time : 0.33s GPU utilization: 30.8MODEL_TFLOP/s/GPU
 [2026-10-02 18:51:14] iteration      199/    1000 | consumed samples:         1592 | elapsed time per iteration (ms): 331.8 | learning rate: 2.920189E-04 | global batch size:     8 | lm loss: 6.753424E+00 | loss scale: 1.0 | grad norm: 1.259 | number of skipped iterations:   0 | number of nan iterations:   0 |
Step Time : 0.33s GPU utilization: 30.8MODEL_TFLOP/s/GPU
 [2026-10-02 18:51:14] iteration      200/    1000 | consumed samples:         1600 | elapsed time per iteration (ms): 331.9 | learning rate: 2.918585E-04 | global batch size:     8 | lm loss: 6.415097E+00 | loss scale: 1.0 | grad norm: 1.017 | number of skipped iterations:   0 | number of nan iterations:   0 |
Step Time : 0.78s GPU utilization: 13.2MODEL_TFLOP/s/GPU
 [2026-10-02 18:51:15] iteration      201/    1000 | consumed samples:         1608 | elapsed time per iteration (ms): 776.4 | learning rate: 2.916965E-04 | global batch size:     8 | lm loss: 6.535629E+00 | loss scale: 1.0 | grad norm: 0.999 | number of skipped iterations:   0 | number of nan iterations:   0 |
Step Time : 0.33s GPU utilization: 30.8MODEL_TFLOP/s/GPU
 [2026-10-02 18:51:15] iteration      202/    1000 | consumed samples:         1616 | elapsed time per iteration (ms): 331.7 | learning rate: 2.915331E-04 | global batch size:     8 | lm loss: 6.590219E+00 | loss scale: 1.0 | grad norm: 1.087 | number of skipped iterations:   0 | number of nan iterations:   0 |
Step Time : 0.33s GPU utilization: 30.9MODEL_TFLOP/s/GPU
 [2026-10-02 18:51:16] iteration      203/    1000 | consumed samples:         1624 | elapsed time per iteration (ms): 331.3 | learning rate: 2.913681E-04 | global batch size:     8 | lm loss: 6.437856E+00 | loss scale: 1.0 | grad norm: 0.841 | number of skipped iterations:   0 | number of nan iterations:   0 |
Step Time : 0.33s GPU utilization: 30.8MODEL_TFLOP/s/GPU
 [2026-10-02 18:51:16] iteration      204/    1000 | consumed samples:         1632 | elapsed time per iteration (ms): 331.6 | learning rate: 2.912015E-04 | global batch size:     8 | lm loss: 6.892848E+00 | loss scale: 1.0 | grad norm: 1.413 | number of skipped iterations:   0 | number of nan iterations:   0 |
Step Time : 0.33s GPU utilization: 30.8MODEL_TFLOP/s/GPU
 [2026-10-02 18:51:16] iteration      205/    1000 | consumed samples:         1640 | elapsed time per iteration (ms): 331.7 | learning rate: 2.910334E-04 | global batch size:     8 | lm loss: 6.608563E+00 | loss scale: 1.0 | grad norm: 0.949 | number of skipped iterations:   0 | number of nan iterations:   0 |
Step Time : 0.33s GPU utilization: 30.9MODEL_TFLOP/s/GPU
 [2026-10-02 18:51:17] iteration      206/    1000 | consumed samples:         1648 | elapsed time per iteration (ms): 331.3 | learning rate: 2.908637E-04 | global batch size:     8 | lm loss: 6.520489E+00 | loss scale: 1.0 | grad norm: 0.951 | number of skipped iterations:   0 | number of nan iterations:   0 |
Step Time : 0.33s GPU utilization: 30.9MODEL_TFLOP/s/GPU
 [2026-10-02 18:51:17] iteration      207/    1000 | consumed samples:         1656 | elapsed time per iteration (ms): 331.2 | learning rate: 2.906925E-04 | global batch size:     8 | lm loss: 6.541873E+00 | loss scale: 1.0 | grad norm: 0.840 | number of skipped iterations:   0 | number of nan iterations:   0 |
Step Time : 0.33s GPU utilization: 30.9MODEL_TFLOP/s/GPU
 [2026-10-02 18:51:17] iteration      208/    1000 | consumed samples:         1664 | elapsed time per iteration (ms): 331.1 | learning rate: 2.905198E-04 | global batch size:     8 | lm loss: 6.419994E+00 | loss scale: 1.0 | grad norm: 0.791 | number of skipped iterations:   0 | number of nan iterations:   0 |
Step Time : 0.33s GPU utilization: 30.9MODEL_TFLOP/s/GPU
 [2026-10-02 18:51:18] iteration      209/    1000 | consumed samples:         1672 | elapsed time per iteration (ms): 331.1 | learning rate: 2.903456E-04 | global batch size:     8 | lm loss: 6.582214E+00 | loss scale: 1.0 | grad norm: 1.026 | number of skipped iterations:   0 | number of nan iterations:   0 |
Step Time : 0.33s GPU utilization: 30.9MODEL_TFLOP/s/GPU
 [2026-10-02 18:51:18] iteration      210/    1000 | consumed samples:         1680 | elapsed time per iteration (ms): 331.0 | learning rate: 2.901698E-04 | global batch size:     8 | lm loss: 6.312563E+00 | loss scale: 1.0 | grad norm: 0.982 | number of skipped iterations:   0 | number of nan iterations:   0 |
Step Time : 0.33s GPU utilization: 30.9MODEL_TFLOP/s/GPU
 [2026-10-02 18:51:18] iteration      211/    1000 | consumed samples:         1688 | elapsed time per iteration (ms): 331.3 | learning rate: 2.899925E-04 | global batch size:     8 | lm loss: 6.635376E+00 | loss scale: 1.0 | grad norm: 0.931 | number of skipped iterations:   0 | number of nan iterations:   0 |
Step Time : 0.33s GPU utilization: 30.9MODEL_TFLOP/s/GPU
 [2026-10-02 18:51:19] iteration      212/    1000 | consumed samples:         1696 | elapsed time per iteration (ms): 330.8 | learning rate: 2.898137E-04 | global batch size:     8 | lm loss: 6.243168E+00 | loss scale: 1.0 | grad norm: 0.857 | number of skipped iterations:   0 | number of nan iterations:   0 |
Step Time : 0.33s GPU utilization: 30.9MODEL_TFLOP/s/GPU
 [2026-10-02 18:51:19] iteration      213/    1000 | consumed samples:         1704 | elapsed time per iteration (ms): 331.2 | learning rate: 2.896334E-04 | global batch size:     8 | lm loss: 6.157436E+00 | loss scale: 1.0 | grad norm: 0.916 | number of skipped iterations:   0 | number of nan iterations:   0 |
Step Time : 0.33s GPU utilization: 30.9MODEL_TFLOP/s/GPU
 [2026-10-02 18:51:19] iteration      214/    1000 | consumed samples:         1712 | elapsed time per iteration (ms): 330.8 | learning rate: 2.894515E-04 | global batch size:     8 | lm loss: 6.656517E+00 | loss scale: 1.0 | grad norm: 0.923 | number of skipped iterations:   0 | number of nan iterations:   0 |
Step Time : 0.33s GPU utilization: 30.9MODEL_TFLOP/s/GPU
 [2026-10-02 18:51:20] iteration      215/    1000 | consumed samples:         1720 | elapsed time per iteration (ms): 331.2 | learning rate: 2.892682E-04 | global batch size:     8 | lm loss: 6.575996E+00 | loss scale: 1.0 | grad norm: 0.814 | number of skipped iterations:   0 | number of nan iterations:   0 |
Step Time : 0.33s GPU utilization: 30.8MODEL_TFLOP/s/GPU
 [2026-10-02 18:51:20] iteration      216/    1000 | consumed samples:         1728 | elapsed time per iteration (ms): 331.5 | learning rate: 2.890833E-04 | global batch size:     8 | lm loss: 6.525793E+00 | loss scale: 1.0 | grad norm: 0.841 | number of skipped iterations:   0 | number of nan iterations:   0 |
Step Time : 0.33s GPU utilization: 30.9MODEL_TFLOP/s/GPU
 [2026-10-02 18:51:20] iteration      217/    1000 | consumed samples:         1736 | elapsed time per iteration (ms): 331.3 | learning rate: 2.888969E-04 | global batch size:     8 | lm loss: 6.428719E+00 | loss scale: 1.0 | grad norm: 0.995 | number of skipped iterations:   0 | number of nan iterations:   0 |
Step Time : 0.33s GPU utilization: 30.8MODEL_TFLOP/s/GPU
 [2026-10-02 18:51:21] iteration      218/    1000 | consumed samples:         1744 | elapsed time per iteration (ms): 331.7 | learning rate: 2.887090E-04 | global batch size:     8 | lm loss: 6.428656E+00 | loss scale: 1.0 | grad norm: 0.842 | number of skipped iterations:   0 | number of nan iterations:   0 |
Step Time : 0.33s GPU utilization: 30.8MODEL_TFLOP/s/GPU
 [2026-10-02 18:51:21] iteration      219/    1000 | consumed samples:         1752 | elapsed time per iteration (ms): 331.6 | learning rate: 2.885195E-04 | global batch size:     8 | lm loss: 6.455230E+00 | loss scale: 1.0 | grad norm: 0.851 | number of skipped iterations:   0 | number of nan iterations:   0 |
Step Time : 0.33s GPU utilization: 30.8MODEL_TFLOP/s/GPU
 [2026-10-02 18:51:21] iteration      220/    1000 | consumed samples:         1760 | elapsed time per iteration (ms): 331.8 | learning rate: 2.883287E-04 | global batch size:     8 | lm loss: 6.275895E+00 | loss scale: 1.0 | grad norm: 0.829 | number of skipped iterations:   0 | number of nan iterations:   0 |
Step Time : 0.33s GPU utilization: 30.8MODEL_TFLOP/s/GPU
 [2026-10-02 18:51:22] iteration      221/    1000 | consumed samples:         1768 | elapsed time per iteration (ms): 331.5 | learning rate: 2.881362E-04 | global batch size:     8 | lm loss: 6.455945E+00 | loss scale: 1.0 | grad norm: 1.013 | number of skipped iterations:   0 | number of nan iterations:   0 |
Step Time : 0.33s GPU utilization: 30.7MODEL_TFLOP/s/GPU
 [2026-10-02 18:51:22] iteration      222/    1000 | consumed samples:         1776 | elapsed time per iteration (ms): 332.6 | learning rate: 2.879423E-04 | global batch size:     8 | lm loss: 6.408188E+00 | loss scale: 1.0 | grad norm: 0.917 | number of skipped iterations:   0 | number of nan iterations:   0 |
Step Time : 0.33s GPU utilization: 30.9MODEL_TFLOP/s/GPU
 [2026-10-02 18:51:22] iteration      223/    1000 | consumed samples:         1784 | elapsed time per iteration (ms): 331.2 | learning rate: 2.877469E-04 | global batch size:     8 | lm loss: 6.637584E+00 | loss scale: 1.0 | grad norm: 0.854 | number of skipped iterations:   0 | number of nan iterations:   0 |
Step Time : 0.33s GPU utilization: 30.8MODEL_TFLOP/s/GPU
 [2026-10-02 18:51:23] iteration      224/    1000 | consumed samples:         1792 | elapsed time per iteration (ms): 332.1 | learning rate: 2.875499E-04 | global batch size:     8 | lm loss: 6.593917E+00 | loss scale: 1.0 | grad norm: 0.841 | number of skipped iterations:   0 | number of nan iterations:   0 |
Step Time : 0.33s GPU utilization: 30.8MODEL_TFLOP/s/GPU
 [2026-10-02 18:51:23] iteration      225/    1000 | consumed samples:         1800 | elapsed time per iteration (ms): 332.2 | learning rate: 2.873515E-04 | global batch size:     8 | lm loss: 6.301275E+00 | loss scale: 1.0 | grad norm: 0.825 | number of skipped iterations:   0 | number of nan iterations:   0 |
Step Time : 0.33s GPU utilization: 30.8MODEL_TFLOP/s/GPU
 [2026-10-02 18:51:23] iteration      226/    1000 | consumed samples:         1808 | elapsed time per iteration (ms): 331.7 | learning rate: 2.871517E-04 | global batch size:     8 | lm loss: 6.444767E+00 | loss scale: 1.0 | grad norm: 0.903 | number of skipped iterations:   0 | number of nan iterations:   0 |
Step Time : 0.33s GPU utilization: 30.7MODEL_TFLOP/s/GPU
 [2026-10-02 18:51:24] iteration      227/    1000 | consumed samples:         1816 | elapsed time per iteration (ms): 332.5 | learning rate: 2.869503E-04 | global batch size:     8 | lm loss: 6.493648E+00 | loss scale: 1.0 | grad norm: 0.903 | number of skipped iterations:   0 | number of nan iterations:   0 |
Step Time : 0.33s GPU utilization: 30.8MODEL_TFLOP/s/GPU
 [2026-10-02 18:51:24] iteration      228/    1000 | consumed samples:         1824 | elapsed time per iteration (ms): 331.9 | learning rate: 2.867474E-04 | global batch size:     8 | lm loss: 6.332084E+00 | loss scale: 1.0 | grad norm: 0.890 | number of skipped iterations:   0 | number of nan iterations:   0 |
Step Time : 0.33s GPU utilization: 30.8MODEL_TFLOP/s/GPU
 [2026-10-02 18:51:24] iteration      229/    1000 | consumed samples:         1832 | elapsed time per iteration (ms): 331.9 | learning rate: 2.865430E-04 | global batch size:     8 | lm loss: 6.401180E+00 | loss scale: 1.0 | grad norm: 0.875 | number of skipped iterations:   0 | number of nan iterations:   0 |
Step Time : 0.33s GPU utilization: 30.8MODEL_TFLOP/s/GPU
 [2026-10-02 18:51:25] iteration      230/    1000 | consumed samples:         1840 | elapsed time per iteration (ms): 331.6 | learning rate: 2.863372E-04 | global batch size:     8 | lm loss: 6.725255E+00 | loss scale: 1.0 | grad norm: 1.256 | number of skipped iterations:   0 | number of nan iterations:   0 |
Step Time : 0.33s GPU utilization: 30.8MODEL_TFLOP/s/GPU
 [2026-10-02 18:51:25] iteration      231/    1000 | consumed samples:         1848 | elapsed time per iteration (ms): 331.8 | learning rate: 2.861299E-04 | global batch size:     8 | lm loss: 5.975705E+00 | loss scale: 1.0 | grad norm: 0.873 | number of skipped iterations:   0 | number of nan iterations:   0 |
Step Time : 0.33s GPU utilization: 30.8MODEL_TFLOP/s/GPU
 [2026-10-02 18:51:25] iteration      232/    1000 | consumed samples:         1856 | elapsed time per iteration (ms): 331.8 | learning rate: 2.859211E-04 | global batch size:     8 | lm loss: 6.548095E+00 | loss scale: 1.0 | grad norm: 0.851 | number of skipped iterations:   0 | number of nan iterations:   0 |
Step Time : 0.33s GPU utilization: 30.8MODEL_TFLOP/s/GPU
 [2026-10-02 18:51:26] iteration      233/    1000 | consumed samples:         1864 | elapsed time per iteration (ms): 332.4 | learning rate: 2.857108E-04 | global batch size:     8 | lm loss: 6.746883E+00 | loss scale: 1.0 | grad norm: 0.866 | number of skipped iterations:   0 | number of nan iterations:   0 |
Step Time : 0.33s GPU utilization: 30.8MODEL_TFLOP/s/GPU
 [2026-10-02 18:51:26] iteration      234/    1000 | consumed samples:         1872 | elapsed time per iteration (ms): 331.6 | learning rate: 2.854991E-04 | global batch size:     8 | lm loss: 6.536341E+00 | loss scale: 1.0 | grad norm: 0.873 | number of skipped iterations:   0 | number of nan iterations:   0 |
Step Time : 0.33s GPU utilization: 30.9MODEL_TFLOP/s/GPU
 [2026-10-02 18:51:26] iteration      235/    1000 | consumed samples:         1880 | elapsed time per iteration (ms): 330.8 | learning rate: 2.852859E-04 | global batch size:     8 | lm loss: 6.357397E+00 | loss scale: 1.0 | grad norm: 1.037 | number of skipped iterations:   0 | number of nan iterations:   0 |
Step Time : 0.33s GPU utilization: 30.8MODEL_TFLOP/s/GPU
 [2026-10-02 18:51:27] iteration      236/    1000 | consumed samples:         1888 | elapsed time per iteration (ms): 331.4 | learning rate: 2.850712E-04 | global batch size:     8 | lm loss: 6.235595E+00 | loss scale: 1.0 | grad norm: 0.980 | number of skipped iterations:   0 | number of nan iterations:   0 |
Step Time : 0.33s GPU utilization: 30.9MODEL_TFLOP/s/GPU
 [2026-10-02 18:51:27] iteration      237/    1000 | consumed samples:         1896 | elapsed time per iteration (ms): 331.4 | learning rate: 2.848551E-04 | global batch size:     8 | lm loss: 6.475790E+00 | loss scale: 1.0 | grad norm: 1.096 | number of skipped iterations:   0 | number of nan iterations:   0 |
Step Time : 0.33s GPU utilization: 30.8MODEL_TFLOP/s/GPU
 [2026-10-02 18:51:27] iteration      238/    1000 | consumed samples:         1904 | elapsed time per iteration (ms): 331.5 | learning rate: 2.846375E-04 | global batch size:     8 | lm loss: 6.485766E+00 | loss scale: 1.0 | grad norm: 0.901 | number of skipped iterations:   0 | number of nan iterations:   0 |
Step Time : 0.33s GPU utilization: 30.9MODEL_TFLOP/s/GPU
 [2026-10-02 18:51:28] iteration      239/    1000 | consumed samples:         1912 | elapsed time per iteration (ms): 331.3 | learning rate: 2.844184E-04 | global batch size:     8 | lm loss: 6.478395E+00 | loss scale: 1.0 | grad norm: 0.776 | number of skipped iterations:   0 | number of nan iterations:   0 |
Step Time : 0.33s GPU utilization: 30.8MODEL_TFLOP/s/GPU
 [2026-10-02 18:51:28] iteration      240/    1000 | consumed samples:         1920 | elapsed time per iteration (ms): 332.0 | learning rate: 2.841979E-04 | global batch size:     8 | lm loss: 6.501386E+00 | loss scale: 1.0 | grad norm: 0.887 | number of skipped iterations:   0 | number of nan iterations:   0 |
Step Time : 0.33s GPU utilization: 30.8MODEL_TFLOP/s/GPU
 [2026-10-02 18:51:28] iteration      241/    1000 | consumed samples:         1928 | elapsed time per iteration (ms): 331.5 | learning rate: 2.839760E-04 | global batch size:     8 | lm loss: 6.221230E+00 | loss scale: 1.0 | grad norm: 0.925 | number of skipped iterations:   0 | number of nan iterations:   0 |
Step Time : 0.33s GPU utilization: 30.9MODEL_TFLOP/s/GPU
 [2026-10-02 18:51:29] iteration      242/    1000 | consumed samples:         1936 | elapsed time per iteration (ms): 331.3 | learning rate: 2.837526E-04 | global batch size:     8 | lm loss: 6.970061E+00 | loss scale: 1.0 | grad norm: 1.956 | number of skipped iterations:   0 | number of nan iterations:   0 |
Step Time : 0.33s GPU utilization: 30.8MODEL_TFLOP/s/GPU
 [2026-10-02 18:51:29] iteration      243/    1000 | consumed samples:         1944 | elapsed time per iteration (ms): 331.8 | learning rate: 2.835277E-04 | global batch size:     8 | lm loss: 6.439869E+00 | loss scale: 1.0 | grad norm: 0.952 | number of skipped iterations:   0 | number of nan iterations:   0 |
Step Time : 0.33s GPU utilization: 30.8MODEL_TFLOP/s/GPU
 [2026-10-02 18:51:29] iteration      244/    1000 | consumed samples:         1952 | elapsed time per iteration (ms): 331.6 | learning rate: 2.833014E-04 | global batch size:     8 | lm loss: 6.499351E+00 | loss scale: 1.0 | grad norm: 0.939 | number of skipped iterations:   0 | number of nan iterations:   0 |
Step Time : 0.33s GPU utilization: 30.9MODEL_TFLOP/s/GPU
 [2026-10-02 18:51:30] iteration      245/    1000 | consumed samples:         1960 | elapsed time per iteration (ms): 330.8 | learning rate: 2.830737E-04 | global batch size:     8 | lm loss: 6.245496E+00 | loss scale: 1.0 | grad norm: 0.854 | number of skipped iterations:   0 | number of nan iterations:   0 |
Step Time : 0.33s GPU utilization: 30.9MODEL_TFLOP/s/GPU
 [2026-10-02 18:51:30] iteration      246/    1000 | consumed samples:         1968 | elapsed time per iteration (ms): 330.7 | learning rate: 2.828445E-04 | global batch size:     8 | lm loss: 6.214633E+00 | loss scale: 1.0 | grad norm: 0.874 | number of skipped iterations:   0 | number of nan iterations:   0 |
Step Time : 0.33s GPU utilization: 30.9MODEL_TFLOP/s/GPU
 [2026-10-02 18:51:30] iteration      247/    1000 | consumed samples:         1976 | elapsed time per iteration (ms): 331.3 | learning rate: 2.826139E-04 | global batch size:     8 | lm loss: 6.495274E+00 | loss scale: 1.0 | grad norm: 0.844 | number of skipped iterations:   0 | number of nan iterations:   0 |
Step Time : 0.33s GPU utilization: 30.8MODEL_TFLOP/s/GPU
 [2026-10-02 18:51:31] iteration      248/    1000 | consumed samples:         1984 | elapsed time per iteration (ms): 331.5 | learning rate: 2.823818E-04 | global batch size:     8 | lm loss: 6.425343E+00 | loss scale: 1.0 | grad norm: 1.080 | number of skipped iterations:   0 | number of nan iterations:   0 |
Step Time : 0.33s GPU utilization: 30.8MODEL_TFLOP/s/GPU
 [2026-10-02 18:51:31] iteration      249/    1000 | consumed samples:         1992 | elapsed time per iteration (ms): 331.7 | learning rate: 2.821483E-04 | global batch size:     8 | lm loss: 6.570942E+00 | loss scale: 1.0 | grad norm: 1.054 | number of skipped iterations:   0 | number of nan iterations:   0 |
Step Time : 0.33s GPU utilization: 30.8MODEL_TFLOP/s/GPU
 [2026-10-02 18:51:31] iteration      250/    1000 | consumed samples:         2000 | elapsed time per iteration (ms): 331.8 | learning rate: 2.819134E-04 | global batch size:     8 | lm loss: 6.773867E+00 | loss scale: 1.0 | grad norm: 1.127 | number of skipped iterations:   0 | number of nan iterations:   0 |
Step Time : 0.33s GPU utilization: 30.9MODEL_TFLOP/s/GPU
 [2026-10-02 18:51:32] iteration      251/    1000 | consumed samples:         2008 | elapsed time per iteration (ms): 331.1 | learning rate: 2.816771E-04 | global batch size:     8 | lm loss: 6.034319E+00 | loss scale: 1.0 | grad norm: 0.973 | number of skipped iterations:   0 | number of nan iterations:   0 |
Step Time : 0.33s GPU utilization: 30.9MODEL_TFLOP/s/GPU
 [2026-10-02 18:51:32] iteration      252/    1000 | consumed samples:         2016 | elapsed time per iteration (ms): 331.0 | learning rate: 2.814393E-04 | global batch size:     8 | lm loss: 6.448925E+00 | loss scale: 1.0 | grad norm: 1.055 | number of skipped iterations:   0 | number of nan iterations:   0 |
Step Time : 0.33s GPU utilization: 30.8MODEL_TFLOP/s/GPU
 [2026-10-02 18:51:32] iteration      253/    1000 | consumed samples:         2024 | elapsed time per iteration (ms): 331.6 | learning rate: 2.812002E-04 | global batch size:     8 | lm loss: 6.292630E+00 | loss scale: 1.0 | grad norm: 0.925 | number of skipped iterations:   0 | number of nan iterations:   0 |
Step Time : 0.33s GPU utilization: 30.9MODEL_TFLOP/s/GPU
 [2026-10-02 18:51:33] iteration      254/    1000 | consumed samples:         2032 | elapsed time per iteration (ms): 331.1 | learning rate: 2.809596E-04 | global batch size:     8 | lm loss: 6.534029E+00 | loss scale: 1.0 | grad norm: 0.927 | number of skipped iterations:   0 | number of nan iterations:   0 |
Step Time : 0.33s GPU utilization: 30.9MODEL_TFLOP/s/GPU
 [2026-10-02 18:51:33] iteration      255/    1000 | consumed samples:         2040 | elapsed time per iteration (ms): 331.0 | learning rate: 2.807176E-04 | global batch size:     8 | lm loss: 6.455414E+00 | loss scale: 1.0 | grad norm: 0.884 | number of skipped iterations:   0 | number of nan iterations:   0 |
Step Time : 0.33s GPU utilization: 30.8MODEL_TFLOP/s/GPU
 [2026-10-02 18:51:33] iteration      256/    1000 | consumed samples:         2048 | elapsed time per iteration (ms): 331.8 | learning rate: 2.804742E-04 | global batch size:     8 | lm loss: 6.484028E+00 | loss scale: 1.0 | grad norm: 0.885 | number of skipped iterations:   0 | number of nan iterations:   0 |
Step Time : 0.33s GPU utilization: 30.8MODEL_TFLOP/s/GPU
 [2026-10-02 18:51:34] iteration      257/    1000 | consumed samples:         2056 | elapsed time per iteration (ms): 331.5 | learning rate: 2.802293E-04 | global batch size:     8 | lm loss: 6.818733E+00 | loss scale: 1.0 | grad norm: 1.623 | number of skipped iterations:   0 | number of nan iterations:   0 |
Step Time : 0.33s GPU utilization: 30.9MODEL_TFLOP/s/GPU
 [2026-10-02 18:51:34] iteration      258/    1000 | consumed samples:         2064 | elapsed time per iteration (ms): 331.4 | learning rate: 2.799831E-04 | global batch size:     8 | lm loss: 6.266609E+00 | loss scale: 1.0 | grad norm: 0.844 | number of skipped iterations:   0 | number of nan iterations:   0 |
Step Time : 0.33s GPU utilization: 30.9MODEL_TFLOP/s/GPU
 [2026-10-02 18:51:34] iteration      259/    1000 | consumed samples:         2072 | elapsed time per iteration (ms): 331.1 | learning rate: 2.797355E-04 | global batch size:     8 | lm loss: 6.614245E+00 | loss scale: 1.0 | grad norm: 0.999 | number of skipped iterations:   0 | number of nan iterations:   0 |
Step Time : 0.33s GPU utilization: 30.9MODEL_TFLOP/s/GPU
 [2026-10-02 18:51:35] iteration      260/    1000 | consumed samples:         2080 | elapsed time per iteration (ms): 331.3 | learning rate: 2.794865E-04 | global batch size:     8 | lm loss: 6.396941E+00 | loss scale: 1.0 | grad norm: 1.057 | number of skipped iterations:   0 | number of nan iterations:   0 |
Step Time : 0.33s GPU utilization: 30.9MODEL_TFLOP/s/GPU
 [2026-10-02 18:51:35] iteration      261/    1000 | consumed samples:         2088 | elapsed time per iteration (ms): 331.2 | learning rate: 2.792361E-04 | global batch size:     8 | lm loss: 6.284122E+00 | loss scale: 1.0 | grad norm: 0.856 | number of skipped iterations:   0 | number of nan iterations:   0 |
Step Time : 0.33s GPU utilization: 30.9MODEL_TFLOP/s/GPU
 [2026-10-02 18:51:35] iteration      262/    1000 | consumed samples:         2096 | elapsed time per iteration (ms): 331.2 | learning rate: 2.789843E-04 | global batch size:     8 | lm loss: 6.389023E+00 | loss scale: 1.0 | grad norm: 0.889 | number of skipped iterations:   0 | number of nan iterations:   0 |
Step Time : 0.33s GPU utilization: 30.9MODEL_TFLOP/s/GPU
 [2026-10-02 18:51:36] iteration      263/    1000 | consumed samples:         2104 | elapsed time per iteration (ms): 330.8 | learning rate: 2.787311E-04 | global batch size:     8 | lm loss: 6.446308E+00 | loss scale: 1.0 | grad norm: 1.539 | number of skipped iterations:   0 | number of nan iterations:   0 |
Step Time : 0.33s GPU utilization: 30.9MODEL_TFLOP/s/GPU
 [2026-10-02 18:51:36] iteration      264/    1000 | consumed samples:         2112 | elapsed time per iteration (ms): 331.4 | learning rate: 2.784765E-04 | global batch size:     8 | lm loss: 6.537734E+00 | loss scale: 1.0 | grad norm: 0.794 | number of skipped iterations:   0 | number of nan iterations:   0 |
Step Time : 0.33s GPU utilization: 30.9MODEL_TFLOP/s/GPU
 [2026-10-02 18:51:36] iteration      265/    1000 | consumed samples:         2120 | elapsed time per iteration (ms): 331.2 | learning rate: 2.782205E-04 | global batch size:     8 | lm loss: 6.559141E+00 | loss scale: 1.0 | grad norm: 1.041 | number of skipped iterations:   0 | number of nan iterations:   0 |
Step Time : 0.33s GPU utilization: 30.9MODEL_TFLOP/s/GPU
 [2026-10-02 18:51:37] iteration      266/    1000 | consumed samples:         2128 | elapsed time per iteration (ms): 331.2 | learning rate: 2.779632E-04 | global batch size:     8 | lm loss: 6.335258E+00 | loss scale: 1.0 | grad norm: 0.972 | number of skipped iterations:   0 | number of nan iterations:   0 |
Step Time : 0.33s GPU utilization: 30.8MODEL_TFLOP/s/GPU
 [2026-10-02 18:51:37] iteration      267/    1000 | consumed samples:         2136 | elapsed time per iteration (ms): 331.4 | learning rate: 2.777045E-04 | global batch size:     8 | lm loss: 6.393405E+00 | loss scale: 1.0 | grad norm: 0.926 | number of skipped iterations:   0 | number of nan iterations:   0 |
Step Time : 0.33s GPU utilization: 30.9MODEL_TFLOP/s/GPU
 [2026-10-02 18:51:37] iteration      268/    1000 | consumed samples:         2144 | elapsed time per iteration (ms): 330.8 | learning rate: 2.774444E-04 | global batch size:     8 | lm loss: 6.564088E+00 | loss scale: 1.0 | grad norm: 0.940 | number of skipped iterations:   0 | number of nan iterations:   0 |
Step Time : 0.33s GPU utilization: 30.9MODEL_TFLOP/s/GPU
 [2026-10-02 18:51:38] iteration      269/    1000 | consumed samples:         2152 | elapsed time per iteration (ms): 331.0 | learning rate: 2.771829E-04 | global batch size:     8 | lm loss: 6.424314E+00 | loss scale: 1.0 | grad norm: 0.886 | number of skipped iterations:   0 | number of nan iterations:   0 |
Step Time : 0.33s GPU utilization: 30.9MODEL_TFLOP/s/GPU
 [2026-10-02 18:51:38] iteration      270/    1000 | consumed samples:         2160 | elapsed time per iteration (ms): 331.3 | learning rate: 2.769201E-04 | global batch size:     8 | lm loss: 6.248222E+00 | loss scale: 1.0 | grad norm: 1.151 | number of skipped iterations:   0 | number of nan iterations:   0 |
Step Time : 0.33s GPU utilization: 30.9MODEL_TFLOP/s/GPU
 [2026-10-02 18:51:38] iteration      271/    1000 | consumed samples:         2168 | elapsed time per iteration (ms): 331.3 | learning rate: 2.766559E-04 | global batch size:     8 | lm loss: 6.641145E+00 | loss scale: 1.0 | grad norm: 1.105 | number of skipped iterations:   0 | number of nan iterations:   0 |
Step Time : 0.33s GPU utilization: 30.9MODEL_TFLOP/s/GPU
 [2026-10-02 18:51:39] iteration      272/    1000 | consumed samples:         2176 | elapsed time per iteration (ms): 331.3 | learning rate: 2.763903E-04 | global batch size:     8 | lm loss: 6.387916E+00 | loss scale: 1.0 | grad norm: 0.919 | number of skipped iterations:   0 | number of nan iterations:   0 |
Step Time : 0.33s GPU utilization: 30.9MODEL_TFLOP/s/GPU
 [2026-10-02 18:51:39] iteration      273/    1000 | consumed samples:         2184 | elapsed time per iteration (ms): 331.0 | learning rate: 2.761234E-04 | global batch size:     8 | lm loss: 6.985551E+00 | loss scale: 1.0 | grad norm: 1.878 | number of skipped iterations:   0 | number of nan iterations:   0 |
Step Time : 0.33s GPU utilization: 30.8MODEL_TFLOP/s/GPU
 [2026-10-02 18:51:39] iteration      274/    1000 | consumed samples:         2192 | elapsed time per iteration (ms): 331.6 | learning rate: 2.758552E-04 | global batch size:     8 | lm loss: 6.372032E+00 | loss scale: 1.0 | grad norm: 0.968 | number of skipped iterations:   0 | number of nan iterations:   0 |
Step Time : 0.33s GPU utilization: 30.9MODEL_TFLOP/s/GPU
 [2026-10-02 18:51:40] iteration      275/    1000 | consumed samples:         2200 | elapsed time per iteration (ms): 331.0 | learning rate: 2.755855E-04 | global batch size:     8 | lm loss: 6.484198E+00 | loss scale: 1.0 | grad norm: 0.925 | number of skipped iterations:   0 | number of nan iterations:   0 |
Step Time : 0.33s GPU utilization: 30.9MODEL_TFLOP/s/GPU
 [2026-10-02 18:51:40] iteration      276/    1000 | consumed samples:         2208 | elapsed time per iteration (ms): 330.9 | learning rate: 2.753146E-04 | global batch size:     8 | lm loss: 6.454920E+00 | loss scale: 1.0 | grad norm: 1.896 | number of skipped iterations:   0 | number of nan iterations:   0 |
Step Time : 0.33s GPU utilization: 30.9MODEL_TFLOP/s/GPU
 [2026-10-02 18:51:40] iteration      277/    1000 | consumed samples:         2216 | elapsed time per iteration (ms): 330.8 | learning rate: 2.750423E-04 | global batch size:     8 | lm loss: 6.084090E+00 | loss scale: 1.0 | grad norm: 1.199 | number of skipped iterations:   0 | number of nan iterations:   0 |
Step Time : 0.33s GPU utilization: 30.9MODEL_TFLOP/s/GPU
 [2026-10-02 18:51:41] iteration      278/    1000 | consumed samples:         2224 | elapsed time per iteration (ms): 331.0 | learning rate: 2.747686E-04 | global batch size:     8 | lm loss: 6.313292E+00 | loss scale: 1.0 | grad norm: 0.963 | number of skipped iterations:   0 | number of nan iterations:   0 |
Step Time : 0.33s GPU utilization: 30.9MODEL_TFLOP/s/GPU
 [2026-10-02 18:51:41] iteration      279/    1000 | consumed samples:         2232 | elapsed time per iteration (ms): 331.2 | learning rate: 2.744936E-04 | global batch size:     8 | lm loss: 6.408517E+00 | loss scale: 1.0 | grad norm: 0.836 | number of skipped iterations:   0 | number of nan iterations:   0 |
Step Time : 0.33s GPU utilization: 30.8MODEL_TFLOP/s/GPU
 [2026-10-02 18:51:41] iteration      280/    1000 | consumed samples:         2240 | elapsed time per iteration (ms): 331.6 | learning rate: 2.742173E-04 | global batch size:     8 | lm loss: 6.630488E+00 | loss scale: 1.0 | grad norm: 1.923 | number of skipped iterations:   0 | number of nan iterations:   0 |
Step Time : 0.33s GPU utilization: 30.8MODEL_TFLOP/s/GPU
 [2026-10-02 18:51:42] iteration      281/    1000 | consumed samples:         2248 | elapsed time per iteration (ms): 331.5 | learning rate: 2.739396E-04 | global batch size:     8 | lm loss: 6.621406E+00 | loss scale: 1.0 | grad norm: 1.006 | number of skipped iterations:   0 | number of nan iterations:   0 |
Step Time : 0.33s GPU utilization: 30.8MODEL_TFLOP/s/GPU
 [2026-10-02 18:51:42] iteration      282/    1000 | consumed samples:         2256 | elapsed time per iteration (ms): 331.7 | learning rate: 2.736607E-04 | global batch size:     8 | lm loss: 6.426427E+00 | loss scale: 1.0 | grad norm: 0.937 | number of skipped iterations:   0 | number of nan iterations:   0 |
Step Time : 0.33s GPU utilization: 30.9MODEL_TFLOP/s/GPU
 [2026-10-02 18:51:42] iteration      283/    1000 | consumed samples:         2264 | elapsed time per iteration (ms): 330.9 | learning rate: 2.733804E-04 | global batch size:     8 | lm loss: 6.296723E+00 | loss scale: 1.0 | grad norm: 0.903 | number of skipped iterations:   0 | number of nan iterations:   0 |
Step Time : 0.33s GPU utilization: 30.8MODEL_TFLOP/s/GPU
 [2026-10-02 18:51:43] iteration      284/    1000 | consumed samples:         2272 | elapsed time per iteration (ms): 332.1 | learning rate: 2.730987E-04 | global batch size:     8 | lm loss: 6.407738E+00 | loss scale: 1.0 | grad norm: 0.951 | number of skipped iterations:   0 | number of nan iterations:   0 |
Step Time : 0.33s GPU utilization: 30.9MODEL_TFLOP/s/GPU
 [2026-10-02 18:51:43] iteration      285/    1000 | consumed samples:         2280 | elapsed time per iteration (ms): 331.2 | learning rate: 2.728158E-04 | global batch size:     8 | lm loss: 6.425650E+00 | loss scale: 1.0 | grad norm: 0.852 | number of skipped iterations:   0 | number of nan iterations:   0 |
Step Time : 0.33s GPU utilization: 30.8MODEL_TFLOP/s/GPU
 [2026-10-02 18:51:43] iteration      286/    1000 | consumed samples:         2288 | elapsed time per iteration (ms): 331.7 | learning rate: 2.725315E-04 | global batch size:     8 | lm loss: 6.666655E+00 | loss scale: 1.0 | grad norm: 1.259 | number of skipped iterations:   0 | number of nan iterations:   0 |
Step Time : 0.33s GPU utilization: 30.8MODEL_TFLOP/s/GPU
 [2026-10-02 18:51:44] iteration      287/    1000 | consumed samples:         2296 | elapsed time per iteration (ms): 331.7 | learning rate: 2.722460E-04 | global batch size:     8 | lm loss: 6.327240E+00 | loss scale: 1.0 | grad norm: 0.956 | number of skipped iterations:   0 | number of nan iterations:   0 |
Step Time : 0.33s GPU utilization: 30.9MODEL_TFLOP/s/GPU
 [2026-10-02 18:51:44] iteration      288/    1000 | consumed samples:         2304 | elapsed time per iteration (ms): 330.7 | learning rate: 2.719591E-04 | global batch size:     8 | lm loss: 6.818563E+00 | loss scale: 1.0 | grad norm: 2.525 | number of skipped iterations:   0 | number of nan iterations:   0 |
Step Time : 0.33s GPU utilization: 30.9MODEL_TFLOP/s/GPU
 [2026-10-02 18:51:44] iteration      289/    1000 | consumed samples:         2312 | elapsed time per iteration (ms): 331.1 | learning rate: 2.716709E-04 | global batch size:     8 | lm loss: 6.468137E+00 | loss scale: 1.0 | grad norm: 1.206 | number of skipped iterations:   0 | number of nan iterations:   0 |
Step Time : 0.33s GPU utilization: 30.9MODEL_TFLOP/s/GPU
 [2026-10-02 18:51:45] iteration      290/    1000 | consumed samples:         2320 | elapsed time per iteration (ms): 330.6 | learning rate: 2.713815E-04 | global batch size:     8 | lm loss: 6.372057E+00 | loss scale: 1.0 | grad norm: 0.964 | number of skipped iterations:   0 | number of nan iterations:   0 |
Step Time : 0.33s GPU utilization: 30.9MODEL_TFLOP/s/GPU
 [2026-10-02 18:51:45] iteration      291/    1000 | consumed samples:         2328 | elapsed time per iteration (ms): 330.7 | learning rate: 2.710907E-04 | global batch size:     8 | lm loss: 6.449436E+00 | loss scale: 1.0 | grad norm: 0.948 | number of skipped iterations:   0 | number of nan iterations:   0 |
Step Time : 0.33s GPU utilization: 30.9MODEL_TFLOP/s/GPU
 [2026-10-02 18:51:45] iteration      292/    1000 | consumed samples:         2336 | elapsed time per iteration (ms): 331.4 | learning rate: 2.707986E-04 | global batch size:     8 | lm loss: 6.732392E+00 | loss scale: 1.0 | grad norm: 1.305 | number of skipped iterations:   0 | number of nan iterations:   0 |
Step Time : 0.33s GPU utilization: 30.9MODEL_TFLOP/s/GPU
 [2026-10-02 18:51:46] iteration      293/    1000 | consumed samples:         2344 | elapsed time per iteration (ms): 330.9 | learning rate: 2.705053E-04 | global batch size:     8 | lm loss: 6.121363E+00 | loss scale: 1.0 | grad norm: 1.217 | number of skipped iterations:   0 | number of nan iterations:   0 |
Step Time : 0.33s GPU utilization: 30.9MODEL_TFLOP/s/GPU
 [2026-10-02 18:51:46] iteration      294/    1000 | consumed samples:         2352 | elapsed time per iteration (ms): 331.2 | learning rate: 2.702106E-04 | global batch size:     8 | lm loss: 6.165592E+00 | loss scale: 1.0 | grad norm: 0.912 | number of skipped iterations:   0 | number of nan iterations:   0 |
Step Time : 0.33s GPU utilization: 30.9MODEL_TFLOP/s/GPU
 [2026-10-02 18:51:46] iteration      295/    1000 | consumed samples:         2360 | elapsed time per iteration (ms): 331.0 | learning rate: 2.699147E-04 | global batch size:     8 | lm loss: 6.663140E+00 | loss scale: 1.0 | grad norm: 0.982 | number of skipped iterations:   0 | number of nan iterations:   0 |
Step Time : 0.33s GPU utilization: 30.9MODEL_TFLOP/s/GPU
 [2026-10-02 18:51:47] iteration      296/    1000 | consumed samples:         2368 | elapsed time per iteration (ms): 331.0 | learning rate: 2.696175E-04 | global batch size:     8 | lm loss: 6.339190E+00 | loss scale: 1.0 | grad norm: 1.101 | number of skipped iterations:   0 | number of nan iterations:   0 |
Step Time : 0.33s GPU utilization: 30.9MODEL_TFLOP/s/GPU
 [2026-10-02 18:51:47] iteration      297/    1000 | consumed samples:         2376 | elapsed time per iteration (ms): 331.2 | learning rate: 2.693190E-04 | global batch size:     8 | lm loss: 6.648624E+00 | loss scale: 1.0 | grad norm: 0.994 | number of skipped iterations:   0 | number of nan iterations:   0 |
Step Time : 0.33s GPU utilization: 30.9MODEL_TFLOP/s/GPU
 [2026-10-02 18:51:47] iteration      298/    1000 | consumed samples:         2384 | elapsed time per iteration (ms): 331.0 | learning rate: 2.690193E-04 | global batch size:     8 | lm loss: 6.650004E+00 | loss scale: 1.0 | grad norm: 1.252 | number of skipped iterations:   0 | number of nan iterations:   0 |
Step Time : 0.33s GPU utilization: 30.9MODEL_TFLOP/s/GPU
 [2026-10-02 18:51:48] iteration      299/    1000 | consumed samples:         2392 | elapsed time per iteration (ms): 331.2 | learning rate: 2.687183E-04 | global batch size:     8 | lm loss: 6.557351E+00 | loss scale: 1.0 | grad norm: 0.872 | number of skipped iterations:   0 | number of nan iterations:   0 |
Step Time : 0.33s GPU utilization: 30.9MODEL_TFLOP/s/GPU
 [2026-10-02 18:51:48] iteration      300/    1000 | consumed samples:         2400 | elapsed time per iteration (ms): 330.8 | learning rate: 2.684160E-04 | global batch size:     8 | lm loss: 6.500856E+00 | loss scale: 1.0 | grad norm: 0.874 | number of skipped iterations:   0 | number of nan iterations:   0 |
Step Time : 0.78s GPU utilization: 13.1MODEL_TFLOP/s/GPU
 [2026-10-02 18:51:49] iteration      301/    1000 | consumed samples:         2408 | elapsed time per iteration (ms): 777.8 | learning rate: 2.681125E-04 | global batch size:     8 | lm loss: 6.387696E+00 | loss scale: 1.0 | grad norm: 0.810 | number of skipped iterations:   0 | number of nan iterations:   0 |
Step Time : 0.33s GPU utilization: 30.9MODEL_TFLOP/s/GPU
 [2026-10-02 18:51:49] iteration      302/    1000 | consumed samples:         2416 | elapsed time per iteration (ms): 331.1 | learning rate: 2.678077E-04 | global batch size:     8 | lm loss: 6.356107E+00 | loss scale: 1.0 | grad norm: 0.867 | number of skipped iterations:   0 | number of nan iterations:   0 |
Step Time : 0.33s GPU utilization: 30.9MODEL_TFLOP/s/GPU
 [2026-10-02 18:51:49] iteration      303/    1000 | consumed samples:         2424 | elapsed time per iteration (ms): 330.7 | learning rate: 2.675016E-04 | global batch size:     8 | lm loss: 6.417561E+00 | loss scale: 1.0 | grad norm: 0.812 | number of skipped iterations:   0 | number of nan iterations:   0 |
Step Time : 0.33s GPU utilization: 30.8MODEL_TFLOP/s/GPU
 [2026-10-02 18:51:50] iteration      304/    1000 | consumed samples:         2432 | elapsed time per iteration (ms): 331.5 | learning rate: 2.671943E-04 | global batch size:     8 | lm loss: 6.480691E+00 | loss scale: 1.0 | grad norm: 0.777 | number of skipped iterations:   0 | number of nan iterations:   0 |
Step Time : 0.33s GPU utilization: 30.9MODEL_TFLOP/s/GPU
 [2026-10-02 18:51:50] iteration      305/    1000 | consumed samples:         2440 | elapsed time per iteration (ms): 331.2 | learning rate: 2.668858E-04 | global batch size:     8 | lm loss: 6.326496E+00 | loss scale: 1.0 | grad norm: 0.829 | number of skipped iterations:   0 | number of nan iterations:   0 |
Step Time : 0.33s GPU utilization: 30.8MODEL_TFLOP/s/GPU
 [2026-10-02 18:51:50] iteration      306/    1000 | consumed samples:         2448 | elapsed time per iteration (ms): 331.7 | learning rate: 2.665760E-04 | global batch size:     8 | lm loss: 6.440901E+00 | loss scale: 1.0 | grad norm: 0.752 | number of skipped iterations:   0 | number of nan iterations:   0 |
Step Time : 0.33s GPU utilization: 30.9MODEL_TFLOP/s/GPU
 [2026-10-02 18:51:51] iteration      307/    1000 | consumed samples:         2456 | elapsed time per iteration (ms): 330.8 | learning rate: 2.662650E-04 | global batch size:     8 | lm loss: 6.484817E+00 | loss scale: 1.0 | grad norm: 0.909 | number of skipped iterations:   0 | number of nan iterations:   0 |
Step Time : 0.33s GPU utilization: 30.9MODEL_TFLOP/s/GPU
 [2026-10-02 18:51:51] iteration      308/    1000 | consumed samples:         2464 | elapsed time per iteration (ms): 330.9 | learning rate: 2.659528E-04 | global batch size:     8 | lm loss: 6.392980E+00 | loss scale: 1.0 | grad norm: 0.903 | number of skipped iterations:   0 | number of nan iterations:   0 |
Step Time : 0.33s GPU utilization: 30.8MODEL_TFLOP/s/GPU
 [2026-10-02 18:51:51] iteration      309/    1000 | consumed samples:         2472 | elapsed time per iteration (ms): 332.2 | learning rate: 2.656392E-04 | global batch size:     8 | lm loss: 6.391407E+00 | loss scale: 1.0 | grad norm: 0.740 | number of skipped iterations:   0 | number of nan iterations:   0 |
Step Time : 0.33s GPU utilization: 30.9MODEL_TFLOP/s/GPU
 [2026-10-02 18:51:52] iteration      310/    1000 | consumed samples:         2480 | elapsed time per iteration (ms): 331.2 | learning rate: 2.653245E-04 | global batch size:     8 | lm loss: 6.522234E+00 | loss scale: 1.0 | grad norm: 0.938 | number of skipped iterations:   0 | number of nan iterations:   0 |
Step Time : 0.33s GPU utilization: 30.8MODEL_TFLOP/s/GPU
 [2026-10-02 18:51:52] iteration      311/    1000 | consumed samples:         2488 | elapsed time per iteration (ms): 331.7 | learning rate: 2.650086E-04 | global batch size:     8 | lm loss: 6.372612E+00 | loss scale: 1.0 | grad norm: 0.802 | number of skipped iterations:   0 | number of nan iterations:   0 |
Step Time : 0.33s GPU utilization: 30.8MODEL_TFLOP/s/GPU
 [2026-10-02 18:51:52] iteration      312/    1000 | consumed samples:         2496 | elapsed time per iteration (ms): 331.6 | learning rate: 2.646915E-04 | global batch size:     8 | lm loss: 6.352275E+00 | loss scale: 1.0 | grad norm: 0.849 | number of skipped iterations:   0 | number of nan iterations:   0 |
Step Time : 0.33s GPU utilization: 30.9MODEL_TFLOP/s/GPU
 [2026-10-02 18:51:53] iteration      313/    1000 | consumed samples:         2504 | elapsed time per iteration (ms): 331.1 | learning rate: 2.643731E-04 | global batch size:     8 | lm loss: 5.975061E+00 | loss scale: 1.0 | grad norm: 0.854 | number of skipped iterations:   0 | number of nan iterations:   0 |
Step Time : 0.33s GPU utilization: 30.9MODEL_TFLOP/s/GPU
 [2026-10-02 18:51:53] iteration      314/    1000 | consumed samples:         2512 | elapsed time per iteration (ms): 331.3 | learning rate: 2.640535E-04 | global batch size:     8 | lm loss: 6.399911E+00 | loss scale: 1.0 | grad norm: 0.859 | number of skipped iterations:   0 | number of nan iterations:   0 |
Step Time : 0.33s GPU utilization: 30.9MODEL_TFLOP/s/GPU
 [2026-10-02 18:51:53] iteration      315/    1000 | consumed samples:         2520 | elapsed time per iteration (ms): 331.3 | learning rate: 2.637327E-04 | global batch size:     8 | lm loss: 6.372430E+00 | loss scale: 1.0 | grad norm: 1.475 | number of skipped iterations:   0 | number of nan iterations:   0 |
Step Time : 0.33s GPU utilization: 30.8MODEL_TFLOP/s/GPU
 [2026-10-02 18:51:54] iteration      316/    1000 | consumed samples:         2528 | elapsed time per iteration (ms): 331.7 | learning rate: 2.634108E-04 | global batch size:     8 | lm loss: 5.983413E+00 | loss scale: 1.0 | grad norm: 0.848 | number of skipped iterations:   0 | number of nan iterations:   0 |
Step Time : 0.33s GPU utilization: 30.8MODEL_TFLOP/s/GPU
 [2026-10-02 18:51:54] iteration      317/    1000 | consumed samples:         2536 | elapsed time per iteration (ms): 331.6 | learning rate: 2.630876E-04 | global batch size:     8 | lm loss: 6.445154E+00 | loss scale: 1.0 | grad norm: 0.845 | number of skipped iterations:   0 | number of nan iterations:   0 |
Step Time : 0.33s GPU utilization: 30.9MODEL_TFLOP/s/GPU
 [2026-10-02 18:51:54] iteration      318/    1000 | consumed samples:         2544 | elapsed time per iteration (ms): 331.1 | learning rate: 2.627632E-04 | global batch size:     8 | lm loss: 6.477215E+00 | loss scale: 1.0 | grad norm: 0.864 | number of skipped iterations:   0 | number of nan iterations:   0 |
Step Time : 0.33s GPU utilization: 30.9MODEL_TFLOP/s/GPU
 [2026-10-02 18:51:55] iteration      319/    1000 | consumed samples:         2552 | elapsed time per iteration (ms): 331.0 | learning rate: 2.624376E-04 | global batch size:     8 | lm loss: 6.354733E+00 | loss scale: 1.0 | grad norm: 0.920 | number of skipped iterations:   0 | number of nan iterations:   0 |
Step Time : 0.33s GPU utilization: 30.9MODEL_TFLOP/s/GPU
 [2026-10-02 18:51:55] iteration      320/    1000 | consumed samples:         2560 | elapsed time per iteration (ms): 331.0 | learning rate: 2.621109E-04 | global batch size:     8 | lm loss: 6.393760E+00 | loss scale: 1.0 | grad norm: 0.899 | number of skipped iterations:   0 | number of nan iterations:   0 |
Step Time : 0.33s GPU utilization: 30.8MODEL_TFLOP/s/GPU
 [2026-10-02 18:51:55] iteration      321/    1000 | consumed samples:         2568 | elapsed time per iteration (ms): 331.6 | learning rate: 2.617829E-04 | global batch size:     8 | lm loss: 6.387061E+00 | loss scale: 1.0 | grad norm: 0.828 | number of skipped iterations:   0 | number of nan iterations:   0 |
Step Time : 0.33s GPU utilization: 30.9MODEL_TFLOP/s/GPU
 [2026-10-02 18:51:56] iteration      322/    1000 | consumed samples:         2576 | elapsed time per iteration (ms): 331.2 | learning rate: 2.614538E-04 | global batch size:     8 | lm loss: 6.143337E+00 | loss scale: 1.0 | grad norm: 1.315 | number of skipped iterations:   0 | number of nan iterations:   0 |
Step Time : 0.33s GPU utilization: 30.9MODEL_TFLOP/s/GPU
 [2026-10-02 18:51:56] iteration      323/    1000 | consumed samples:         2584 | elapsed time per iteration (ms): 331.1 | learning rate: 2.611235E-04 | global batch size:     8 | lm loss: 6.210033E+00 | loss scale: 1.0 | grad norm: 0.817 | number of skipped iterations:   0 | number of nan iterations:   0 |
Step Time : 0.33s GPU utilization: 30.8MODEL_TFLOP/s/GPU
 [2026-10-02 18:51:56] iteration      324/    1000 | consumed samples:         2592 | elapsed time per iteration (ms): 331.6 | learning rate: 2.607921E-04 | global batch size:     8 | lm loss: 6.260432E+00 | loss scale: 1.0 | grad norm: 0.951 | number of skipped iterations:   0 | number of nan iterations:   0 |
Step Time : 0.33s GPU utilization: 30.9MODEL_TFLOP/s/GPU
 [2026-10-02 18:51:57] iteration      325/    1000 | consumed samples:         2600 | elapsed time per iteration (ms): 331.2 | learning rate: 2.604594E-04 | global batch size:     8 | lm loss: 6.286193E+00 | loss scale: 1.0 | grad norm: 0.822 | number of skipped iterations:   0 | number of nan iterations:   0 |
Step Time : 0.33s GPU utilization: 30.9MODEL_TFLOP/s/GPU
 [2026-10-02 18:51:57] iteration      326/    1000 | consumed samples:         2608 | elapsed time per iteration (ms): 330.7 | learning rate: 2.601256E-04 | global batch size:     8 | lm loss: 6.501859E+00 | loss scale: 1.0 | grad norm: 1.054 | number of skipped iterations:   0 | number of nan iterations:   0 |
Step Time : 0.33s GPU utilization: 30.9MODEL_TFLOP/s/GPU
 [2026-10-02 18:51:57] iteration      327/    1000 | consumed samples:         2616 | elapsed time per iteration (ms): 331.3 | learning rate: 2.597907E-04 | global batch size:     8 | lm loss: 6.162569E+00 | loss scale: 1.0 | grad norm: 0.860 | number of skipped iterations:   0 | number of nan iterations:   0 |
Step Time : 0.33s GPU utilization: 30.8MODEL_TFLOP/s/GPU
 [2026-10-02 18:51:58] iteration      328/    1000 | consumed samples:         2624 | elapsed time per iteration (ms): 331.8 | learning rate: 2.594545E-04 | global batch size:     8 | lm loss: 6.466461E+00 | loss scale: 1.0 | grad norm: 0.847 | number of skipped iterations:   0 | number of nan iterations:   0 |
Step Time : 0.33s GPU utilization: 30.8MODEL_TFLOP/s/GPU
 [2026-10-02 18:51:58] iteration      329/    1000 | consumed samples:         2632 | elapsed time per iteration (ms): 331.6 | learning rate: 2.591173E-04 | global batch size:     8 | lm loss: 6.387585E+00 | loss scale: 1.0 | grad norm: 0.857 | number of skipped iterations:   0 | number of nan iterations:   0 |
Step Time : 0.33s GPU utilization: 30.9MODEL_TFLOP/s/GPU
 [2026-10-02 18:51:58] iteration      330/    1000 | consumed samples:         2640 | elapsed time per iteration (ms): 331.1 | learning rate: 2.587789E-04 | global batch size:     8 | lm loss: 6.263085E+00 | loss scale: 1.0 | grad norm: 0.994 | number of skipped iterations:   0 | number of nan iterations:   0 |
Step Time : 0.33s GPU utilization: 30.8MODEL_TFLOP/s/GPU
 [2026-10-02 18:51:59] iteration      331/    1000 | consumed samples:         2648 | elapsed time per iteration (ms): 331.6 | learning rate: 2.584393E-04 | global batch size:     8 | lm loss: 6.293968E+00 | loss scale: 1.0 | grad norm: 0.844 | number of skipped iterations:   0 | number of nan iterations:   0 |
Step Time : 0.33s GPU utilization: 30.8MODEL_TFLOP/s/GPU
 [2026-10-02 18:51:59] iteration      332/    1000 | consumed samples:         2656 | elapsed time per iteration (ms): 332.1 | learning rate: 2.580986E-04 | global batch size:     8 | lm loss: 6.428128E+00 | loss scale: 1.0 | grad norm: 0.788 | number of skipped iterations:   0 | number of nan iterations:   0 |
Step Time : 0.33s GPU utilization: 30.9MODEL_TFLOP/s/GPU
 [2026-10-02 18:51:59] iteration      333/    1000 | consumed samples:         2664 | elapsed time per iteration (ms): 331.3 | learning rate: 2.577568E-04 | global batch size:     8 | lm loss: 6.429914E+00 | loss scale: 1.0 | grad norm: 0.859 | number of skipped iterations:   0 | number of nan iterations:   0 |
Step Time : 0.33s GPU utilization: 30.9MODEL_TFLOP/s/GPU
 [2026-10-02 18:52:00] iteration      334/    1000 | consumed samples:         2672 | elapsed time per iteration (ms): 331.0 | learning rate: 2.574139E-04 | global batch size:     8 | lm loss: 6.461484E+00 | loss scale: 1.0 | grad norm: 0.837 | number of skipped iterations:   0 | number of nan iterations:   0 |
Step Time : 0.33s GPU utilization: 30.8MODEL_TFLOP/s/GPU
 [2026-10-02 18:52:00] iteration      335/    1000 | consumed samples:         2680 | elapsed time per iteration (ms): 331.7 | learning rate: 2.570698E-04 | global batch size:     8 | lm loss: 6.282726E+00 | loss scale: 1.0 | grad norm: 0.916 | number of skipped iterations:   0 | number of nan iterations:   0 |
Step Time : 0.33s GPU utilization: 30.9MODEL_TFLOP/s/GPU
 [2026-10-02 18:52:00] iteration      336/    1000 | consumed samples:         2688 | elapsed time per iteration (ms): 331.2 | learning rate: 2.567246E-04 | global batch size:     8 | lm loss: 6.203459E+00 | loss scale: 1.0 | grad norm: 0.959 | number of skipped iterations:   0 | number of nan iterations:   0 |
Step Time : 0.33s GPU utilization: 30.9MODEL_TFLOP/s/GPU
 [2026-10-02 18:52:01] iteration      337/    1000 | consumed samples:         2696 | elapsed time per iteration (ms): 330.9 | learning rate: 2.563783E-04 | global batch size:     8 | lm loss: 6.451330E+00 | loss scale: 1.0 | grad norm: 0.756 | number of skipped iterations:   0 | number of nan iterations:   0 |
Step Time : 0.33s GPU utilization: 30.9MODEL_TFLOP/s/GPU
 [2026-10-02 18:52:01] iteration      338/    1000 | consumed samples:         2704 | elapsed time per iteration (ms): 331.0 | learning rate: 2.560308E-04 | global batch size:     8 | lm loss: 6.200539E+00 | loss scale: 1.0 | grad norm: 0.876 | number of skipped iterations:   0 | number of nan iterations:   0 |
Step Time : 0.33s GPU utilization: 30.8MODEL_TFLOP/s/GPU
 [2026-10-02 18:52:01] iteration      339/    1000 | consumed samples:         2712 | elapsed time per iteration (ms): 331.7 | learning rate: 2.556823E-04 | global batch size:     8 | lm loss: 6.189988E+00 | loss scale: 1.0 | grad norm: 0.923 | number of skipped iterations:   0 | number of nan iterations:   0 |
Step Time : 0.33s GPU utilization: 30.8MODEL_TFLOP/s/GPU
 [2026-10-02 18:52:02] iteration      340/    1000 | consumed samples:         2720 | elapsed time per iteration (ms): 331.4 | learning rate: 2.553326E-04 | global batch size:     8 | lm loss: 6.110635E+00 | loss scale: 1.0 | grad norm: 0.879 | number of skipped iterations:   0 | number of nan iterations:   0 |
Step Time : 0.33s GPU utilization: 30.9MODEL_TFLOP/s/GPU
 [2026-10-02 18:52:02] iteration      341/    1000 | consumed samples:         2728 | elapsed time per iteration (ms): 331.4 | learning rate: 2.549819E-04 | global batch size:     8 | lm loss: 6.470551E+00 | loss scale: 1.0 | grad norm: 1.071 | number of skipped iterations:   0 | number of nan iterations:   0 |
Step Time : 0.33s GPU utilization: 30.8MODEL_TFLOP/s/GPU
 [2026-10-02 18:52:02] iteration      342/    1000 | consumed samples:         2736 | elapsed time per iteration (ms): 331.6 | learning rate: 2.546301E-04 | global batch size:     8 | lm loss: 6.501393E+00 | loss scale: 1.0 | grad norm: 0.783 | number of skipped iterations:   0 | number of nan iterations:   0 |
Step Time : 0.33s GPU utilization: 30.8MODEL_TFLOP/s/GPU
 [2026-10-02 18:52:03] iteration      343/    1000 | consumed samples:         2744 | elapsed time per iteration (ms): 331.9 | learning rate: 2.542771E-04 | global batch size:     8 | lm loss: 6.063753E+00 | loss scale: 1.0 | grad norm: 1.052 | number of skipped iterations:   0 | number of nan iterations:   0 |
Step Time : 0.33s GPU utilization: 30.9MODEL_TFLOP/s/GPU
 [2026-10-02 18:52:03] iteration      344/    1000 | consumed samples:         2752 | elapsed time per iteration (ms): 331.4 | learning rate: 2.539231E-04 | global batch size:     8 | lm loss: 6.323960E+00 | loss scale: 1.0 | grad norm: 0.905 | number of skipped iterations:   0 | number of nan iterations:   0 |
Step Time : 0.33s GPU utilization: 30.8MODEL_TFLOP/s/GPU
 [2026-10-02 18:52:03] iteration      345/    1000 | consumed samples:         2760 | elapsed time per iteration (ms): 332.0 | learning rate: 2.535680E-04 | global batch size:     8 | lm loss: 6.522462E+00 | loss scale: 1.0 | grad norm: 0.816 | number of skipped iterations:   0 | number of nan iterations:   0 |
Step Time : 0.33s GPU utilization: 30.9MODEL_TFLOP/s/GPU
 [2026-10-02 18:52:04] iteration      346/    1000 | consumed samples:         2768 | elapsed time per iteration (ms): 331.4 | learning rate: 2.532118E-04 | global batch size:     8 | lm loss: 6.411890E+00 | loss scale: 1.0 | grad norm: 0.925 | number of skipped iterations:   0 | number of nan iterations:   0 |
Step Time : 0.33s GPU utilization: 30.9MODEL_TFLOP/s/GPU
 [2026-10-02 18:52:04] iteration      347/    1000 | consumed samples:         2776 | elapsed time per iteration (ms): 331.0 | learning rate: 2.528545E-04 | global batch size:     8 | lm loss: 6.428583E+00 | loss scale: 1.0 | grad norm: 0.890 | number of skipped iterations:   0 | number of nan iterations:   0 |
Step Time : 0.33s GPU utilization: 30.9MODEL_TFLOP/s/GPU
 [2026-10-02 18:52:04] iteration      348/    1000 | consumed samples:         2784 | elapsed time per iteration (ms): 331.3 | learning rate: 2.524962E-04 | global batch size:     8 | lm loss: 6.503579E+00 | loss scale: 1.0 | grad norm: 0.985 | number of skipped iterations:   0 | number of nan iterations:   0 |
Step Time : 0.33s GPU utilization: 30.8MODEL_TFLOP/s/GPU
 [2026-10-02 18:52:05] iteration      349/    1000 | consumed samples:         2792 | elapsed time per iteration (ms): 331.9 | learning rate: 2.521368E-04 | global batch size:     8 | lm loss: 6.885887E+00 | loss scale: 1.0 | grad norm: 5.950 | number of skipped iterations:   0 | number of nan iterations:   0 |
Step Time : 0.33s GPU utilization: 30.8MODEL_TFLOP/s/GPU
 [2026-10-02 18:52:05] iteration      350/    1000 | consumed samples:         2800 | elapsed time per iteration (ms): 332.1 | learning rate: 2.517763E-04 | global batch size:     8 | lm loss: 6.206465E+00 | loss scale: 1.0 | grad norm: 1.018 | number of skipped iterations:   0 | number of nan iterations:   0 |
Step Time : 0.33s GPU utilization: 30.9MODEL_TFLOP/s/GPU
 [2026-10-02 18:52:05] iteration      351/    1000 | consumed samples:         2808 | elapsed time per iteration (ms): 331.1 | learning rate: 2.514148E-04 | global batch size:     8 | lm loss: 6.273764E+00 | loss scale: 1.0 | grad norm: 0.898 | number of skipped iterations:   0 | number of nan iterations:   0 |
Step Time : 0.33s GPU utilization: 30.9MODEL_TFLOP/s/GPU
 [2026-10-02 18:52:06] iteration      352/    1000 | consumed samples:         2816 | elapsed time per iteration (ms): 331.3 | learning rate: 2.510522E-04 | global batch size:     8 | lm loss: 6.216969E+00 | loss scale: 1.0 | grad norm: 0.940 | number of skipped iterations:   0 | number of nan iterations:   0 |
Step Time : 0.33s GPU utilization: 30.9MODEL_TFLOP/s/GPU
 [2026-10-02 18:52:06] iteration      353/    1000 | consumed samples:         2824 | elapsed time per iteration (ms): 331.4 | learning rate: 2.506886E-04 | global batch size:     8 | lm loss: 6.581091E+00 | loss scale: 1.0 | grad norm: 0.876 | number of skipped iterations:   0 | number of nan iterations:   0 |
Step Time : 0.33s GPU utilization: 30.9MODEL_TFLOP/s/GPU
 [2026-10-02 18:52:06] iteration      354/    1000 | consumed samples:         2832 | elapsed time per iteration (ms): 331.0 | learning rate: 2.503240E-04 | global batch size:     8 | lm loss: 6.055680E+00 | loss scale: 1.0 | grad norm: 0.888 | number of skipped iterations:   0 | number of nan iterations:   0 |
Step Time : 0.33s GPU utilization: 30.9MODEL_TFLOP/s/GPU
 [2026-10-02 18:52:07] iteration      355/    1000 | consumed samples:         2840 | elapsed time per iteration (ms): 331.3 | learning rate: 2.499582E-04 | global batch size:     8 | lm loss: 6.274338E+00 | loss scale: 1.0 | grad norm: 0.887 | number of skipped iterations:   0 | number of nan iterations:   0 |
Step Time : 0.33s GPU utilization: 30.8MODEL_TFLOP/s/GPU
 [2026-10-02 18:52:07] iteration      356/    1000 | consumed samples:         2848 | elapsed time per iteration (ms): 332.3 | learning rate: 2.495915E-04 | global batch size:     8 | lm loss: 6.069353E+00 | loss scale: 1.0 | grad norm: 0.931 | number of skipped iterations:   0 | number of nan iterations:   0 |
Step Time : 0.33s GPU utilization: 30.9MODEL_TFLOP/s/GPU
 [2026-10-02 18:52:07] iteration      357/    1000 | consumed samples:         2856 | elapsed time per iteration (ms): 330.9 | learning rate: 2.492238E-04 | global batch size:     8 | lm loss: 6.427773E+00 | loss scale: 1.0 | grad norm: 0.943 | number of skipped iterations:   0 | number of nan iterations:   0 |
Step Time : 0.33s GPU utilization: 30.9MODEL_TFLOP/s/GPU
 [2026-10-02 18:52:08] iteration      358/    1000 | consumed samples:         2864 | elapsed time per iteration (ms): 330.9 | learning rate: 2.488550E-04 | global batch size:     8 | lm loss: 6.237079E+00 | loss scale: 1.0 | grad norm: 1.300 | number of skipped iterations:   0 | number of nan iterations:   0 |
Step Time : 0.33s GPU utilization: 30.8MODEL_TFLOP/s/GPU
 [2026-10-02 18:52:08] iteration      359/    1000 | consumed samples:         2872 | elapsed time per iteration (ms): 331.9 | learning rate: 2.484851E-04 | global batch size:     8 | lm loss: 6.722164E+00 | loss scale: 1.0 | grad norm: 1.057 | number of skipped iterations:   0 | number of nan iterations:   0 |
Step Time : 0.33s GPU utilization: 30.9MODEL_TFLOP/s/GPU
 [2026-10-02 18:52:08] iteration      360/    1000 | consumed samples:         2880 | elapsed time per iteration (ms): 331.0 | learning rate: 2.481143E-04 | global batch size:     8 | lm loss: 6.254921E+00 | loss scale: 1.0 | grad norm: 0.966 | number of skipped iterations:   0 | number of nan iterations:   0 |
Step Time : 0.33s GPU utilization: 30.9MODEL_TFLOP/s/GPU
 [2026-10-02 18:52:09] iteration      361/    1000 | consumed samples:         2888 | elapsed time per iteration (ms): 331.3 | learning rate: 2.477425E-04 | global batch size:     8 | lm loss: 6.418381E+00 | loss scale: 1.0 | grad norm: 0.837 | number of skipped iterations:   0 | number of nan iterations:   0 |
Step Time : 0.33s GPU utilization: 30.9MODEL_TFLOP/s/GPU
 [2026-10-02 18:52:09] iteration      362/    1000 | consumed samples:         2896 | elapsed time per iteration (ms): 330.6 | learning rate: 2.473696E-04 | global batch size:     8 | lm loss: 6.303371E+00 | loss scale: 1.0 | grad norm: 0.797 | number of skipped iterations:   0 | number of nan iterations:   0 |
Step Time : 0.33s GPU utilization: 30.9MODEL_TFLOP/s/GPU
 [2026-10-02 18:52:09] iteration      363/    1000 | consumed samples:         2904 | elapsed time per iteration (ms): 331.2 | learning rate: 2.469957E-04 | global batch size:     8 | lm loss: 6.201010E+00 | loss scale: 1.0 | grad norm: 0.782 | number of skipped iterations:   0 | number of nan iterations:   0 |
Step Time : 0.33s GPU utilization: 30.8MODEL_TFLOP/s/GPU
 [2026-10-02 18:52:10] iteration      364/    1000 | consumed samples:         2912 | elapsed time per iteration (ms): 331.7 | learning rate: 2.466209E-04 | global batch size:     8 | lm loss: 6.277804E+00 | loss scale: 1.0 | grad norm: 0.777 | number of skipped iterations:   0 | number of nan iterations:   0 |
Step Time : 0.33s GPU utilization: 30.8MODEL_TFLOP/s/GPU
 [2026-10-02 18:52:10] iteration      365/    1000 | consumed samples:         2920 | elapsed time per iteration (ms): 331.6 | learning rate: 2.462450E-04 | global batch size:     8 | lm loss: 6.893481E+00 | loss scale: 1.0 | grad norm: 1.949 | number of skipped iterations:   0 | number of nan iterations:   0 |
Step Time : 0.33s GPU utilization: 30.8MODEL_TFLOP/s/GPU
 [2026-10-02 18:52:10] iteration      366/    1000 | consumed samples:         2928 | elapsed time per iteration (ms): 331.7 | learning rate: 2.458682E-04 | global batch size:     8 | lm loss: 6.043187E+00 | loss scale: 1.0 | grad norm: 0.753 | number of skipped iterations:   0 | number of nan iterations:   0 |
Step Time : 0.33s GPU utilization: 30.8MODEL_TFLOP/s/GPU
 [2026-10-02 18:52:11] iteration      367/    1000 | consumed samples:         2936 | elapsed time per iteration (ms): 331.7 | learning rate: 2.454903E-04 | global batch size:     8 | lm loss: 6.519439E+00 | loss scale: 1.0 | grad norm: 0.800 | number of skipped iterations:   0 | number of nan iterations:   0 |
Step Time : 0.33s GPU utilization: 30.9MODEL_TFLOP/s/GPU
 [2026-10-02 18:52:11] iteration      368/    1000 | consumed samples:         2944 | elapsed time per iteration (ms): 331.2 | learning rate: 2.451116E-04 | global batch size:     8 | lm loss: 6.378084E+00 | loss scale: 1.0 | grad norm: 0.867 | number of skipped iterations:   0 | number of nan iterations:   0 |
Step Time : 0.33s GPU utilization: 30.9MODEL_TFLOP/s/GPU
 [2026-10-02 18:52:11] iteration      369/    1000 | consumed samples:         2952 | elapsed time per iteration (ms): 331.0 | learning rate: 2.447318E-04 | global batch size:     8 | lm loss: 6.060500E+00 | loss scale: 1.0 | grad norm: 0.824 | number of skipped iterations:   0 | number of nan iterations:   0 |
Step Time : 0.33s GPU utilization: 30.9MODEL_TFLOP/s/GPU
 [2026-10-02 18:52:12] iteration      370/    1000 | consumed samples:         2960 | elapsed time per iteration (ms): 330.9 | learning rate: 2.443510E-04 | global batch size:     8 | lm loss: 6.385994E+00 | loss scale: 1.0 | grad norm: 0.867 | number of skipped iterations:   0 | number of nan iterations:   0 |
Step Time : 0.33s GPU utilization: 30.8MODEL_TFLOP/s/GPU
 [2026-10-02 18:52:12] iteration      371/    1000 | consumed samples:         2968 | elapsed time per iteration (ms): 331.5 | learning rate: 2.439693E-04 | global batch size:     8 | lm loss: 6.367444E+00 | loss scale: 1.0 | grad norm: 0.818 | number of skipped iterations:   0 | number of nan iterations:   0 |
Step Time : 0.33s GPU utilization: 30.9MODEL_TFLOP/s/GPU
 [2026-10-02 18:52:12] iteration      372/    1000 | consumed samples:         2976 | elapsed time per iteration (ms): 331.2 | learning rate: 2.435866E-04 | global batch size:     8 | lm loss: 6.162313E+00 | loss scale: 1.0 | grad norm: 0.948 | number of skipped iterations:   0 | number of nan iterations:   0 |
Step Time : 0.33s GPU utilization: 30.9MODEL_TFLOP/s/GPU
 [2026-10-02 18:52:13] iteration      373/    1000 | consumed samples:         2984 | elapsed time per iteration (ms): 331.2 | learning rate: 2.432030E-04 | global batch size:     8 | lm loss: 6.530510E+00 | loss scale: 1.0 | grad norm: 0.898 | number of skipped iterations:   0 | number of nan iterations:   0 |
Step Time : 0.33s GPU utilization: 30.8MODEL_TFLOP/s/GPU
 [2026-10-02 18:52:13] iteration      374/    1000 | consumed samples:         2992 | elapsed time per iteration (ms): 332.3 | learning rate: 2.428184E-04 | global batch size:     8 | lm loss: 6.207867E+00 | loss scale: 1.0 | grad norm: 0.817 | number of skipped iterations:   0 | number of nan iterations:   0 |
Step Time : 0.33s GPU utilization: 30.8MODEL_TFLOP/s/GPU
 [2026-10-02 18:52:13] iteration      375/    1000 | consumed samples:         3000 | elapsed time per iteration (ms): 331.8 | learning rate: 2.424328E-04 | global batch size:     8 | lm loss: 6.358017E+00 | loss scale: 1.0 | grad norm: 0.880 | number of skipped iterations:   0 | number of nan iterations:   0 |
Step Time : 0.33s GPU utilization: 30.9MODEL_TFLOP/s/GPU
 [2026-10-02 18:52:14] iteration      376/    1000 | consumed samples:         3008 | elapsed time per iteration (ms): 331.1 | learning rate: 2.420463E-04 | global batch size:     8 | lm loss: 6.630195E+00 | loss scale: 1.0 | grad norm: 1.016 | number of skipped iterations:   0 | number of nan iterations:   0 |
Step Time : 0.33s GPU utilization: 30.9MODEL_TFLOP/s/GPU
 [2026-10-02 18:52:14] iteration      377/    1000 | consumed samples:         3016 | elapsed time per iteration (ms): 331.2 | learning rate: 2.416589E-04 | global batch size:     8 | lm loss: 6.218952E+00 | loss scale: 1.0 | grad norm: 1.015 | number of skipped iterations:   0 | number of nan iterations:   0 |
Step Time : 0.33s GPU utilization: 30.9MODEL_TFLOP/s/GPU
 [2026-10-02 18:52:14] iteration      378/    1000 | consumed samples:         3024 | elapsed time per iteration (ms): 331.4 | learning rate: 2.412706E-04 | global batch size:     8 | lm loss: 6.334060E+00 | loss scale: 1.0 | grad norm: 0.971 | number of skipped iterations:   0 | number of nan iterations:   0 |
Step Time : 0.33s GPU utilization: 30.9MODEL_TFLOP/s/GPU
 [2026-10-02 18:52:15] iteration      379/    1000 | consumed samples:         3032 | elapsed time per iteration (ms): 331.4 | learning rate: 2.408813E-04 | global batch size:     8 | lm loss: 6.498221E+00 | loss scale: 1.0 | grad norm: 0.826 | number of skipped iterations:   0 | number of nan iterations:   0 |
Step Time : 0.33s GPU utilization: 30.9MODEL_TFLOP/s/GPU
 [2026-10-02 18:52:15] iteration      380/    1000 | consumed samples:         3040 | elapsed time per iteration (ms): 331.4 | learning rate: 2.404910E-04 | global batch size:     8 | lm loss: 6.596520E+00 | loss scale: 1.0 | grad norm: 1.006 | number of skipped iterations:   0 | number of nan iterations:   0 |
Step Time : 0.33s GPU utilization: 30.9MODEL_TFLOP/s/GPU
 [2026-10-02 18:52:15] iteration      381/    1000 | consumed samples:         3048 | elapsed time per iteration (ms): 331.2 | learning rate: 2.400999E-04 | global batch size:     8 | lm loss: 6.350536E+00 | loss scale: 1.0 | grad norm: 0.983 | number of skipped iterations:   0 | number of nan iterations:   0 |
Step Time : 0.33s GPU utilization: 30.9MODEL_TFLOP/s/GPU
 [2026-10-02 18:52:16] iteration      382/    1000 | consumed samples:         3056 | elapsed time per iteration (ms): 330.9 | learning rate: 2.397079E-04 | global batch size:     8 | lm loss: 6.042631E+00 | loss scale: 1.0 | grad norm: 0.853 | number of skipped iterations:   0 | number of nan iterations:   0 |
Step Time : 0.33s GPU utilization: 30.8MODEL_TFLOP/s/GPU
 [2026-10-02 18:52:16] iteration      383/    1000 | consumed samples:         3064 | elapsed time per iteration (ms): 332.0 | learning rate: 2.393149E-04 | global batch size:     8 | lm loss: 6.034857E+00 | loss scale: 1.0 | grad norm: 0.744 | number of skipped iterations:   0 | number of nan iterations:   0 |
Step Time : 0.33s GPU utilization: 30.8MODEL_TFLOP/s/GPU
 [2026-10-02 18:52:16] iteration      384/    1000 | consumed samples:         3072 | elapsed time per iteration (ms): 331.6 | learning rate: 2.389210E-04 | global batch size:     8 | lm loss: 6.181615E+00 | loss scale: 1.0 | grad norm: 1.012 | number of skipped iterations:   0 | number of nan iterations:   0 |
Step Time : 0.33s GPU utilization: 30.9MODEL_TFLOP/s/GPU
 [2026-10-02 18:52:17] iteration      385/    1000 | consumed samples:         3080 | elapsed time per iteration (ms): 331.3 | learning rate: 2.385263E-04 | global batch size:     8 | lm loss: 6.103370E+00 | loss scale: 1.0 | grad norm: 0.820 | number of skipped iterations:   0 | number of nan iterations:   0 |
Step Time : 0.33s GPU utilization: 30.9MODEL_TFLOP/s/GPU
 [2026-10-02 18:52:17] iteration      386/    1000 | consumed samples:         3088 | elapsed time per iteration (ms): 330.9 | learning rate: 2.381306E-04 | global batch size:     8 | lm loss: 6.597242E+00 | loss scale: 1.0 | grad norm: 5.530 | number of skipped iterations:   0 | number of nan iterations:   0 |
Step Time : 0.33s GPU utilization: 30.9MODEL_TFLOP/s/GPU
 [2026-10-02 18:52:17] iteration      387/    1000 | consumed samples:         3096 | elapsed time per iteration (ms): 331.3 | learning rate: 2.377341E-04 | global batch size:     8 | lm loss: 6.237255E+00 | loss scale: 1.0 | grad norm: 0.842 | number of skipped iterations:   0 | number of nan iterations:   0 |
Step Time : 0.33s GPU utilization: 30.8MODEL_TFLOP/s/GPU
 [2026-10-02 18:52:18] iteration      388/    1000 | consumed samples:         3104 | elapsed time per iteration (ms): 331.5 | learning rate: 2.373366E-04 | global batch size:     8 | lm loss: 6.239554E+00 | loss scale: 1.0 | grad norm: 0.928 | number of skipped iterations:   0 | number of nan iterations:   0 |
Step Time : 0.33s GPU utilization: 30.9MODEL_TFLOP/s/GPU
 [2026-10-02 18:52:18] iteration      389/    1000 | consumed samples:         3112 | elapsed time per iteration (ms): 331.2 | learning rate: 2.369383E-04 | global batch size:     8 | lm loss: 5.988548E+00 | loss scale: 1.0 | grad norm: 0.855 | number of skipped iterations:   0 | number of nan iterations:   0 |
Step Time : 0.33s GPU utilization: 30.9MODEL_TFLOP/s/GPU
 [2026-10-02 18:52:18] iteration      390/    1000 | consumed samples:         3120 | elapsed time per iteration (ms): 331.2 | learning rate: 2.365391E-04 | global batch size:     8 | lm loss: 6.327983E+00 | loss scale: 1.0 | grad norm: 1.474 | number of skipped iterations:   0 | number of nan iterations:   0 |
Step Time : 0.33s GPU utilization: 30.9MODEL_TFLOP/s/GPU
 [2026-10-02 18:52:19] iteration      391/    1000 | consumed samples:         3128 | elapsed time per iteration (ms): 331.0 | learning rate: 2.361390E-04 | global batch size:     8 | lm loss: 6.307010E+00 | loss scale: 1.0 | grad norm: 0.886 | number of skipped iterations:   0 | number of nan iterations:   0 |
Step Time : 0.33s GPU utilization: 30.8MODEL_TFLOP/s/GPU
 [2026-10-02 18:52:19] iteration      392/    1000 | consumed samples:         3136 | elapsed time per iteration (ms): 331.5 | learning rate: 2.357381E-04 | global batch size:     8 | lm loss: 6.194494E+00 | loss scale: 1.0 | grad norm: 0.787 | number of skipped iterations:   0 | number of nan iterations:   0 |
Step Time : 0.33s GPU utilization: 30.9MODEL_TFLOP/s/GPU
 [2026-10-02 18:52:19] iteration      393/    1000 | consumed samples:         3144 | elapsed time per iteration (ms): 331.3 | learning rate: 2.353363E-04 | global batch size:     8 | lm loss: 6.035376E+00 | loss scale: 1.0 | grad norm: 0.996 | number of skipped iterations:   0 | number of nan iterations:   0 |
Step Time : 0.33s GPU utilization: 30.9MODEL_TFLOP/s/GPU
 [2026-10-02 18:52:20] iteration      394/    1000 | consumed samples:         3152 | elapsed time per iteration (ms): 331.1 | learning rate: 2.349336E-04 | global batch size:     8 | lm loss: 6.266797E+00 | loss scale: 1.0 | grad norm: 0.834 | number of skipped iterations:   0 | number of nan iterations:   0 |
Step Time : 0.33s GPU utilization: 30.8MODEL_TFLOP/s/GPU
 [2026-10-02 18:52:20] iteration      395/    1000 | consumed samples:         3160 | elapsed time per iteration (ms): 331.6 | learning rate: 2.345301E-04 | global batch size:     8 | lm loss: 6.470197E+00 | loss scale: 1.0 | grad norm: 0.871 | number of skipped iterations:   0 | number of nan iterations:   0 |
Step Time : 0.33s GPU utilization: 30.8MODEL_TFLOP/s/GPU
 [2026-10-02 18:52:20] iteration      396/    1000 | consumed samples:         3168 | elapsed time per iteration (ms): 331.4 | learning rate: 2.341258E-04 | global batch size:     8 | lm loss: 6.278116E+00 | loss scale: 1.0 | grad norm: 0.824 | number of skipped iterations:   0 | number of nan iterations:   0 |
Step Time : 0.33s GPU utilization: 30.9MODEL_TFLOP/s/GPU
 [2026-10-02 18:52:21] iteration      397/    1000 | consumed samples:         3176 | elapsed time per iteration (ms): 331.2 | learning rate: 2.337206E-04 | global batch size:     8 | lm loss: 6.310257E+00 | loss scale: 1.0 | grad norm: 0.762 | number of skipped iterations:   0 | number of nan iterations:   0 |
Step Time : 0.33s GPU utilization: 30.8MODEL_TFLOP/s/GPU
 [2026-10-02 18:52:21] iteration      398/    1000 | consumed samples:         3184 | elapsed time per iteration (ms): 331.8 | learning rate: 2.333146E-04 | global batch size:     8 | lm loss: 6.342350E+00 | loss scale: 1.0 | grad norm: 1.564 | number of skipped iterations:   0 | number of nan iterations:   0 |
Step Time : 0.33s GPU utilization: 30.8MODEL_TFLOP/s/GPU
 [2026-10-02 18:52:21] iteration      399/    1000 | consumed samples:         3192 | elapsed time per iteration (ms): 331.6 | learning rate: 2.329077E-04 | global batch size:     8 | lm loss: 6.099640E+00 | loss scale: 1.0 | grad norm: 0.856 | number of skipped iterations:   0 | number of nan iterations:   0 |
Step Time : 0.33s GPU utilization: 30.8MODEL_TFLOP/s/GPU
 [2026-10-02 18:52:22] iteration      400/    1000 | consumed samples:         3200 | elapsed time per iteration (ms): 331.8 | learning rate: 2.325000E-04 | global batch size:     8 | lm loss: 6.039131E+00 | loss scale: 1.0 | grad norm: 0.802 | number of skipped iterations:   0 | number of nan iterations:   0 |
Step Time : 0.78s GPU utilization: 13.2MODEL_TFLOP/s/GPU
 [2026-10-02 18:52:22] iteration      401/    1000 | consumed samples:         3208 | elapsed time per iteration (ms): 776.8 | learning rate: 2.320915E-04 | global batch size:     8 | lm loss: 6.163345E+00 | loss scale: 1.0 | grad norm: 0.877 | number of skipped iterations:   0 | number of nan iterations:   0 |
Step Time : 0.33s GPU utilization: 30.9MODEL_TFLOP/s/GPU
 [2026-10-02 18:52:23] iteration      402/    1000 | consumed samples:         3216 | elapsed time per iteration (ms): 331.0 | learning rate: 2.316821E-04 | global batch size:     8 | lm loss: 6.279458E+00 | loss scale: 1.0 | grad norm: 0.861 | number of skipped iterations:   0 | number of nan iterations:   0 |
Step Time : 0.33s GPU utilization: 30.9MODEL_TFLOP/s/GPU
 [2026-10-02 18:52:23] iteration      403/    1000 | consumed samples:         3224 | elapsed time per iteration (ms): 330.8 | learning rate: 2.312720E-04 | global batch size:     8 | lm loss: 6.455846E+00 | loss scale: 1.0 | grad norm: 0.997 | number of skipped iterations:   0 | number of nan iterations:   0 |
Step Time : 0.33s GPU utilization: 30.9MODEL_TFLOP/s/GPU
 [2026-10-02 18:52:23] iteration      404/    1000 | consumed samples:         3232 | elapsed time per iteration (ms): 331.4 | learning rate: 2.308611E-04 | global batch size:     8 | lm loss: 6.219639E+00 | loss scale: 1.0 | grad norm: 0.867 | number of skipped iterations:   0 | number of nan iterations:   0 |
Step Time : 0.33s GPU utilization: 30.9MODEL_TFLOP/s/GPU
 [2026-10-02 18:52:24] iteration      405/    1000 | consumed samples:         3240 | elapsed time per iteration (ms): 331.1 | learning rate: 2.304493E-04 | global batch size:     8 | lm loss: 6.377250E+00 | loss scale: 1.0 | grad norm: 0.909 | number of skipped iterations:   0 | number of nan iterations:   0 |
Step Time : 0.33s GPU utilization: 30.9MODEL_TFLOP/s/GPU
 [2026-10-02 18:52:24] iteration      406/    1000 | consumed samples:         3248 | elapsed time per iteration (ms): 331.4 | learning rate: 2.300367E-04 | global batch size:     8 | lm loss: 6.050333E+00 | loss scale: 1.0 | grad norm: 0.882 | number of skipped iterations:   0 | number of nan iterations:   0 |
Step Time : 0.33s GPU utilization: 30.9MODEL_TFLOP/s/GPU
 [2026-10-02 18:52:24] iteration      407/    1000 | consumed samples:         3256 | elapsed time per iteration (ms): 331.3 | learning rate: 2.296234E-04 | global batch size:     8 | lm loss: 6.307292E+00 | loss scale: 1.0 | grad norm: 1.085 | number of skipped iterations:   0 | number of nan iterations:   0 |
Step Time : 0.33s GPU utilization: 30.9MODEL_TFLOP/s/GPU
 [2026-10-02 18:52:25] iteration      408/    1000 | consumed samples:         3264 | elapsed time per iteration (ms): 331.2 | learning rate: 2.292093E-04 | global batch size:     8 | lm loss: 6.445498E+00 | loss scale: 1.0 | grad norm: 0.877 | number of skipped iterations:   0 | number of nan iterations:   0 |
Step Time : 0.33s GPU utilization: 30.8MODEL_TFLOP/s/GPU
 [2026-10-02 18:52:25] iteration      409/    1000 | consumed samples:         3272 | elapsed time per iteration (ms): 331.5 | learning rate: 2.287943E-04 | global batch size:     8 | lm loss: 6.077231E+00 | loss scale: 1.0 | grad norm: 0.762 | number of skipped iterations:   0 | number of nan iterations:   0 |
Step Time : 0.33s GPU utilization: 30.8MODEL_TFLOP/s/GPU
 [2026-10-02 18:52:25] iteration      410/    1000 | consumed samples:         3280 | elapsed time per iteration (ms): 331.5 | learning rate: 2.283787E-04 | global batch size:     8 | lm loss: 6.287712E+00 | loss scale: 1.0 | grad norm: 0.964 | number of skipped iterations:   0 | number of nan iterations:   0 |
Step Time : 0.33s GPU utilization: 30.9MODEL_TFLOP/s/GPU
 [2026-10-02 18:52:26] iteration      411/    1000 | consumed samples:         3288 | elapsed time per iteration (ms): 331.0 | learning rate: 2.279622E-04 | global batch size:     8 | lm loss: 6.077682E+00 | loss scale: 1.0 | grad norm: 0.829 | number of skipped iterations:   0 | number of nan iterations:   0 |
Step Time : 0.33s GPU utilization: 30.8MODEL_TFLOP/s/GPU
 [2026-10-02 18:52:26] iteration      412/    1000 | consumed samples:         3296 | elapsed time per iteration (ms): 331.5 | learning rate: 2.275450E-04 | global batch size:     8 | lm loss: 5.923276E+00 | loss scale: 1.0 | grad norm: 0.865 | number of skipped iterations:   0 | number of nan iterations:   0 |
Step Time : 0.33s GPU utilization: 30.9MODEL_TFLOP/s/GPU
 [2026-10-02 18:52:26] iteration      413/    1000 | consumed samples:         3304 | elapsed time per iteration (ms): 330.8 | learning rate: 2.271270E-04 | global batch size:     8 | lm loss: 6.237997E+00 | loss scale: 1.0 | grad norm: 0.824 | number of skipped iterations:   0 | number of nan iterations:   0 |
Step Time : 0.33s GPU utilization: 30.8MODEL_TFLOP/s/GPU
 [2026-10-02 18:52:27] iteration      414/    1000 | consumed samples:         3312 | elapsed time per iteration (ms): 331.7 | learning rate: 2.267082E-04 | global batch size:     8 | lm loss: 6.066508E+00 | loss scale: 1.0 | grad norm: 1.026 | number of skipped iterations:   0 | number of nan iterations:   0 |
Step Time : 0.33s GPU utilization: 30.8MODEL_TFLOP/s/GPU
 [2026-10-02 18:52:27] iteration      415/    1000 | consumed samples:         3320 | elapsed time per iteration (ms): 331.5 | learning rate: 2.262887E-04 | global batch size:     8 | lm loss: 6.198298E+00 | loss scale: 1.0 | grad norm: 0.883 | number of skipped iterations:   0 | number of nan iterations:   0 |
Step Time : 0.33s GPU utilization: 30.9MODEL_TFLOP/s/GPU
 [2026-10-02 18:52:27] iteration      416/    1000 | consumed samples:         3328 | elapsed time per iteration (ms): 331.2 | learning rate: 2.258685E-04 | global batch size:     8 | lm loss: 6.630533E+00 | loss scale: 1.0 | grad norm: 0.953 | number of skipped iterations:   0 | number of nan iterations:   0 |
Step Time : 0.33s GPU utilization: 30.9MODEL_TFLOP/s/GPU
 [2026-10-02 18:52:28] iteration      417/    1000 | consumed samples:         3336 | elapsed time per iteration (ms): 331.2 | learning rate: 2.254475E-04 | global batch size:     8 | lm loss: 6.311874E+00 | loss scale: 1.0 | grad norm: 0.909 | number of skipped iterations:   0 | number of nan iterations:   0 |
Step Time : 0.33s GPU utilization: 30.8MODEL_TFLOP/s/GPU
 [2026-10-02 18:52:28] iteration      418/    1000 | consumed samples:         3344 | elapsed time per iteration (ms): 331.5 | learning rate: 2.250258E-04 | global batch size:     8 | lm loss: 6.314989E+00 | loss scale: 1.0 | grad norm: 0.827 | number of skipped iterations:   0 | number of nan iterations:   0 |
Step Time : 0.33s GPU utilization: 30.9MODEL_TFLOP/s/GPU
 [2026-10-02 18:52:28] iteration      419/    1000 | consumed samples:         3352 | elapsed time per iteration (ms): 331.2 | learning rate: 2.246033E-04 | global batch size:     8 | lm loss: 6.444078E+00 | loss scale: 1.0 | grad norm: 0.959 | number of skipped iterations:   0 | number of nan iterations:   0 |
Step Time : 0.33s GPU utilization: 30.9MODEL_TFLOP/s/GPU
 [2026-10-02 18:52:29] iteration      420/    1000 | consumed samples:         3360 | elapsed time per iteration (ms): 331.2 | learning rate: 2.241801E-04 | global batch size:     8 | lm loss: 6.123684E+00 | loss scale: 1.0 | grad norm: 0.752 | number of skipped iterations:   0 | number of nan iterations:   0 |
Step Time : 0.33s GPU utilization: 30.9MODEL_TFLOP/s/GPU
 [2026-10-02 18:52:29] iteration      421/    1000 | consumed samples:         3368 | elapsed time per iteration (ms): 331.2 | learning rate: 2.237562E-04 | global batch size:     8 | lm loss: 6.336202E+00 | loss scale: 1.0 | grad norm: 0.844 | number of skipped iterations:   0 | number of nan iterations:   0 |
Step Time : 0.33s GPU utilization: 30.9MODEL_TFLOP/s/GPU
 [2026-10-02 18:52:29] iteration      422/    1000 | consumed samples:         3376 | elapsed time per iteration (ms): 331.4 | learning rate: 2.233316E-04 | global batch size:     8 | lm loss: 6.318190E+00 | loss scale: 1.0 | grad norm: 0.834 | number of skipped iterations:   0 | number of nan iterations:   0 |
Step Time : 0.33s GPU utilization: 30.9MODEL_TFLOP/s/GPU
 [2026-10-02 18:52:30] iteration      423/    1000 | consumed samples:         3384 | elapsed time per iteration (ms): 331.1 | learning rate: 2.229062E-04 | global batch size:     8 | lm loss: 6.624661E+00 | loss scale: 1.0 | grad norm: 1.079 | number of skipped iterations:   0 | number of nan iterations:   0 |
Step Time : 0.33s GPU utilization: 30.8MODEL_TFLOP/s/GPU
 [2026-10-02 18:52:30] iteration      424/    1000 | consumed samples:         3392 | elapsed time per iteration (ms): 331.5 | learning rate: 2.224802E-04 | global batch size:     8 | lm loss: 6.078011E+00 | loss scale: 1.0 | grad norm: 0.823 | number of skipped iterations:   0 | number of nan iterations:   0 |
Step Time : 0.33s GPU utilization: 30.8MODEL_TFLOP/s/GPU
 [2026-10-02 18:52:30] iteration      425/    1000 | consumed samples:         3400 | elapsed time per iteration (ms): 331.5 | learning rate: 2.220535E-04 | global batch size:     8 | lm loss: 6.122811E+00 | loss scale: 1.0 | grad norm: 0.918 | number of skipped iterations:   0 | number of nan iterations:   0 |
Step Time : 0.33s GPU utilization: 30.9MODEL_TFLOP/s/GPU
 [2026-10-02 18:52:31] iteration      426/    1000 | consumed samples:         3408 | elapsed time per iteration (ms): 331.4 | learning rate: 2.216260E-04 | global batch size:     8 | lm loss: 6.596754E+00 | loss scale: 1.0 | grad norm: 0.884 | number of skipped iterations:   0 | number of nan iterations:   0 |
Step Time : 0.33s GPU utilization: 30.8MODEL_TFLOP/s/GPU
 [2026-10-02 18:52:31] iteration      427/    1000 | consumed samples:         3416 | elapsed time per iteration (ms): 331.7 | learning rate: 2.211979E-04 | global batch size:     8 | lm loss: 6.543273E+00 | loss scale: 1.0 | grad norm: 0.936 | number of skipped iterations:   0 | number of nan iterations:   0 |
Step Time : 0.33s GPU utilization: 30.8MODEL_TFLOP/s/GPU
 [2026-10-02 18:52:31] iteration      428/    1000 | consumed samples:         3424 | elapsed time per iteration (ms): 331.9 | learning rate: 2.207691E-04 | global batch size:     8 | lm loss: 6.325017E+00 | loss scale: 1.0 | grad norm: 0.857 | number of skipped iterations:   0 | number of nan iterations:   0 |
Step Time : 0.33s GPU utilization: 30.9MODEL_TFLOP/s/GPU
 [2026-10-02 18:52:32] iteration      429/    1000 | consumed samples:         3432 | elapsed time per iteration (ms): 331.2 | learning rate: 2.203396E-04 | global batch size:     8 | lm loss: 6.225772E+00 | loss scale: 1.0 | grad norm: 0.976 | number of skipped iterations:   0 | number of nan iterations:   0 |
Step Time : 0.33s GPU utilization: 30.9MODEL_TFLOP/s/GPU
 [2026-10-02 18:52:32] iteration      430/    1000 | consumed samples:         3440 | elapsed time per iteration (ms): 331.3 | learning rate: 2.199094E-04 | global batch size:     8 | lm loss: 5.933565E+00 | loss scale: 1.0 | grad norm: 0.886 | number of skipped iterations:   0 | number of nan iterations:   0 |
Step Time : 0.33s GPU utilization: 30.8MODEL_TFLOP/s/GPU
 [2026-10-02 18:52:32] iteration      431/    1000 | consumed samples:         3448 | elapsed time per iteration (ms): 331.5 | learning rate: 2.194786E-04 | global batch size:     8 | lm loss: 6.448064E+00 | loss scale: 1.0 | grad norm: 0.854 | number of skipped iterations:   0 | number of nan iterations:   0 |
Step Time : 0.33s GPU utilization: 30.8MODEL_TFLOP/s/GPU
 [2026-10-02 18:52:33] iteration      432/    1000 | consumed samples:         3456 | elapsed time per iteration (ms): 331.5 | learning rate: 2.190471E-04 | global batch size:     8 | lm loss: 6.175214E+00 | loss scale: 1.0 | grad norm: 0.864 | number of skipped iterations:   0 | number of nan iterations:   0 |
Step Time : 0.33s GPU utilization: 30.9MODEL_TFLOP/s/GPU
 [2026-10-02 18:52:33] iteration      433/    1000 | consumed samples:         3464 | elapsed time per iteration (ms): 331.4 | learning rate: 2.186150E-04 | global batch size:     8 | lm loss: 6.044412E+00 | loss scale: 1.0 | grad norm: 0.788 | number of skipped iterations:   0 | number of nan iterations:   0 |
Step Time : 0.33s GPU utilization: 30.8MODEL_TFLOP/s/GPU
 [2026-10-02 18:52:33] iteration      434/    1000 | consumed samples:         3472 | elapsed time per iteration (ms): 331.9 | learning rate: 2.181822E-04 | global batch size:     8 | lm loss: 6.112116E+00 | loss scale: 1.0 | grad norm: 0.848 | number of skipped iterations:   0 | number of nan iterations:   0 |
Step Time : 0.33s GPU utilization: 30.8MODEL_TFLOP/s/GPU
 [2026-10-02 18:52:34] iteration      435/    1000 | consumed samples:         3480 | elapsed time per iteration (ms): 331.7 | learning rate: 2.177487E-04 | global batch size:     8 | lm loss: 6.367385E+00 | loss scale: 1.0 | grad norm: 0.906 | number of skipped iterations:   0 | number of nan iterations:   0 |
Step Time : 0.33s GPU utilization: 30.9MODEL_TFLOP/s/GPU
 [2026-10-02 18:52:34] iteration      436/    1000 | consumed samples:         3488 | elapsed time per iteration (ms): 331.2 | learning rate: 2.173146E-04 | global batch size:     8 | lm loss: 6.194338E+00 | loss scale: 1.0 | grad norm: 0.894 | number of skipped iterations:   0 | number of nan iterations:   0 |
Step Time : 0.33s GPU utilization: 30.9MODEL_TFLOP/s/GPU
 [2026-10-02 18:52:34] iteration      437/    1000 | consumed samples:         3496 | elapsed time per iteration (ms): 330.6 | learning rate: 2.168799E-04 | global batch size:     8 | lm loss: 6.340105E+00 | loss scale: 1.0 | grad norm: 1.432 | number of skipped iterations:   0 | number of nan iterations:   0 |
Step Time : 0.33s GPU utilization: 30.8MODEL_TFLOP/s/GPU
 [2026-10-02 18:52:35] iteration      438/    1000 | consumed samples:         3504 | elapsed time per iteration (ms): 331.5 | learning rate: 2.164445E-04 | global batch size:     8 | lm loss: 6.388406E+00 | loss scale: 1.0 | grad norm: 0.911 | number of skipped iterations:   0 | number of nan iterations:   0 |
Step Time : 0.33s GPU utilization: 30.9MODEL_TFLOP/s/GPU
 [2026-10-02 18:52:35] iteration      439/    1000 | consumed samples:         3512 | elapsed time per iteration (ms): 331.4 | learning rate: 2.160085E-04 | global batch size:     8 | lm loss: 5.963563E+00 | loss scale: 1.0 | grad norm: 0.778 | number of skipped iterations:   0 | number of nan iterations:   0 |
Step Time : 0.33s GPU utilization: 30.8MODEL_TFLOP/s/GPU
 [2026-10-02 18:52:35] iteration      440/    1000 | consumed samples:         3520 | elapsed time per iteration (ms): 331.7 | learning rate: 2.155719E-04 | global batch size:     8 | lm loss: 6.383771E+00 | loss scale: 1.0 | grad norm: 0.895 | number of skipped iterations:   0 | number of nan iterations:   0 |
Step Time : 0.33s GPU utilization: 30.9MODEL_TFLOP/s/GPU
 [2026-10-02 18:52:36] iteration      441/    1000 | consumed samples:         3528 | elapsed time per iteration (ms): 331.3 | learning rate: 2.151347E-04 | global batch size:     8 | lm loss: 6.267085E+00 | loss scale: 1.0 | grad norm: 0.806 | number of skipped iterations:   0 | number of nan iterations:   0 |
Step Time : 0.33s GPU utilization: 30.9MODEL_TFLOP/s/GPU
 [2026-10-02 18:52:36] iteration      442/    1000 | consumed samples:         3536 | elapsed time per iteration (ms): 331.1 | learning rate: 2.146968E-04 | global batch size:     8 | lm loss: 6.236451E+00 | loss scale: 1.0 | grad norm: 0.887 | number of skipped iterations:   0 | number of nan iterations:   0 |
Step Time : 0.33s GPU utilization: 30.9MODEL_TFLOP/s/GPU
 [2026-10-02 18:52:36] iteration      443/    1000 | consumed samples:         3544 | elapsed time per iteration (ms): 331.4 | learning rate: 2.142584E-04 | global batch size:     8 | lm loss: 6.225364E+00 | loss scale: 1.0 | grad norm: 0.755 | number of skipped iterations:   0 | number of nan iterations:   0 |
Step Time : 0.33s GPU utilization: 30.8MODEL_TFLOP/s/GPU
 [2026-10-02 18:52:37] iteration      444/    1000 | consumed samples:         3552 | elapsed time per iteration (ms): 331.6 | learning rate: 2.138193E-04 | global batch size:     8 | lm loss: 5.881900E+00 | loss scale: 1.0 | grad norm: 0.841 | number of skipped iterations:   0 | number of nan iterations:   0 |
Step Time : 0.33s GPU utilization: 30.8MODEL_TFLOP/s/GPU
 [2026-10-02 18:52:37] iteration      445/    1000 | consumed samples:         3560 | elapsed time per iteration (ms): 331.5 | learning rate: 2.133797E-04 | global batch size:     8 | lm loss: 6.086916E+00 | loss scale: 1.0 | grad norm: 0.762 | number of skipped iterations:   0 | number of nan iterations:   0 |
Step Time : 0.33s GPU utilization: 30.8MODEL_TFLOP/s/GPU
 [2026-10-02 18:52:37] iteration      446/    1000 | consumed samples:         3568 | elapsed time per iteration (ms): 331.5 | learning rate: 2.129394E-04 | global batch size:     8 | lm loss: 6.330287E+00 | loss scale: 1.0 | grad norm: 0.984 | number of skipped iterations:   0 | number of nan iterations:   0 |
Step Time : 0.33s GPU utilization: 30.8MODEL_TFLOP/s/GPU
 [2026-10-02 18:52:38] iteration      447/    1000 | consumed samples:         3576 | elapsed time per iteration (ms): 331.5 | learning rate: 2.124986E-04 | global batch size:     8 | lm loss: 5.910206E+00 | loss scale: 1.0 | grad norm: 1.292 | number of skipped iterations:   0 | number of nan iterations:   0 |
Step Time : 0.33s GPU utilization: 30.8MODEL_TFLOP/s/GPU
 [2026-10-02 18:52:38] iteration      448/    1000 | consumed samples:         3584 | elapsed time per iteration (ms): 331.6 | learning rate: 2.120572E-04 | global batch size:     8 | lm loss: 5.996135E+00 | loss scale: 1.0 | grad norm: 0.791 | number of skipped iterations:   0 | number of nan iterations:   0 |
Step Time : 0.33s GPU utilization: 30.9MODEL_TFLOP/s/GPU
 [2026-10-02 18:52:38] iteration      449/    1000 | consumed samples:         3592 | elapsed time per iteration (ms): 331.3 | learning rate: 2.116153E-04 | global batch size:     8 | lm loss: 6.177228E+00 | loss scale: 1.0 | grad norm: 0.780 | number of skipped iterations:   0 | number of nan iterations:   0 |
Step Time : 0.33s GPU utilization: 30.8MODEL_TFLOP/s/GPU
 [2026-10-02 18:52:39] iteration      450/    1000 | consumed samples:         3600 | elapsed time per iteration (ms): 331.8 | learning rate: 2.111727E-04 | global batch size:     8 | lm loss: 6.037364E+00 | loss scale: 1.0 | grad norm: 0.757 | number of skipped iterations:   0 | number of nan iterations:   0 |
Step Time : 0.33s GPU utilization: 30.8MODEL_TFLOP/s/GPU
 [2026-10-02 18:52:39] iteration      451/    1000 | consumed samples:         3608 | elapsed time per iteration (ms): 331.5 | learning rate: 2.107296E-04 | global batch size:     8 | lm loss: 6.432952E+00 | loss scale: 1.0 | grad norm: 1.807 | number of skipped iterations:   0 | number of nan iterations:   0 |
Step Time : 0.33s GPU utilization: 30.9MODEL_TFLOP/s/GPU
 [2026-10-02 18:52:39] iteration      452/    1000 | consumed samples:         3616 | elapsed time per iteration (ms): 331.1 | learning rate: 2.102860E-04 | global batch size:     8 | lm loss: 5.972519E+00 | loss scale: 1.0 | grad norm: 0.846 | number of skipped iterations:   0 | number of nan iterations:   0 |
Step Time : 0.33s GPU utilization: 30.9MODEL_TFLOP/s/GPU
 [2026-10-02 18:52:40] iteration      453/    1000 | consumed samples:         3624 | elapsed time per iteration (ms): 331.0 | learning rate: 2.098417E-04 | global batch size:     8 | lm loss: 6.269265E+00 | loss scale: 1.0 | grad norm: 0.836 | number of skipped iterations:   0 | number of nan iterations:   0 |
Step Time : 0.33s GPU utilization: 30.9MODEL_TFLOP/s/GPU
 [2026-10-02 18:52:40] iteration      454/    1000 | consumed samples:         3632 | elapsed time per iteration (ms): 331.3 | learning rate: 2.093970E-04 | global batch size:     8 | lm loss: 6.261992E+00 | loss scale: 1.0 | grad norm: 0.828 | number of skipped iterations:   0 | number of nan iterations:   0 |
Step Time : 0.33s GPU utilization: 30.9MODEL_TFLOP/s/GPU
 [2026-10-02 18:52:40] iteration      455/    1000 | consumed samples:         3640 | elapsed time per iteration (ms): 331.1 | learning rate: 2.089517E-04 | global batch size:     8 | lm loss: 6.122451E+00 | loss scale: 1.0 | grad norm: 0.822 | number of skipped iterations:   0 | number of nan iterations:   0 |
Step Time : 0.33s GPU utilization: 30.8MODEL_TFLOP/s/GPU
 [2026-10-02 18:52:41] iteration      456/    1000 | consumed samples:         3648 | elapsed time per iteration (ms): 332.0 | learning rate: 2.085059E-04 | global batch size:     8 | lm loss: 5.950816E+00 | loss scale: 1.0 | grad norm: 0.711 | number of skipped iterations:   0 | number of nan iterations:   0 |
Step Time : 0.33s GPU utilization: 30.9MODEL_TFLOP/s/GPU
 [2026-10-02 18:52:41] iteration      457/    1000 | consumed samples:         3656 | elapsed time per iteration (ms): 330.8 | learning rate: 2.080595E-04 | global batch size:     8 | lm loss: 6.153178E+00 | loss scale: 1.0 | grad norm: 0.813 | number of skipped iterations:   0 | number of nan iterations:   0 |
Step Time : 0.33s GPU utilization: 30.8MODEL_TFLOP/s/GPU
 [2026-10-02 18:52:41] iteration      458/    1000 | consumed samples:         3664 | elapsed time per iteration (ms): 331.7 | learning rate: 2.076126E-04 | global batch size:     8 | lm loss: 6.159377E+00 | loss scale: 1.0 | grad norm: 0.861 | number of skipped iterations:   0 | number of nan iterations:   0 |
Step Time : 0.33s GPU utilization: 30.9MODEL_TFLOP/s/GPU
 [2026-10-02 18:52:42] iteration      459/    1000 | consumed samples:         3672 | elapsed time per iteration (ms): 330.8 | learning rate: 2.071652E-04 | global batch size:     8 | lm loss: 6.059475E+00 | loss scale: 1.0 | grad norm: 0.814 | number of skipped iterations:   0 | number of nan iterations:   0 |
Step Time : 0.33s GPU utilization: 30.9MODEL_TFLOP/s/GPU
 [2026-10-02 18:52:42] iteration      460/    1000 | consumed samples:         3680 | elapsed time per iteration (ms): 330.9 | learning rate: 2.067173E-04 | global batch size:     8 | lm loss: 6.221255E+00 | loss scale: 1.0 | grad norm: 1.006 | number of skipped iterations:   0 | number of nan iterations:   0 |
Step Time : 0.33s GPU utilization: 30.9MODEL_TFLOP/s/GPU
 [2026-10-02 18:52:42] iteration      461/    1000 | consumed samples:         3688 | elapsed time per iteration (ms): 330.9 | learning rate: 2.062689E-04 | global batch size:     8 | lm loss: 6.219708E+00 | loss scale: 1.0 | grad norm: 0.826 | number of skipped iterations:   0 | number of nan iterations:   0 |
Step Time : 0.33s GPU utilization: 30.9MODEL_TFLOP/s/GPU
 [2026-10-02 18:52:43] iteration      462/    1000 | consumed samples:         3696 | elapsed time per iteration (ms): 331.4 | learning rate: 2.058199E-04 | global batch size:     8 | lm loss: 6.329854E+00 | loss scale: 1.0 | grad norm: 0.818 | number of skipped iterations:   0 | number of nan iterations:   0 |
Step Time : 0.33s GPU utilization: 30.9MODEL_TFLOP/s/GPU
 [2026-10-02 18:52:43] iteration      463/    1000 | consumed samples:         3704 | elapsed time per iteration (ms): 331.2 | learning rate: 2.053705E-04 | global batch size:     8 | lm loss: 6.005758E+00 | loss scale: 1.0 | grad norm: 0.834 | number of skipped iterations:   0 | number of nan iterations:   0 |
Step Time : 0.33s GPU utilization: 30.9MODEL_TFLOP/s/GPU
 [2026-10-02 18:52:43] iteration      464/    1000 | consumed samples:         3712 | elapsed time per iteration (ms): 331.2 | learning rate: 2.049206E-04 | global batch size:     8 | lm loss: 6.017164E+00 | loss scale: 1.0 | grad norm: 0.864 | number of skipped iterations:   0 | number of nan iterations:   0 |
Step Time : 0.33s GPU utilization: 30.9MODEL_TFLOP/s/GPU
 [2026-10-02 18:52:44] iteration      465/    1000 | consumed samples:         3720 | elapsed time per iteration (ms): 331.3 | learning rate: 2.044702E-04 | global batch size:     8 | lm loss: 6.198409E+00 | loss scale: 1.0 | grad norm: 0.859 | number of skipped iterations:   0 | number of nan iterations:   0 |
Step Time : 0.33s GPU utilization: 30.9MODEL_TFLOP/s/GPU
 [2026-10-02 18:52:44] iteration      466/    1000 | consumed samples:         3728 | elapsed time per iteration (ms): 330.8 | learning rate: 2.040193E-04 | global batch size:     8 | lm loss: 6.189894E+00 | loss scale: 1.0 | grad norm: 0.760 | number of skipped iterations:   0 | number of nan iterations:   0 |
Step Time : 0.33s GPU utilization: 30.9MODEL_TFLOP/s/GPU
 [2026-10-02 18:52:44] iteration      467/    1000 | consumed samples:         3736 | elapsed time per iteration (ms): 331.2 | learning rate: 2.035679E-04 | global batch size:     8 | lm loss: 6.063236E+00 | loss scale: 1.0 | grad norm: 0.812 | number of skipped iterations:   0 | number of nan iterations:   0 |
Step Time : 0.33s GPU utilization: 30.8MODEL_TFLOP/s/GPU
 [2026-10-02 18:52:45] iteration      468/    1000 | consumed samples:         3744 | elapsed time per iteration (ms): 331.5 | learning rate: 2.031161E-04 | global batch size:     8 | lm loss: 5.925233E+00 | loss scale: 1.0 | grad norm: 0.759 | number of skipped iterations:   0 | number of nan iterations:   0 |
Step Time : 0.33s GPU utilization: 30.9MODEL_TFLOP/s/GPU
 [2026-10-02 18:52:45] iteration      469/    1000 | consumed samples:         3752 | elapsed time per iteration (ms): 330.6 | learning rate: 2.026638E-04 | global batch size:     8 | lm loss: 5.964814E+00 | loss scale: 1.0 | grad norm: 0.804 | number of skipped iterations:   0 | number of nan iterations:   0 |
Step Time : 0.33s GPU utilization: 30.9MODEL_TFLOP/s/GPU
 [2026-10-02 18:52:45] iteration      470/    1000 | consumed samples:         3760 | elapsed time per iteration (ms): 331.4 | learning rate: 2.022110E-04 | global batch size:     8 | lm loss: 5.916009E+00 | loss scale: 1.0 | grad norm: 0.843 | number of skipped iterations:   0 | number of nan iterations:   0 |
Step Time : 0.33s GPU utilization: 30.9MODEL_TFLOP/s/GPU
 [2026-10-02 18:52:46] iteration      471/    1000 | consumed samples:         3768 | elapsed time per iteration (ms): 331.2 | learning rate: 2.017578E-04 | global batch size:     8 | lm loss: 6.367108E+00 | loss scale: 1.0 | grad norm: 0.796 | number of skipped iterations:   0 | number of nan iterations:   0 |
Step Time : 0.33s GPU utilization: 30.9MODEL_TFLOP/s/GPU
 [2026-10-02 18:52:46] iteration      472/    1000 | consumed samples:         3776 | elapsed time per iteration (ms): 330.9 | learning rate: 2.013042E-04 | global batch size:     8 | lm loss: 6.112042E+00 | loss scale: 1.0 | grad norm: 0.770 | number of skipped iterations:   0 | number of nan iterations:   0 |
Step Time : 0.33s GPU utilization: 30.9MODEL_TFLOP/s/GPU
 [2026-10-02 18:52:46] iteration      473/    1000 | consumed samples:         3784 | elapsed time per iteration (ms): 331.3 | learning rate: 2.008501E-04 | global batch size:     8 | lm loss: 6.125204E+00 | loss scale: 1.0 | grad norm: 1.512 | number of skipped iterations:   0 | number of nan iterations:   0 |
Step Time : 0.33s GPU utilization: 30.9MODEL_TFLOP/s/GPU
 [2026-10-02 18:52:47] iteration      474/    1000 | consumed samples:         3792 | elapsed time per iteration (ms): 331.2 | learning rate: 2.003955E-04 | global batch size:     8 | lm loss: 6.292251E+00 | loss scale: 1.0 | grad norm: 1.211 | number of skipped iterations:   0 | number of nan iterations:   0 |
Step Time : 0.33s GPU utilization: 30.9MODEL_TFLOP/s/GPU
 [2026-10-02 18:52:47] iteration      475/    1000 | consumed samples:         3800 | elapsed time per iteration (ms): 331.0 | learning rate: 1.999406E-04 | global batch size:     8 | lm loss: 6.150819E+00 | loss scale: 1.0 | grad norm: 0.836 | number of skipped iterations:   0 | number of nan iterations:   0 |
Step Time : 0.33s GPU utilization: 30.8MODEL_TFLOP/s/GPU
 [2026-10-02 18:52:47] iteration      476/    1000 | consumed samples:         3808 | elapsed time per iteration (ms): 331.4 | learning rate: 1.994852E-04 | global batch size:     8 | lm loss: 6.009213E+00 | loss scale: 1.0 | grad norm: 0.775 | number of skipped iterations:   0 | number of nan iterations:   0 |
Step Time : 0.33s GPU utilization: 30.9MODEL_TFLOP/s/GPU
 [2026-10-02 18:52:48] iteration      477/    1000 | consumed samples:         3816 | elapsed time per iteration (ms): 331.3 | learning rate: 1.990294E-04 | global batch size:     8 | lm loss: 6.151309E+00 | loss scale: 1.0 | grad norm: 0.947 | number of skipped iterations:   0 | number of nan iterations:   0 |
Step Time : 0.33s GPU utilization: 30.9MODEL_TFLOP/s/GPU
 [2026-10-02 18:52:48] iteration      478/    1000 | consumed samples:         3824 | elapsed time per iteration (ms): 331.2 | learning rate: 1.985731E-04 | global batch size:     8 | lm loss: 5.960821E+00 | loss scale: 1.0 | grad norm: 0.768 | number of skipped iterations:   0 | number of nan iterations:   0 |
Step Time : 0.33s GPU utilization: 30.9MODEL_TFLOP/s/GPU
 [2026-10-02 18:52:48] iteration      479/    1000 | consumed samples:         3832 | elapsed time per iteration (ms): 331.1 | learning rate: 1.981165E-04 | global batch size:     8 | lm loss: 6.154943E+00 | loss scale: 1.0 | grad norm: 0.837 | number of skipped iterations:   0 | number of nan iterations:   0 |
Step Time : 0.33s GPU utilization: 30.8MODEL_TFLOP/s/GPU
 [2026-10-02 18:52:49] iteration      480/    1000 | consumed samples:         3840 | elapsed time per iteration (ms): 331.7 | learning rate: 1.976595E-04 | global batch size:     8 | lm loss: 6.186279E+00 | loss scale: 1.0 | grad norm: 0.855 | number of skipped iterations:   0 | number of nan iterations:   0 |
Step Time : 0.33s GPU utilization: 30.8MODEL_TFLOP/s/GPU
 [2026-10-02 18:52:49] iteration      481/    1000 | consumed samples:         3848 | elapsed time per iteration (ms): 331.7 | learning rate: 1.972020E-04 | global batch size:     8 | lm loss: 5.933093E+00 | loss scale: 1.0 | grad norm: 0.822 | number of skipped iterations:   0 | number of nan iterations:   0 |
Step Time : 0.33s GPU utilization: 30.9MODEL_TFLOP/s/GPU
 [2026-10-02 18:52:49] iteration      482/    1000 | consumed samples:         3856 | elapsed time per iteration (ms): 331.1 | learning rate: 1.967442E-04 | global batch size:     8 | lm loss: 6.177168E+00 | loss scale: 1.0 | grad norm: 0.804 | number of skipped iterations:   0 | number of nan iterations:   0 |
Step Time : 0.33s GPU utilization: 30.9MODEL_TFLOP/s/GPU
 [2026-10-02 18:52:50] iteration      483/    1000 | consumed samples:         3864 | elapsed time per iteration (ms): 331.2 | learning rate: 1.962860E-04 | global batch size:     8 | lm loss: 5.940341E+00 | loss scale: 1.0 | grad norm: 0.836 | number of skipped iterations:   0 | number of nan iterations:   0 |
Step Time : 0.33s GPU utilization: 30.9MODEL_TFLOP/s/GPU
 [2026-10-02 18:52:50] iteration      484/    1000 | consumed samples:         3872 | elapsed time per iteration (ms): 331.1 | learning rate: 1.958274E-04 | global batch size:     8 | lm loss: 6.261414E+00 | loss scale: 1.0 | grad norm: 0.875 | number of skipped iterations:   0 | number of nan iterations:   0 |
Step Time : 0.33s GPU utilization: 30.8MODEL_TFLOP/s/GPU
 [2026-10-02 18:52:50] iteration      485/    1000 | consumed samples:         3880 | elapsed time per iteration (ms): 331.7 | learning rate: 1.953684E-04 | global batch size:     8 | lm loss: 6.342487E+00 | loss scale: 1.0 | grad norm: 0.849 | number of skipped iterations:   0 | number of nan iterations:   0 |
Step Time : 0.33s GPU utilization: 30.9MODEL_TFLOP/s/GPU
 [2026-10-02 18:52:51] iteration      486/    1000 | consumed samples:         3888 | elapsed time per iteration (ms): 331.0 | learning rate: 1.949091E-04 | global batch size:     8 | lm loss: 6.120137E+00 | loss scale: 1.0 | grad norm: 0.978 | number of skipped iterations:   0 | number of nan iterations:   0 |
Step Time : 0.33s GPU utilization: 30.9MODEL_TFLOP/s/GPU
 [2026-10-02 18:52:51] iteration      487/    1000 | consumed samples:         3896 | elapsed time per iteration (ms): 331.2 | learning rate: 1.944493E-04 | global batch size:     8 | lm loss: 5.999268E+00 | loss scale: 1.0 | grad norm: 0.906 | number of skipped iterations:   0 | number of nan iterations:   0 |
Step Time : 0.33s GPU utilization: 30.9MODEL_TFLOP/s/GPU
 [2026-10-02 18:52:51] iteration      488/    1000 | consumed samples:         3904 | elapsed time per iteration (ms): 331.0 | learning rate: 1.939893E-04 | global batch size:     8 | lm loss: 5.959054E+00 | loss scale: 1.0 | grad norm: 0.845 | number of skipped iterations:   0 | number of nan iterations:   0 |
Step Time : 0.33s GPU utilization: 30.9MODEL_TFLOP/s/GPU
 [2026-10-02 18:52:52] iteration      489/    1000 | consumed samples:         3912 | elapsed time per iteration (ms): 331.0 | learning rate: 1.935288E-04 | global batch size:     8 | lm loss: 6.185850E+00 | loss scale: 1.0 | grad norm: 0.899 | number of skipped iterations:   0 | number of nan iterations:   0 |
Step Time : 0.33s GPU utilization: 30.9MODEL_TFLOP/s/GPU
 [2026-10-02 18:52:52] iteration      490/    1000 | consumed samples:         3920 | elapsed time per iteration (ms): 331.3 | learning rate: 1.930681E-04 | global batch size:     8 | lm loss: 6.233748E+00 | loss scale: 1.0 | grad norm: 0.853 | number of skipped iterations:   0 | number of nan iterations:   0 |
Step Time : 0.33s GPU utilization: 30.9MODEL_TFLOP/s/GPU
 [2026-10-02 18:52:52] iteration      491/    1000 | consumed samples:         3928 | elapsed time per iteration (ms): 331.1 | learning rate: 1.926070E-04 | global batch size:     8 | lm loss: 6.168380E+00 | loss scale: 1.0 | grad norm: 0.799 | number of skipped iterations:   0 | number of nan iterations:   0 |
Step Time : 0.33s GPU utilization: 30.8MODEL_TFLOP/s/GPU
 [2026-10-02 18:52:52] iteration      492/    1000 | consumed samples:         3936 | elapsed time per iteration (ms): 331.5 | learning rate: 1.921455E-04 | global batch size:     8 | lm loss: 6.119371E+00 | loss scale: 1.0 | grad norm: 0.793 | number of skipped iterations:   0 | number of nan iterations:   0 |
Step Time : 0.33s GPU utilization: 30.9MODEL_TFLOP/s/GPU
 [2026-10-02 18:52:53] iteration      493/    1000 | consumed samples:         3944 | elapsed time per iteration (ms): 331.2 | learning rate: 1.916837E-04 | global batch size:     8 | lm loss: 5.856233E+00 | loss scale: 1.0 | grad norm: 0.783 | number of skipped iterations:   0 | number of nan iterations:   0 |
Step Time : 0.33s GPU utilization: 30.8MODEL_TFLOP/s/GPU
 [2026-10-02 18:52:53] iteration      494/    1000 | consumed samples:         3952 | elapsed time per iteration (ms): 331.7 | learning rate: 1.912216E-04 | global batch size:     8 | lm loss: 5.997447E+00 | loss scale: 1.0 | grad norm: 0.834 | number of skipped iterations:   0 | number of nan iterations:   0 |
Step Time : 0.33s GPU utilization: 30.8MODEL_TFLOP/s/GPU
 [2026-10-02 18:52:53] iteration      495/    1000 | consumed samples:         3960 | elapsed time per iteration (ms): 331.7 | learning rate: 1.907592E-04 | global batch size:     8 | lm loss: 6.217781E+00 | loss scale: 1.0 | grad norm: 1.795 | number of skipped iterations:   0 | number of nan iterations:   0 |
Step Time : 0.33s GPU utilization: 30.8MODEL_TFLOP/s/GPU
 [2026-10-02 18:52:54] iteration      496/    1000 | consumed samples:         3968 | elapsed time per iteration (ms): 332.1 | learning rate: 1.902965E-04 | global batch size:     8 | lm loss: 6.037121E+00 | loss scale: 1.0 | grad norm: 0.873 | number of skipped iterations:   0 | number of nan iterations:   0 |
Step Time : 0.33s GPU utilization: 30.9MODEL_TFLOP/s/GPU
 [2026-10-02 18:52:54] iteration      497/    1000 | consumed samples:         3976 | elapsed time per iteration (ms): 331.2 | learning rate: 1.898334E-04 | global batch size:     8 | lm loss: 6.193704E+00 | loss scale: 1.0 | grad norm: 0.902 | number of skipped iterations:   0 | number of nan iterations:   0 |
Step Time : 0.33s GPU utilization: 30.8MODEL_TFLOP/s/GPU
 [2026-10-02 18:52:54] iteration      498/    1000 | consumed samples:         3984 | elapsed time per iteration (ms): 331.9 | learning rate: 1.893701E-04 | global batch size:     8 | lm loss: 6.348741E+00 | loss scale: 1.0 | grad norm: 0.842 | number of skipped iterations:   0 | number of nan iterations:   0 |
Step Time : 0.33s GPU utilization: 30.7MODEL_TFLOP/s/GPU
 [2026-10-02 18:52:55] iteration      499/    1000 | consumed samples:         3992 | elapsed time per iteration (ms): 332.8 | learning rate: 1.889064E-04 | global batch size:     8 | lm loss: 5.937950E+00 | loss scale: 1.0 | grad norm: 1.243 | number of skipped iterations:   0 | number of nan iterations:   0 |
Step Time : 0.33s GPU utilization: 30.8MODEL_TFLOP/s/GPU
 [2026-10-02 18:52:55] iteration      500/    1000 | consumed samples:         4000 | elapsed time per iteration (ms): 331.6 | learning rate: 1.884425E-04 | global batch size:     8 | lm loss: 6.036314E+00 | loss scale: 1.0 | grad norm: 0.925 | number of skipped iterations:   0 | number of nan iterations:   0 |
Step Time : 0.78s GPU utilization: 13.1MODEL_TFLOP/s/GPU
 [2026-10-02 18:52:56] iteration      501/    1000 | consumed samples:         4008 | elapsed time per iteration (ms): 780.6 | learning rate: 1.879783E-04 | global batch size:     8 | lm loss: 6.106544E+00 | loss scale: 1.0 | grad norm: 0.847 | number of skipped iterations:   0 | number of nan iterations:   0 |
Step Time : 0.33s GPU utilization: 30.8MODEL_TFLOP/s/GPU
 [2026-10-02 18:52:56] iteration      502/    1000 | consumed samples:         4016 | elapsed time per iteration (ms): 331.5 | learning rate: 1.875138E-04 | global batch size:     8 | lm loss: 6.071756E+00 | loss scale: 1.0 | grad norm: 0.759 | number of skipped iterations:   0 | number of nan iterations:   0 |
Step Time : 0.33s GPU utilization: 30.8MODEL_TFLOP/s/GPU
 [2026-10-02 18:52:57] iteration      503/    1000 | consumed samples:         4024 | elapsed time per iteration (ms): 331.7 | learning rate: 1.870490E-04 | global batch size:     8 | lm loss: 6.148534E+00 | loss scale: 1.0 | grad norm: 0.800 | number of skipped iterations:   0 | number of nan iterations:   0 |
Step Time : 0.33s GPU utilization: 30.9MODEL_TFLOP/s/GPU
 [2026-10-02 18:52:57] iteration      504/    1000 | consumed samples:         4032 | elapsed time per iteration (ms): 331.3 | learning rate: 1.865840E-04 | global batch size:     8 | lm loss: 6.280766E+00 | loss scale: 1.0 | grad norm: 1.002 | number of skipped iterations:   0 | number of nan iterations:   0 |
Step Time : 0.33s GPU utilization: 30.8MODEL_TFLOP/s/GPU
 [2026-10-02 18:52:57] iteration      505/    1000 | consumed samples:         4040 | elapsed time per iteration (ms): 331.7 | learning rate: 1.861186E-04 | global batch size:     8 | lm loss: 6.209808E+00 | loss scale: 1.0 | grad norm: 1.162 | number of skipped iterations:   0 | number of nan iterations:   0 |
Step Time : 0.33s GPU utilization: 30.8MODEL_TFLOP/s/GPU
 [2026-10-02 18:52:58] iteration      506/    1000 | consumed samples:         4048 | elapsed time per iteration (ms): 331.5 | learning rate: 1.856531E-04 | global batch size:     8 | lm loss: 6.044858E+00 | loss scale: 1.0 | grad norm: 0.879 | number of skipped iterations:   0 | number of nan iterations:   0 |
Step Time : 0.33s GPU utilization: 30.8MODEL_TFLOP/s/GPU
 [2026-10-02 18:52:58] iteration      507/    1000 | consumed samples:         4056 | elapsed time per iteration (ms): 332.1 | learning rate: 1.851873E-04 | global batch size:     8 | lm loss: 6.280957E+00 | loss scale: 1.0 | grad norm: 0.979 | number of skipped iterations:   0 | number of nan iterations:   0 |
Step Time : 0.33s GPU utilization: 30.8MODEL_TFLOP/s/GPU
 [2026-10-02 18:52:58] iteration      508/    1000 | consumed samples:         4064 | elapsed time per iteration (ms): 331.8 | learning rate: 1.847212E-04 | global batch size:     8 | lm loss: 5.846011E+00 | loss scale: 1.0 | grad norm: 0.917 | number of skipped iterations:   0 | number of nan iterations:   0 |
Step Time : 0.33s GPU utilization: 30.9MODEL_TFLOP/s/GPU
 [2026-10-02 18:52:59] iteration      509/    1000 | consumed samples:         4072 | elapsed time per iteration (ms): 331.4 | learning rate: 1.842549E-04 | global batch size:     8 | lm loss: 6.252268E+00 | loss scale: 1.0 | grad norm: 0.885 | number of skipped iterations:   0 | number of nan iterations:   0 |
Step Time : 0.33s GPU utilization: 30.8MODEL_TFLOP/s/GPU
 [2026-10-02 18:52:59] iteration      510/    1000 | consumed samples:         4080 | elapsed time per iteration (ms): 332.4 | learning rate: 1.837884E-04 | global batch size:     8 | lm loss: 6.483354E+00 | loss scale: 1.0 | grad norm: 0.985 | number of skipped iterations:   0 | number of nan iterations:   0 |
Step Time : 0.33s GPU utilization: 30.8MODEL_TFLOP/s/GPU
 [2026-10-02 18:52:59] iteration      511/    1000 | consumed samples:         4088 | elapsed time per iteration (ms): 331.8 | learning rate: 1.833216E-04 | global batch size:     8 | lm loss: 6.095747E+00 | loss scale: 1.0 | grad norm: 0.882 | number of skipped iterations:   0 | number of nan iterations:   0 |
Step Time : 0.33s GPU utilization: 30.8MODEL_TFLOP/s/GPU
 [2026-10-02 18:53:00] iteration      512/    1000 | consumed samples:         4096 | elapsed time per iteration (ms): 332.1 | learning rate: 1.828546E-04 | global batch size:     8 | lm loss: 6.167896E+00 | loss scale: 1.0 | grad norm: 0.792 | number of skipped iterations:   0 | number of nan iterations:   0 |
Step Time : 0.33s GPU utilization: 30.8MODEL_TFLOP/s/GPU
 [2026-10-02 18:53:00] iteration      513/    1000 | consumed samples:         4104 | elapsed time per iteration (ms): 331.9 | learning rate: 1.823874E-04 | global batch size:     8 | lm loss: 6.371449E+00 | loss scale: 1.0 | grad norm: 0.774 | number of skipped iterations:   0 | number of nan iterations:   0 |
Step Time : 0.33s GPU utilization: 30.8MODEL_TFLOP/s/GPU
 [2026-10-02 18:53:00] iteration      514/    1000 | consumed samples:         4112 | elapsed time per iteration (ms): 331.6 | learning rate: 1.819200E-04 | global batch size:     8 | lm loss: 6.109327E+00 | loss scale: 1.0 | grad norm: 0.938 | number of skipped iterations:   0 | number of nan iterations:   0 |
Step Time : 0.33s GPU utilization: 30.8MODEL_TFLOP/s/GPU
 [2026-10-02 18:53:01] iteration      515/    1000 | consumed samples:         4120 | elapsed time per iteration (ms): 331.4 | learning rate: 1.814524E-04 | global batch size:     8 | lm loss: 6.001718E+00 | loss scale: 1.0 | grad norm: 0.924 | number of skipped iterations:   0 | number of nan iterations:   0 |
Step Time : 0.33s GPU utilization: 30.9MODEL_TFLOP/s/GPU
 [2026-10-02 18:53:01] iteration      516/    1000 | consumed samples:         4128 | elapsed time per iteration (ms): 331.0 | learning rate: 1.809845E-04 | global batch size:     8 | lm loss: 6.289994E+00 | loss scale: 1.0 | grad norm: 1.459 | number of skipped iterations:   0 | number of nan iterations:   0 |
Step Time : 0.33s GPU utilization: 30.9MODEL_TFLOP/s/GPU
 [2026-10-02 18:53:01] iteration      517/    1000 | consumed samples:         4136 | elapsed time per iteration (ms): 331.1 | learning rate: 1.805165E-04 | global batch size:     8 | lm loss: 6.328412E+00 | loss scale: 1.0 | grad norm: 1.081 | number of skipped iterations:   0 | number of nan iterations:   0 |
Step Time : 0.33s GPU utilization: 30.8MODEL_TFLOP/s/GPU
 [2026-10-02 18:53:02] iteration      518/    1000 | consumed samples:         4144 | elapsed time per iteration (ms): 331.5 | learning rate: 1.800483E-04 | global batch size:     8 | lm loss: 5.864103E+00 | loss scale: 1.0 | grad norm: 0.803 | number of skipped iterations:   0 | number of nan iterations:   0 |
Step Time : 0.33s GPU utilization: 30.9MODEL_TFLOP/s/GPU
 [2026-10-02 18:53:02] iteration      519/    1000 | consumed samples:         4152 | elapsed time per iteration (ms): 331.1 | learning rate: 1.795799E-04 | global batch size:     8 | lm loss: 5.997300E+00 | loss scale: 1.0 | grad norm: 0.878 | number of skipped iterations:   0 | number of nan iterations:   0 |
Step Time : 0.33s GPU utilization: 30.8MODEL_TFLOP/s/GPU
 [2026-10-02 18:53:02] iteration      520/    1000 | consumed samples:         4160 | elapsed time per iteration (ms): 332.1 | learning rate: 1.791113E-04 | global batch size:     8 | lm loss: 6.029744E+00 | loss scale: 1.0 | grad norm: 0.879 | number of skipped iterations:   0 | number of nan iterations:   0 |
Step Time : 0.33s GPU utilization: 30.8MODEL_TFLOP/s/GPU
 [2026-10-02 18:53:03] iteration      521/    1000 | consumed samples:         4168 | elapsed time per iteration (ms): 331.5 | learning rate: 1.786426E-04 | global batch size:     8 | lm loss: 6.157759E+00 | loss scale: 1.0 | grad norm: 0.844 | number of skipped iterations:   0 | number of nan iterations:   0 |
Step Time : 0.33s GPU utilization: 30.8MODEL_TFLOP/s/GPU
 [2026-10-02 18:53:03] iteration      522/    1000 | consumed samples:         4176 | elapsed time per iteration (ms): 331.9 | learning rate: 1.781737E-04 | global batch size:     8 | lm loss: 6.034142E+00 | loss scale: 1.0 | grad norm: 0.834 | number of skipped iterations:   0 | number of nan iterations:   0 |
Step Time : 0.33s GPU utilization: 30.8MODEL_TFLOP/s/GPU
 [2026-10-02 18:53:03] iteration      523/    1000 | consumed samples:         4184 | elapsed time per iteration (ms): 331.5 | learning rate: 1.777046E-04 | global batch size:     8 | lm loss: 5.819903E+00 | loss scale: 1.0 | grad norm: 0.845 | number of skipped iterations:   0 | number of nan iterations:   0 |
Step Time : 0.33s GPU utilization: 30.8MODEL_TFLOP/s/GPU
 [2026-10-02 18:53:04] iteration      524/    1000 | consumed samples:         4192 | elapsed time per iteration (ms): 332.0 | learning rate: 1.772354E-04 | global batch size:     8 | lm loss: 6.405696E+00 | loss scale: 1.0 | grad norm: 0.898 | number of skipped iterations:   0 | number of nan iterations:   0 |
Step Time : 0.33s GPU utilization: 30.9MODEL_TFLOP/s/GPU
 [2026-10-02 18:53:04] iteration      525/    1000 | consumed samples:         4200 | elapsed time per iteration (ms): 331.2 | learning rate: 1.767660E-04 | global batch size:     8 | lm loss: 5.809157E+00 | loss scale: 1.0 | grad norm: 0.822 | number of skipped iterations:   0 | number of nan iterations:   0 |
Step Time : 0.33s GPU utilization: 30.8MODEL_TFLOP/s/GPU
 [2026-10-02 18:53:04] iteration      526/    1000 | consumed samples:         4208 | elapsed time per iteration (ms): 332.0 | learning rate: 1.762965E-04 | global batch size:     8 | lm loss: 5.928615E+00 | loss scale: 1.0 | grad norm: 0.869 | number of skipped iterations:   0 | number of nan iterations:   0 |
Step Time : 0.33s GPU utilization: 30.8MODEL_TFLOP/s/GPU
 [2026-10-02 18:53:05] iteration      527/    1000 | consumed samples:         4216 | elapsed time per iteration (ms): 331.6 | learning rate: 1.758268E-04 | global batch size:     8 | lm loss: 6.206572E+00 | loss scale: 1.0 | grad norm: 0.823 | number of skipped iterations:   0 | number of nan iterations:   0 |
Step Time : 0.33s GPU utilization: 30.9MODEL_TFLOP/s/GPU
 [2026-10-02 18:53:05] iteration      528/    1000 | consumed samples:         4224 | elapsed time per iteration (ms): 331.2 | learning rate: 1.753571E-04 | global batch size:     8 | lm loss: 6.051416E+00 | loss scale: 1.0 | grad norm: 0.850 | number of skipped iterations:   0 | number of nan iterations:   0 |
Step Time : 0.33s GPU utilization: 30.9MODEL_TFLOP/s/GPU
 [2026-10-02 18:53:05] iteration      529/    1000 | consumed samples:         4232 | elapsed time per iteration (ms): 331.0 | learning rate: 1.748872E-04 | global batch size:     8 | lm loss: 6.043482E+00 | loss scale: 1.0 | grad norm: 0.777 | number of skipped iterations:   0 | number of nan iterations:   0 |
Step Time : 0.33s GPU utilization: 30.8MODEL_TFLOP/s/GPU
 [2026-10-02 18:53:06] iteration      530/    1000 | consumed samples:         4240 | elapsed time per iteration (ms): 331.7 | learning rate: 1.744171E-04 | global batch size:     8 | lm loss: 6.424834E+00 | loss scale: 1.0 | grad norm: 0.972 | number of skipped iterations:   0 | number of nan iterations:   0 |
Step Time : 0.33s GPU utilization: 30.9MODEL_TFLOP/s/GPU
 [2026-10-02 18:53:06] iteration      531/    1000 | consumed samples:         4248 | elapsed time per iteration (ms): 331.4 | learning rate: 1.739470E-04 | global batch size:     8 | lm loss: 6.127709E+00 | loss scale: 1.0 | grad norm: 0.806 | number of skipped iterations:   0 | number of nan iterations:   0 |
Step Time : 0.33s GPU utilization: 30.9MODEL_TFLOP/s/GPU
 [2026-10-02 18:53:06] iteration      532/    1000 | consumed samples:         4256 | elapsed time per iteration (ms): 331.1 | learning rate: 1.734767E-04 | global batch size:     8 | lm loss: 6.007238E+00 | loss scale: 1.0 | grad norm: 1.944 | number of skipped iterations:   0 | number of nan iterations:   0 |
Step Time : 0.33s GPU utilization: 30.8MODEL_TFLOP/s/GPU
 [2026-10-02 18:53:07] iteration      533/    1000 | consumed samples:         4264 | elapsed time per iteration (ms): 331.5 | learning rate: 1.730064E-04 | global batch size:     8 | lm loss: 5.983584E+00 | loss scale: 1.0 | grad norm: 0.870 | number of skipped iterations:   0 | number of nan iterations:   0 |
Step Time : 0.33s GPU utilization: 30.8MODEL_TFLOP/s/GPU
 [2026-10-02 18:53:07] iteration      534/    1000 | consumed samples:         4272 | elapsed time per iteration (ms): 331.7 | learning rate: 1.725359E-04 | global batch size:     8 | lm loss: 6.032155E+00 | loss scale: 1.0 | grad norm: 0.868 | number of skipped iterations:   0 | number of nan iterations:   0 |
Step Time : 0.33s GPU utilization: 30.8MODEL_TFLOP/s/GPU
 [2026-10-02 18:53:07] iteration      535/    1000 | consumed samples:         4280 | elapsed time per iteration (ms): 331.9 | learning rate: 1.720654E-04 | global batch size:     8 | lm loss: 5.840677E+00 | loss scale: 1.0 | grad norm: 0.884 | number of skipped iterations:   0 | number of nan iterations:   0 |
Step Time : 0.33s GPU utilization: 30.9MODEL_TFLOP/s/GPU
 [2026-10-02 18:53:08] iteration      536/    1000 | consumed samples:         4288 | elapsed time per iteration (ms): 331.4 | learning rate: 1.715947E-04 | global batch size:     8 | lm loss: 6.115378E+00 | loss scale: 1.0 | grad norm: 0.804 | number of skipped iterations:   0 | number of nan iterations:   0 |
Step Time : 0.33s GPU utilization: 30.8MODEL_TFLOP/s/GPU
 [2026-10-02 18:53:08] iteration      537/    1000 | consumed samples:         4296 | elapsed time per iteration (ms): 331.8 | learning rate: 1.711240E-04 | global batch size:     8 | lm loss: 6.174615E+00 | loss scale: 1.0 | grad norm: 0.911 | number of skipped iterations:   0 | number of nan iterations:   0 |
Step Time : 0.33s GPU utilization: 30.9MODEL_TFLOP/s/GPU
 [2026-10-02 18:53:08] iteration      538/    1000 | consumed samples:         4304 | elapsed time per iteration (ms): 331.4 | learning rate: 1.706532E-04 | global batch size:     8 | lm loss: 5.980091E+00 | loss scale: 1.0 | grad norm: 0.797 | number of skipped iterations:   0 | number of nan iterations:   0 |
Step Time : 0.33s GPU utilization: 30.8MODEL_TFLOP/s/GPU
 [2026-10-02 18:53:09] iteration      539/    1000 | consumed samples:         4312 | elapsed time per iteration (ms): 331.5 | learning rate: 1.701823E-04 | global batch size:     8 | lm loss: 6.233242E+00 | loss scale: 1.0 | grad norm: 0.893 | number of skipped iterations:   0 | number of nan iterations:   0 |
Step Time : 0.33s GPU utilization: 30.8MODEL_TFLOP/s/GPU
 [2026-10-02 18:53:09] iteration      540/    1000 | consumed samples:         4320 | elapsed time per iteration (ms): 331.9 | learning rate: 1.697114E-04 | global batch size:     8 | lm loss: 5.853688E+00 | loss scale: 1.0 | grad norm: 0.824 | number of skipped iterations:   0 | number of nan iterations:   0 |
Step Time : 0.33s GPU utilization: 30.9MODEL_TFLOP/s/GPU
 [2026-10-02 18:53:09] iteration      541/    1000 | consumed samples:         4328 | elapsed time per iteration (ms): 331.4 | learning rate: 1.692404E-04 | global batch size:     8 | lm loss: 5.950810E+00 | loss scale: 1.0 | grad norm: 0.787 | number of skipped iterations:   0 | number of nan iterations:   0 |
Step Time : 0.33s GPU utilization: 30.9MODEL_TFLOP/s/GPU
 [2026-10-02 18:53:10] iteration      542/    1000 | consumed samples:         4336 | elapsed time per iteration (ms): 331.3 | learning rate: 1.687694E-04 | global batch size:     8 | lm loss: 6.080511E+00 | loss scale: 1.0 | grad norm: 0.809 | number of skipped iterations:   0 | number of nan iterations:   0 |
Step Time : 0.33s GPU utilization: 30.8MODEL_TFLOP/s/GPU
 [2026-10-02 18:53:10] iteration      543/    1000 | consumed samples:         4344 | elapsed time per iteration (ms): 331.7 | learning rate: 1.682983E-04 | global batch size:     8 | lm loss: 6.183298E+00 | loss scale: 1.0 | grad norm: 0.807 | number of skipped iterations:   0 | number of nan iterations:   0 |
Step Time : 0.33s GPU utilization: 30.9MODEL_TFLOP/s/GPU
 [2026-10-02 18:53:10] iteration      544/    1000 | consumed samples:         4352 | elapsed time per iteration (ms): 331.2 | learning rate: 1.678272E-04 | global batch size:     8 | lm loss: 5.805836E+00 | loss scale: 1.0 | grad norm: 0.766 | number of skipped iterations:   0 | number of nan iterations:   0 |
Step Time : 0.33s GPU utilization: 30.9MODEL_TFLOP/s/GPU
 [2026-10-02 18:53:11] iteration      545/    1000 | consumed samples:         4360 | elapsed time per iteration (ms): 331.2 | learning rate: 1.673561E-04 | global batch size:     8 | lm loss: 6.288274E+00 | loss scale: 1.0 | grad norm: 0.827 | number of skipped iterations:   0 | number of nan iterations:   0 |
Step Time : 0.33s GPU utilization: 30.8MODEL_TFLOP/s/GPU
 [2026-10-02 18:53:11] iteration      546/    1000 | consumed samples:         4368 | elapsed time per iteration (ms): 331.4 | learning rate: 1.668849E-04 | global batch size:     8 | lm loss: 6.167840E+00 | loss scale: 1.0 | grad norm: 0.930 | number of skipped iterations:   0 | number of nan iterations:   0 |
Step Time : 0.33s GPU utilization: 30.9MODEL_TFLOP/s/GPU
 [2026-10-02 18:53:11] iteration      547/    1000 | consumed samples:         4376 | elapsed time per iteration (ms): 331.2 | learning rate: 1.664137E-04 | global batch size:     8 | lm loss: 6.144869E+00 | loss scale: 1.0 | grad norm: 0.835 | number of skipped iterations:   0 | number of nan iterations:   0 |
Step Time : 0.33s GPU utilization: 30.8MODEL_TFLOP/s/GPU
 [2026-10-02 18:53:12] iteration      548/    1000 | consumed samples:         4384 | elapsed time per iteration (ms): 331.6 | learning rate: 1.659425E-04 | global batch size:     8 | lm loss: 6.096540E+00 | loss scale: 1.0 | grad norm: 0.821 | number of skipped iterations:   0 | number of nan iterations:   0 |
Step Time : 0.33s GPU utilization: 30.8MODEL_TFLOP/s/GPU
 [2026-10-02 18:53:12] iteration      549/    1000 | consumed samples:         4392 | elapsed time per iteration (ms): 331.6 | learning rate: 1.654712E-04 | global batch size:     8 | lm loss: 5.367719E+00 | loss scale: 1.0 | grad norm: 0.907 | number of skipped iterations:   0 | number of nan iterations:   0 |
Step Time : 0.33s GPU utilization: 30.9MODEL_TFLOP/s/GPU
 [2026-10-02 18:53:12] iteration      550/    1000 | consumed samples:         4400 | elapsed time per iteration (ms): 330.8 | learning rate: 1.650000E-04 | global batch size:     8 | lm loss: 6.124824E+00 | loss scale: 1.0 | grad norm: 0.956 | number of skipped iterations:   0 | number of nan iterations:   0 |
Step Time : 0.33s GPU utilization: 30.8MODEL_TFLOP/s/GPU
 [2026-10-02 18:53:13] iteration      551/    1000 | consumed samples:         4408 | elapsed time per iteration (ms): 331.5 | learning rate: 1.645288E-04 | global batch size:     8 | lm loss: 5.701480E+00 | loss scale: 1.0 | grad norm: 0.895 | number of skipped iterations:   0 | number of nan iterations:   0 |
Step Time : 0.33s GPU utilization: 30.9MODEL_TFLOP/s/GPU
 [2026-10-02 18:53:13] iteration      552/    1000 | consumed samples:         4416 | elapsed time per iteration (ms): 331.4 | learning rate: 1.640575E-04 | global batch size:     8 | lm loss: 5.976202E+00 | loss scale: 1.0 | grad norm: 0.935 | number of skipped iterations:   0 | number of nan iterations:   0 |
Step Time : 0.33s GPU utilization: 30.8MODEL_TFLOP/s/GPU
 [2026-10-02 18:53:13] iteration      553/    1000 | consumed samples:         4424 | elapsed time per iteration (ms): 331.5 | learning rate: 1.635863E-04 | global batch size:     8 | lm loss: 6.094427E+00 | loss scale: 1.0 | grad norm: 1.045 | number of skipped iterations:   0 | number of nan iterations:   0 |
Step Time : 0.33s GPU utilization: 30.9MODEL_TFLOP/s/GPU
 [2026-10-02 18:53:14] iteration      554/    1000 | consumed samples:         4432 | elapsed time per iteration (ms): 331.3 | learning rate: 1.631151E-04 | global batch size:     8 | lm loss: 5.971878E+00 | loss scale: 1.0 | grad norm: 0.953 | number of skipped iterations:   0 | number of nan iterations:   0 |
Step Time : 0.33s GPU utilization: 30.9MODEL_TFLOP/s/GPU
 [2026-10-02 18:53:14] iteration      555/    1000 | consumed samples:         4440 | elapsed time per iteration (ms): 331.2 | learning rate: 1.626439E-04 | global batch size:     8 | lm loss: 5.889879E+00 | loss scale: 1.0 | grad norm: 0.851 | number of skipped iterations:   0 | number of nan iterations:   0 |
Step Time : 0.33s GPU utilization: 30.9MODEL_TFLOP/s/GPU
 [2026-10-02 18:53:14] iteration      556/    1000 | consumed samples:         4448 | elapsed time per iteration (ms): 331.3 | learning rate: 1.621728E-04 | global batch size:     8 | lm loss: 5.959520E+00 | loss scale: 1.0 | grad norm: 0.829 | number of skipped iterations:   0 | number of nan iterations:   0 |
Step Time : 0.33s GPU utilization: 30.9MODEL_TFLOP/s/GPU
 [2026-10-02 18:53:15] iteration      557/    1000 | consumed samples:         4456 | elapsed time per iteration (ms): 331.2 | learning rate: 1.617017E-04 | global batch size:     8 | lm loss: 6.104032E+00 | loss scale: 1.0 | grad norm: 0.836 | number of skipped iterations:   0 | number of nan iterations:   0 |
Step Time : 0.33s GPU utilization: 30.9MODEL_TFLOP/s/GPU
 [2026-10-02 18:53:15] iteration      558/    1000 | consumed samples:         4464 | elapsed time per iteration (ms): 331.3 | learning rate: 1.612306E-04 | global batch size:     8 | lm loss: 6.105796E+00 | loss scale: 1.0 | grad norm: 0.854 | number of skipped iterations:   0 | number of nan iterations:   0 |
Step Time : 0.33s GPU utilization: 30.9MODEL_TFLOP/s/GPU
 [2026-10-02 18:53:15] iteration      559/    1000 | consumed samples:         4472 | elapsed time per iteration (ms): 331.1 | learning rate: 1.607595E-04 | global batch size:     8 | lm loss: 6.059297E+00 | loss scale: 1.0 | grad norm: 0.915 | number of skipped iterations:   0 | number of nan iterations:   0 |
Step Time : 0.33s GPU utilization: 30.9MODEL_TFLOP/s/GPU
 [2026-10-02 18:53:15] iteration      560/    1000 | consumed samples:         4480 | elapsed time per iteration (ms): 331.2 | learning rate: 1.602886E-04 | global batch size:     8 | lm loss: 6.305907E+00 | loss scale: 1.0 | grad norm: 1.532 | number of skipped iterations:   0 | number of nan iterations:   0 |
Step Time : 0.33s GPU utilization: 30.9MODEL_TFLOP/s/GPU
 [2026-10-02 18:53:16] iteration      561/    1000 | consumed samples:         4488 | elapsed time per iteration (ms): 331.4 | learning rate: 1.598176E-04 | global batch size:     8 | lm loss: 5.983503E+00 | loss scale: 1.0 | grad norm: 1.048 | number of skipped iterations:   0 | number of nan iterations:   0 |
Step Time : 0.33s GPU utilization: 30.8MODEL_TFLOP/s/GPU
 [2026-10-02 18:53:16] iteration      562/    1000 | consumed samples:         4496 | elapsed time per iteration (ms): 331.7 | learning rate: 1.593468E-04 | global batch size:     8 | lm loss: 6.235891E+00 | loss scale: 1.0 | grad norm: 1.028 | number of skipped iterations:   0 | number of nan iterations:   0 |
Step Time : 0.33s GPU utilization: 30.9MODEL_TFLOP/s/GPU
 [2026-10-02 18:53:16] iteration      563/    1000 | consumed samples:         4504 | elapsed time per iteration (ms): 331.1 | learning rate: 1.588760E-04 | global batch size:     8 | lm loss: 5.978727E+00 | loss scale: 1.0 | grad norm: 0.845 | number of skipped iterations:   0 | number of nan iterations:   0 |
Step Time : 0.33s GPU utilization: 30.9MODEL_TFLOP/s/GPU
 [2026-10-02 18:53:17] iteration      564/    1000 | consumed samples:         4512 | elapsed time per iteration (ms): 331.1 | learning rate: 1.584053E-04 | global batch size:     8 | lm loss: 6.160083E+00 | loss scale: 1.0 | grad norm: 0.880 | number of skipped iterations:   0 | number of nan iterations:   0 |
Step Time : 0.33s GPU utilization: 30.8MODEL_TFLOP/s/GPU
 [2026-10-02 18:53:17] iteration      565/    1000 | consumed samples:         4520 | elapsed time per iteration (ms): 331.8 | learning rate: 1.579346E-04 | global batch size:     8 | lm loss: 6.657551E+00 | loss scale: 1.0 | grad norm: 4.281 | number of skipped iterations:   0 | number of nan iterations:   0 |
Step Time : 0.33s GPU utilization: 30.9MODEL_TFLOP/s/GPU
 [2026-10-02 18:53:17] iteration      566/    1000 | consumed samples:         4528 | elapsed time per iteration (ms): 331.1 | learning rate: 1.574641E-04 | global batch size:     8 | lm loss: 6.141289E+00 | loss scale: 1.0 | grad norm: 0.911 | number of skipped iterations:   0 | number of nan iterations:   0 |
Step Time : 0.33s GPU utilization: 30.8MODEL_TFLOP/s/GPU
 [2026-10-02 18:53:18] iteration      567/    1000 | consumed samples:         4536 | elapsed time per iteration (ms): 331.7 | learning rate: 1.569936E-04 | global batch size:     8 | lm loss: 6.034909E+00 | loss scale: 1.0 | grad norm: 0.833 | number of skipped iterations:   0 | number of nan iterations:   0 |
Step Time : 0.33s GPU utilization: 30.9MODEL_TFLOP/s/GPU
 [2026-10-02 18:53:18] iteration      568/    1000 | consumed samples:         4544 | elapsed time per iteration (ms): 330.7 | learning rate: 1.565233E-04 | global batch size:     8 | lm loss: 5.983869E+00 | loss scale: 1.0 | grad norm: 0.789 | number of skipped iterations:   0 | number of nan iterations:   0 |
Step Time : 0.33s GPU utilization: 30.9MODEL_TFLOP/s/GPU
 [2026-10-02 18:53:18] iteration      569/    1000 | consumed samples:         4552 | elapsed time per iteration (ms): 330.9 | learning rate: 1.560530E-04 | global batch size:     8 | lm loss: 6.463017E+00 | loss scale: 1.0 | grad norm: 1.116 | number of skipped iterations:   0 | number of nan iterations:   0 |
Step Time : 0.33s GPU utilization: 30.9MODEL_TFLOP/s/GPU
 [2026-10-02 18:53:19] iteration      570/    1000 | consumed samples:         4560 | elapsed time per iteration (ms): 331.2 | learning rate: 1.555829E-04 | global batch size:     8 | lm loss: 6.455399E+00 | loss scale: 1.0 | grad norm: 0.823 | number of skipped iterations:   0 | number of nan iterations:   0 |
Step Time : 0.33s GPU utilization: 30.9MODEL_TFLOP/s/GPU
 [2026-10-02 18:53:19] iteration      571/    1000 | consumed samples:         4568 | elapsed time per iteration (ms): 331.1 | learning rate: 1.551128E-04 | global batch size:     8 | lm loss: 6.128149E+00 | loss scale: 1.0 | grad norm: 0.832 | number of skipped iterations:   0 | number of nan iterations:   0 |
Step Time : 0.33s GPU utilization: 30.8MODEL_TFLOP/s/GPU
 [2026-10-02 18:53:19] iteration      572/    1000 | consumed samples:         4576 | elapsed time per iteration (ms): 331.5 | learning rate: 1.546429E-04 | global batch size:     8 | lm loss: 6.088430E+00 | loss scale: 1.0 | grad norm: 0.841 | number of skipped iterations:   0 | number of nan iterations:   0 |
Step Time : 0.33s GPU utilization: 30.9MODEL_TFLOP/s/GPU
 [2026-10-02 18:53:20] iteration      573/    1000 | consumed samples:         4584 | elapsed time per iteration (ms): 331.4 | learning rate: 1.541731E-04 | global batch size:     8 | lm loss: 5.668797E+00 | loss scale: 1.0 | grad norm: 0.834 | number of skipped iterations:   0 | number of nan iterations:   0 |
Step Time : 0.33s GPU utilization: 30.8MODEL_TFLOP/s/GPU
 [2026-10-02 18:53:20] iteration      574/    1000 | consumed samples:         4592 | elapsed time per iteration (ms): 332.2 | learning rate: 1.537035E-04 | global batch size:     8 | lm loss: 5.883004E+00 | loss scale: 1.0 | grad norm: 0.857 | number of skipped iterations:   0 | number of nan iterations:   0 |
Step Time : 0.33s GPU utilization: 30.8MODEL_TFLOP/s/GPU
 [2026-10-02 18:53:20] iteration      575/    1000 | consumed samples:         4600 | elapsed time per iteration (ms): 332.1 | learning rate: 1.532340E-04 | global batch size:     8 | lm loss: 6.174478E+00 | loss scale: 1.0 | grad norm: 0.919 | number of skipped iterations:   0 | number of nan iterations:   0 |
Step Time : 0.33s GPU utilization: 30.9MODEL_TFLOP/s/GPU
 [2026-10-02 18:53:21] iteration      576/    1000 | consumed samples:         4608 | elapsed time per iteration (ms): 331.1 | learning rate: 1.527646E-04 | global batch size:     8 | lm loss: 5.844380E+00 | loss scale: 1.0 | grad norm: 0.797 | number of skipped iterations:   0 | number of nan iterations:   0 |
Step Time : 0.33s GPU utilization: 30.9MODEL_TFLOP/s/GPU
 [2026-10-02 18:53:21] iteration      577/    1000 | consumed samples:         4616 | elapsed time per iteration (ms): 331.1 | learning rate: 1.522954E-04 | global batch size:     8 | lm loss: 6.277616E+00 | loss scale: 1.0 | grad norm: 0.893 | number of skipped iterations:   0 | number of nan iterations:   0 |
Step Time : 0.33s GPU utilization: 30.9MODEL_TFLOP/s/GPU
 [2026-10-02 18:53:21] iteration      578/    1000 | consumed samples:         4624 | elapsed time per iteration (ms): 331.1 | learning rate: 1.518263E-04 | global batch size:     8 | lm loss: 5.972441E+00 | loss scale: 1.0 | grad norm: 0.846 | number of skipped iterations:   0 | number of nan iterations:   0 |
Step Time : 0.33s GPU utilization: 30.9MODEL_TFLOP/s/GPU
 [2026-10-02 18:53:22] iteration      579/    1000 | consumed samples:         4632 | elapsed time per iteration (ms): 331.3 | learning rate: 1.513574E-04 | global batch size:     8 | lm loss: 5.977764E+00 | loss scale: 1.0 | grad norm: 0.822 | number of skipped iterations:   0 | number of nan iterations:   0 |
Step Time : 0.33s GPU utilization: 30.8MODEL_TFLOP/s/GPU
 [2026-10-02 18:53:22] iteration      580/    1000 | consumed samples:         4640 | elapsed time per iteration (ms): 331.9 | learning rate: 1.508887E-04 | global batch size:     8 | lm loss: 5.791252E+00 | loss scale: 1.0 | grad norm: 1.015 | number of skipped iterations:   0 | number of nan iterations:   0 |
Step Time : 0.33s GPU utilization: 30.8MODEL_TFLOP/s/GPU
 [2026-10-02 18:53:22] iteration      581/    1000 | consumed samples:         4648 | elapsed time per iteration (ms): 331.6 | learning rate: 1.504201E-04 | global batch size:     8 | lm loss: 5.693542E+00 | loss scale: 1.0 | grad norm: 0.842 | number of skipped iterations:   0 | number of nan iterations:   0 |
Step Time : 0.33s GPU utilization: 30.9MODEL_TFLOP/s/GPU
 [2026-10-02 18:53:23] iteration      582/    1000 | consumed samples:         4656 | elapsed time per iteration (ms): 331.4 | learning rate: 1.499517E-04 | global batch size:     8 | lm loss: 6.111697E+00 | loss scale: 1.0 | grad norm: 0.846 | number of skipped iterations:   0 | number of nan iterations:   0 |
Step Time : 0.33s GPU utilization: 30.9MODEL_TFLOP/s/GPU
 [2026-10-02 18:53:23] iteration      583/    1000 | consumed samples:         4664 | elapsed time per iteration (ms): 331.4 | learning rate: 1.494835E-04 | global batch size:     8 | lm loss: 6.109680E+00 | loss scale: 1.0 | grad norm: 0.824 | number of skipped iterations:   0 | number of nan iterations:   0 |
Step Time : 0.33s GPU utilization: 30.8MODEL_TFLOP/s/GPU
 [2026-10-02 18:53:23] iteration      584/    1000 | consumed samples:         4672 | elapsed time per iteration (ms): 331.8 | learning rate: 1.490155E-04 | global batch size:     8 | lm loss: 6.114515E+00 | loss scale: 1.0 | grad norm: 0.913 | number of skipped iterations:   0 | number of nan iterations:   0 |
Step Time : 0.33s GPU utilization: 30.8MODEL_TFLOP/s/GPU
 [2026-10-02 18:53:24] iteration      585/    1000 | consumed samples:         4680 | elapsed time per iteration (ms): 331.6 | learning rate: 1.485476E-04 | global batch size:     8 | lm loss: 6.202325E+00 | loss scale: 1.0 | grad norm: 0.854 | number of skipped iterations:   0 | number of nan iterations:   0 |
Step Time : 0.33s GPU utilization: 30.8MODEL_TFLOP/s/GPU
 [2026-10-02 18:53:24] iteration      586/    1000 | consumed samples:         4688 | elapsed time per iteration (ms): 331.7 | learning rate: 1.480800E-04 | global batch size:     8 | lm loss: 6.130139E+00 | loss scale: 1.0 | grad norm: 0.889 | number of skipped iterations:   0 | number of nan iterations:   0 |
Step Time : 0.33s GPU utilization: 30.9MODEL_TFLOP/s/GPU
 [2026-10-02 18:53:24] iteration      587/    1000 | consumed samples:         4696 | elapsed time per iteration (ms): 331.3 | learning rate: 1.476126E-04 | global batch size:     8 | lm loss: 5.909077E+00 | loss scale: 1.0 | grad norm: 0.838 | number of skipped iterations:   0 | number of nan iterations:   0 |
Step Time : 0.33s GPU utilization: 30.8MODEL_TFLOP/s/GPU
 [2026-10-02 18:53:25] iteration      588/    1000 | consumed samples:         4704 | elapsed time per iteration (ms): 331.5 | learning rate: 1.471454E-04 | global batch size:     8 | lm loss: 5.967474E+00 | loss scale: 1.0 | grad norm: 1.087 | number of skipped iterations:   0 | number of nan iterations:   0 |
Step Time : 0.33s GPU utilization: 30.9MODEL_TFLOP/s/GPU
 [2026-10-02 18:53:25] iteration      589/    1000 | consumed samples:         4712 | elapsed time per iteration (ms): 331.3 | learning rate: 1.466784E-04 | global batch size:     8 | lm loss: 6.723561E+00 | loss scale: 1.0 | grad norm: 0.854 | number of skipped iterations:   0 | number of nan iterations:   0 |
Step Time : 0.33s GPU utilization: 30.8MODEL_TFLOP/s/GPU
 [2026-10-02 18:53:25] iteration      590/    1000 | consumed samples:         4720 | elapsed time per iteration (ms): 332.0 | learning rate: 1.462116E-04 | global batch size:     8 | lm loss: 6.162284E+00 | loss scale: 1.0 | grad norm: 3.319 | number of skipped iterations:   0 | number of nan iterations:   0 |
Step Time : 0.33s GPU utilization: 30.8MODEL_TFLOP/s/GPU
 [2026-10-02 18:53:26] iteration      591/    1000 | consumed samples:         4728 | elapsed time per iteration (ms): 331.5 | learning rate: 1.457451E-04 | global batch size:     8 | lm loss: 6.156908E+00 | loss scale: 1.0 | grad norm: 1.077 | number of skipped iterations:   0 | number of nan iterations:   0 |
Step Time : 0.33s GPU utilization: 30.9MODEL_TFLOP/s/GPU
 [2026-10-02 18:53:26] iteration      592/    1000 | consumed samples:         4736 | elapsed time per iteration (ms): 330.8 | learning rate: 1.452788E-04 | global batch size:     8 | lm loss: 6.047756E+00 | loss scale: 1.0 | grad norm: 0.831 | number of skipped iterations:   0 | number of nan iterations:   0 |
Step Time : 0.33s GPU utilization: 30.9MODEL_TFLOP/s/GPU
 [2026-10-02 18:53:26] iteration      593/    1000 | consumed samples:         4744 | elapsed time per iteration (ms): 330.8 | learning rate: 1.448127E-04 | global batch size:     8 | lm loss: 6.009156E+00 | loss scale: 1.0 | grad norm: 0.770 | number of skipped iterations:   0 | number of nan iterations:   0 |
Step Time : 0.33s GPU utilization: 30.8MODEL_TFLOP/s/GPU
 [2026-10-02 18:53:27] iteration      594/    1000 | consumed samples:         4752 | elapsed time per iteration (ms): 332.2 | learning rate: 1.443469E-04 | global batch size:     8 | lm loss: 5.680969E+00 | loss scale: 1.0 | grad norm: 0.932 | number of skipped iterations:   0 | number of nan iterations:   0 |
Step Time : 0.33s GPU utilization: 30.9MODEL_TFLOP/s/GPU
 [2026-10-02 18:53:27] iteration      595/    1000 | consumed samples:         4760 | elapsed time per iteration (ms): 330.9 | learning rate: 1.438813E-04 | global batch size:     8 | lm loss: 6.494285E+00 | loss scale: 1.0 | grad norm: 1.142 | number of skipped iterations:   0 | number of nan iterations:   0 |
Step Time : 0.33s GPU utilization: 30.9MODEL_TFLOP/s/GPU
 [2026-10-02 18:53:27] iteration      596/    1000 | consumed samples:         4768 | elapsed time per iteration (ms): 330.5 | learning rate: 1.434160E-04 | global batch size:     8 | lm loss: 5.875685E+00 | loss scale: 1.0 | grad norm: 0.942 | number of skipped iterations:   0 | number of nan iterations:   0 |
Step Time : 0.33s GPU utilization: 30.9MODEL_TFLOP/s/GPU
 [2026-10-02 18:53:28] iteration      597/    1000 | consumed samples:         4776 | elapsed time per iteration (ms): 331.2 | learning rate: 1.429510E-04 | global batch size:     8 | lm loss: 5.847446E+00 | loss scale: 1.0 | grad norm: 0.876 | number of skipped iterations:   0 | number of nan iterations:   0 |
Step Time : 0.33s GPU utilization: 30.9MODEL_TFLOP/s/GPU
 [2026-10-02 18:53:28] iteration      598/    1000 | consumed samples:         4784 | elapsed time per iteration (ms): 330.8 | learning rate: 1.424862E-04 | global batch size:     8 | lm loss: 6.135352E+00 | loss scale: 1.0 | grad norm: 0.830 | number of skipped iterations:   0 | number of nan iterations:   0 |
Step Time : 0.33s GPU utilization: 30.8MODEL_TFLOP/s/GPU
 [2026-10-02 18:53:28] iteration      599/    1000 | consumed samples:         4792 | elapsed time per iteration (ms): 331.7 | learning rate: 1.420217E-04 | global batch size:     8 | lm loss: 5.893615E+00 | loss scale: 1.0 | grad norm: 0.869 | number of skipped iterations:   0 | number of nan iterations:   0 |
Step Time : 0.33s GPU utilization: 30.8MODEL_TFLOP/s/GPU
 [2026-10-02 18:53:29] iteration      600/    1000 | consumed samples:         4800 | elapsed time per iteration (ms): 331.7 | learning rate: 1.415575E-04 | global batch size:     8 | lm loss: 6.241187E+00 | loss scale: 1.0 | grad norm: 0.781 | number of skipped iterations:   0 | number of nan iterations:   0 |
Step Time : 0.78s GPU utilization: 13.2MODEL_TFLOP/s/GPU
 [2026-10-02 18:53:30] iteration      601/    1000 | consumed samples:         4808 | elapsed time per iteration (ms): 776.8 | learning rate: 1.410936E-04 | global batch size:     8 | lm loss: 6.115305E+00 | loss scale: 1.0 | grad norm: 0.866 | number of skipped iterations:   0 | number of nan iterations:   0 |
Step Time : 0.33s GPU utilization: 30.8MODEL_TFLOP/s/GPU
 [2026-10-02 18:53:30] iteration      602/    1000 | consumed samples:         4816 | elapsed time per iteration (ms): 332.1 | learning rate: 1.406299E-04 | global batch size:     8 | lm loss: 5.868273E+00 | loss scale: 1.0 | grad norm: 0.888 | number of skipped iterations:   0 | number of nan iterations:   0 |
Step Time : 0.33s GPU utilization: 30.8MODEL_TFLOP/s/GPU
 [2026-10-02 18:53:30] iteration      603/    1000 | consumed samples:         4824 | elapsed time per iteration (ms): 331.5 | learning rate: 1.401666E-04 | global batch size:     8 | lm loss: 6.106854E+00 | loss scale: 1.0 | grad norm: 1.095 | number of skipped iterations:   0 | number of nan iterations:   0 |
Step Time : 0.33s GPU utilization: 30.9MODEL_TFLOP/s/GPU
 [2026-10-02 18:53:31] iteration      604/    1000 | consumed samples:         4832 | elapsed time per iteration (ms): 331.1 | learning rate: 1.397035E-04 | global batch size:     8 | lm loss: 6.212376E+00 | loss scale: 1.0 | grad norm: 1.027 | number of skipped iterations:   0 | number of nan iterations:   0 |
Step Time : 0.33s GPU utilization: 30.9MODEL_TFLOP/s/GPU
 [2026-10-02 18:53:31] iteration      605/    1000 | consumed samples:         4840 | elapsed time per iteration (ms): 331.4 | learning rate: 1.392408E-04 | global batch size:     8 | lm loss: 6.200608E+00 | loss scale: 1.0 | grad norm: 0.804 | number of skipped iterations:   0 | number of nan iterations:   0 |
Step Time : 0.33s GPU utilization: 30.8MODEL_TFLOP/s/GPU
 [2026-10-02 18:53:31] iteration      606/    1000 | consumed samples:         4848 | elapsed time per iteration (ms): 332.2 | learning rate: 1.387784E-04 | global batch size:     8 | lm loss: 5.978790E+00 | loss scale: 1.0 | grad norm: 0.824 | number of skipped iterations:   0 | number of nan iterations:   0 |
Step Time : 0.33s GPU utilization: 30.9MODEL_TFLOP/s/GPU
 [2026-10-02 18:53:32] iteration      607/    1000 | consumed samples:         4856 | elapsed time per iteration (ms): 330.8 | learning rate: 1.383163E-04 | global batch size:     8 | lm loss: 6.190458E+00 | loss scale: 1.0 | grad norm: 1.486 | number of skipped iterations:   0 | number of nan iterations:   0 |
Step Time : 0.33s GPU utilization: 30.8MODEL_TFLOP/s/GPU
 [2026-10-02 18:53:32] iteration      608/    1000 | consumed samples:         4864 | elapsed time per iteration (ms): 331.5 | learning rate: 1.378545E-04 | global batch size:     8 | lm loss: 5.868793E+00 | loss scale: 1.0 | grad norm: 0.810 | number of skipped iterations:   0 | number of nan iterations:   0 |
Step Time : 0.33s GPU utilization: 30.8MODEL_TFLOP/s/GPU
 [2026-10-02 18:53:32] iteration      609/    1000 | consumed samples:         4872 | elapsed time per iteration (ms): 331.6 | learning rate: 1.373930E-04 | global batch size:     8 | lm loss: 6.013365E+00 | loss scale: 1.0 | grad norm: 0.823 | number of skipped iterations:   0 | number of nan iterations:   0 |
Step Time : 0.33s GPU utilization: 30.9MODEL_TFLOP/s/GPU
 [2026-10-02 18:53:33] iteration      610/    1000 | consumed samples:         4880 | elapsed time per iteration (ms): 331.0 | learning rate: 1.369319E-04 | global batch size:     8 | lm loss: 5.815916E+00 | loss scale: 1.0 | grad norm: 0.824 | number of skipped iterations:   0 | number of nan iterations:   0 |
Step Time : 0.33s GPU utilization: 30.9MODEL_TFLOP/s/GPU
 [2026-10-02 18:53:33] iteration      611/    1000 | consumed samples:         4888 | elapsed time per iteration (ms): 331.1 | learning rate: 1.364711E-04 | global batch size:     8 | lm loss: 5.826444E+00 | loss scale: 1.0 | grad norm: 1.008 | number of skipped iterations:   0 | number of nan iterations:   0 |
Step Time : 0.33s GPU utilization: 30.8MODEL_TFLOP/s/GPU
 [2026-10-02 18:53:33] iteration      612/    1000 | consumed samples:         4896 | elapsed time per iteration (ms): 331.9 | learning rate: 1.360107E-04 | global batch size:     8 | lm loss: 6.142028E+00 | loss scale: 1.0 | grad norm: 0.983 | number of skipped iterations:   0 | number of nan iterations:   0 |
Step Time : 0.33s GPU utilization: 30.9MODEL_TFLOP/s/GPU
 [2026-10-02 18:53:34] iteration      613/    1000 | consumed samples:         4904 | elapsed time per iteration (ms): 331.4 | learning rate: 1.355507E-04 | global batch size:     8 | lm loss: 5.988672E+00 | loss scale: 1.0 | grad norm: 0.798 | number of skipped iterations:   0 | number of nan iterations:   0 |
Step Time : 0.33s GPU utilization: 30.9MODEL_TFLOP/s/GPU
 [2026-10-02 18:53:34] iteration      614/    1000 | consumed samples:         4912 | elapsed time per iteration (ms): 331.2 | learning rate: 1.350910E-04 | global batch size:     8 | lm loss: 5.895382E+00 | loss scale: 1.0 | grad norm: 0.795 | number of skipped iterations:   0 | number of nan iterations:   0 |
Step Time : 0.33s GPU utilization: 30.8MODEL_TFLOP/s/GPU
 [2026-10-02 18:53:34] iteration      615/    1000 | consumed samples:         4920 | elapsed time per iteration (ms): 331.9 | learning rate: 1.346316E-04 | global batch size:     8 | lm loss: 6.093031E+00 | loss scale: 1.0 | grad norm: 0.771 | number of skipped iterations:   0 | number of nan iterations:   0 |
Step Time : 0.33s GPU utilization: 30.9MODEL_TFLOP/s/GPU
 [2026-10-02 18:53:35] iteration      616/    1000 | consumed samples:         4928 | elapsed time per iteration (ms): 330.9 | learning rate: 1.341726E-04 | global batch size:     8 | lm loss: 6.015483E+00 | loss scale: 1.0 | grad norm: 0.840 | number of skipped iterations:   0 | number of nan iterations:   0 |
Step Time : 0.33s GPU utilization: 30.8MODEL_TFLOP/s/GPU
 [2026-10-02 18:53:35] iteration      617/    1000 | consumed samples:         4936 | elapsed time per iteration (ms): 331.7 | learning rate: 1.337140E-04 | global batch size:     8 | lm loss: 5.835227E+00 | loss scale: 1.0 | grad norm: 0.824 | number of skipped iterations:   0 | number of nan iterations:   0 |
Step Time : 0.33s GPU utilization: 30.8MODEL_TFLOP/s/GPU
 [2026-10-02 18:53:35] iteration      618/    1000 | consumed samples:         4944 | elapsed time per iteration (ms): 331.4 | learning rate: 1.332558E-04 | global batch size:     8 | lm loss: 5.959891E+00 | loss scale: 1.0 | grad norm: 0.861 | number of skipped iterations:   0 | number of nan iterations:   0 |
Step Time : 0.33s GPU utilization: 30.8MODEL_TFLOP/s/GPU
 [2026-10-02 18:53:36] iteration      619/    1000 | consumed samples:         4952 | elapsed time per iteration (ms): 331.5 | learning rate: 1.327980E-04 | global batch size:     8 | lm loss: 6.216580E+00 | loss scale: 1.0 | grad norm: 0.918 | number of skipped iterations:   0 | number of nan iterations:   0 |
Step Time : 0.33s GPU utilization: 30.9MODEL_TFLOP/s/GPU
 [2026-10-02 18:53:36] iteration      620/    1000 | consumed samples:         4960 | elapsed time per iteration (ms): 330.8 | learning rate: 1.323405E-04 | global batch size:     8 | lm loss: 5.925947E+00 | loss scale: 1.0 | grad norm: 0.862 | number of skipped iterations:   0 | number of nan iterations:   0 |
Step Time : 0.33s GPU utilization: 30.9MODEL_TFLOP/s/GPU
 [2026-10-02 18:53:36] iteration      621/    1000 | consumed samples:         4968 | elapsed time per iteration (ms): 331.3 | learning rate: 1.318835E-04 | global batch size:     8 | lm loss: 6.061184E+00 | loss scale: 1.0 | grad norm: 0.786 | number of skipped iterations:   0 | number of nan iterations:   0 |
Step Time : 0.33s GPU utilization: 30.9MODEL_TFLOP/s/GPU
 [2026-10-02 18:53:36] iteration      622/    1000 | consumed samples:         4976 | elapsed time per iteration (ms): 330.8 | learning rate: 1.314269E-04 | global batch size:     8 | lm loss: 6.152739E+00 | loss scale: 1.0 | grad norm: 0.845 | number of skipped iterations:   0 | number of nan iterations:   0 |
Step Time : 0.33s GPU utilization: 30.9MODEL_TFLOP/s/GPU
 [2026-10-02 18:53:37] iteration      623/    1000 | consumed samples:         4984 | elapsed time per iteration (ms): 331.3 | learning rate: 1.309706E-04 | global batch size:     8 | lm loss: 5.768758E+00 | loss scale: 1.0 | grad norm: 0.827 | number of skipped iterations:   0 | number of nan iterations:   0 |
Step Time : 0.33s GPU utilization: 30.8MODEL_TFLOP/s/GPU
 [2026-10-02 18:53:37] iteration      624/    1000 | consumed samples:         4992 | elapsed time per iteration (ms): 331.5 | learning rate: 1.305148E-04 | global batch size:     8 | lm loss: 6.240091E+00 | loss scale: 1.0 | grad norm: 0.773 | number of skipped iterations:   0 | number of nan iterations:   0 |
Step Time : 0.33s GPU utilization: 30.9MODEL_TFLOP/s/GPU
 [2026-10-02 18:53:37] iteration      625/    1000 | consumed samples:         5000 | elapsed time per iteration (ms): 331.1 | learning rate: 1.300594E-04 | global batch size:     8 | lm loss: 5.965109E+00 | loss scale: 1.0 | grad norm: 0.814 | number of skipped iterations:   0 | number of nan iterations:   0 |
Step Time : 0.33s GPU utilization: 30.9MODEL_TFLOP/s/GPU
 [2026-10-02 18:53:38] iteration      626/    1000 | consumed samples:         5008 | elapsed time per iteration (ms): 331.2 | learning rate: 1.296045E-04 | global batch size:     8 | lm loss: 6.104560E+00 | loss scale: 1.0 | grad norm: 0.866 | number of skipped iterations:   0 | number of nan iterations:   0 |
Step Time : 0.33s GPU utilization: 30.9MODEL_TFLOP/s/GPU
 [2026-10-02 18:53:38] iteration      627/    1000 | consumed samples:         5016 | elapsed time per iteration (ms): 331.1 | learning rate: 1.291499E-04 | global batch size:     8 | lm loss: 6.336380E+00 | loss scale: 1.0 | grad norm: 0.864 | number of skipped iterations:   0 | number of nan iterations:   0 |
Step Time : 0.33s GPU utilization: 30.9MODEL_TFLOP/s/GPU
 [2026-10-02 18:53:38] iteration      628/    1000 | consumed samples:         5024 | elapsed time per iteration (ms): 331.0 | learning rate: 1.286958E-04 | global batch size:     8 | lm loss: 6.112852E+00 | loss scale: 1.0 | grad norm: 0.821 | number of skipped iterations:   0 | number of nan iterations:   0 |
Step Time : 0.33s GPU utilization: 30.9MODEL_TFLOP/s/GPU
 [2026-10-02 18:53:39] iteration      629/    1000 | consumed samples:         5032 | elapsed time per iteration (ms): 330.8 | learning rate: 1.282422E-04 | global batch size:     8 | lm loss: 6.111878E+00 | loss scale: 1.0 | grad norm: 0.968 | number of skipped iterations:   0 | number of nan iterations:   0 |
Step Time : 0.33s GPU utilization: 30.9MODEL_TFLOP/s/GPU
 [2026-10-02 18:53:39] iteration      630/    1000 | consumed samples:         5040 | elapsed time per iteration (ms): 331.2 | learning rate: 1.277890E-04 | global batch size:     8 | lm loss: 5.969168E+00 | loss scale: 1.0 | grad norm: 0.884 | number of skipped iterations:   0 | number of nan iterations:   0 |
Step Time : 0.33s GPU utilization: 30.9MODEL_TFLOP/s/GPU
 [2026-10-02 18:53:39] iteration      631/    1000 | consumed samples:         5048 | elapsed time per iteration (ms): 331.0 | learning rate: 1.273362E-04 | global batch size:     8 | lm loss: 6.260332E+00 | loss scale: 1.0 | grad norm: 0.829 | number of skipped iterations:   0 | number of nan iterations:   0 |
Step Time : 0.33s GPU utilization: 30.9MODEL_TFLOP/s/GPU
 [2026-10-02 18:53:40] iteration      632/    1000 | consumed samples:         5056 | elapsed time per iteration (ms): 331.3 | learning rate: 1.268839E-04 | global batch size:     8 | lm loss: 5.944326E+00 | loss scale: 1.0 | grad norm: 0.821 | number of skipped iterations:   0 | number of nan iterations:   0 |
Step Time : 0.33s GPU utilization: 30.9MODEL_TFLOP/s/GPU
 [2026-10-02 18:53:40] iteration      633/    1000 | consumed samples:         5064 | elapsed time per iteration (ms): 330.9 | learning rate: 1.264321E-04 | global batch size:     8 | lm loss: 6.025426E+00 | loss scale: 1.0 | grad norm: 0.799 | number of skipped iterations:   0 | number of nan iterations:   0 |
Step Time : 0.33s GPU utilization: 30.9MODEL_TFLOP/s/GPU
 [2026-10-02 18:53:40] iteration      634/    1000 | consumed samples:         5072 | elapsed time per iteration (ms): 330.8 | learning rate: 1.259807E-04 | global batch size:     8 | lm loss: 5.764949E+00 | loss scale: 1.0 | grad norm: 0.799 | number of skipped iterations:   0 | number of nan iterations:   0 |
Step Time : 0.33s GPU utilization: 30.9MODEL_TFLOP/s/GPU
 [2026-10-02 18:53:41] iteration      635/    1000 | consumed samples:         5080 | elapsed time per iteration (ms): 331.3 | learning rate: 1.255298E-04 | global batch size:     8 | lm loss: 5.831039E+00 | loss scale: 1.0 | grad norm: 0.745 | number of skipped iterations:   0 | number of nan iterations:   0 |
Step Time : 0.33s GPU utilization: 30.9MODEL_TFLOP/s/GPU
 [2026-10-02 18:53:41] iteration      636/    1000 | consumed samples:         5088 | elapsed time per iteration (ms): 331.1 | learning rate: 1.250794E-04 | global batch size:     8 | lm loss: 6.065763E+00 | loss scale: 1.0 | grad norm: 0.835 | number of skipped iterations:   0 | number of nan iterations:   0 |
Step Time : 0.33s GPU utilization: 30.9MODEL_TFLOP/s/GPU
 [2026-10-02 18:53:41] iteration      637/    1000 | consumed samples:         5096 | elapsed time per iteration (ms): 330.6 | learning rate: 1.246295E-04 | global batch size:     8 | lm loss: 5.961281E+00 | loss scale: 1.0 | grad norm: 0.849 | number of skipped iterations:   0 | number of nan iterations:   0 |
Step Time : 0.33s GPU utilization: 30.8MODEL_TFLOP/s/GPU
 [2026-10-02 18:53:42] iteration      638/    1000 | consumed samples:         5104 | elapsed time per iteration (ms): 331.5 | learning rate: 1.241801E-04 | global batch size:     8 | lm loss: 6.077653E+00 | loss scale: 1.0 | grad norm: 0.856 | number of skipped iterations:   0 | number of nan iterations:   0 |
Step Time : 0.33s GPU utilization: 30.9MODEL_TFLOP/s/GPU
 [2026-10-02 18:53:42] iteration      639/    1000 | consumed samples:         5112 | elapsed time per iteration (ms): 331.3 | learning rate: 1.237311E-04 | global batch size:     8 | lm loss: 6.049158E+00 | loss scale: 1.0 | grad norm: 0.860 | number of skipped iterations:   0 | number of nan iterations:   0 |
Step Time : 0.33s GPU utilization: 30.9MODEL_TFLOP/s/GPU
 [2026-10-02 18:53:42] iteration      640/    1000 | consumed samples:         5120 | elapsed time per iteration (ms): 331.2 | learning rate: 1.232827E-04 | global batch size:     8 | lm loss: 5.981036E+00 | loss scale: 1.0 | grad norm: 0.866 | number of skipped iterations:   0 | number of nan iterations:   0 |
Step Time : 0.33s GPU utilization: 30.9MODEL_TFLOP/s/GPU
 [2026-10-02 18:53:43] iteration      641/    1000 | consumed samples:         5128 | elapsed time per iteration (ms): 330.8 | learning rate: 1.228348E-04 | global batch size:     8 | lm loss: 6.156962E+00 | loss scale: 1.0 | grad norm: 0.882 | number of skipped iterations:   0 | number of nan iterations:   0 |
Step Time : 0.33s GPU utilization: 30.9MODEL_TFLOP/s/GPU
 [2026-10-02 18:53:43] iteration      642/    1000 | consumed samples:         5136 | elapsed time per iteration (ms): 330.6 | learning rate: 1.223874E-04 | global batch size:     8 | lm loss: 6.094378E+00 | loss scale: 1.0 | grad norm: 0.833 | number of skipped iterations:   0 | number of nan iterations:   0 |
Step Time : 0.33s GPU utilization: 30.9MODEL_TFLOP/s/GPU
 [2026-10-02 18:53:43] iteration      643/    1000 | consumed samples:         5144 | elapsed time per iteration (ms): 330.6 | learning rate: 1.219405E-04 | global batch size:     8 | lm loss: 6.058329E+00 | loss scale: 1.0 | grad norm: 0.760 | number of skipped iterations:   0 | number of nan iterations:   0 |
Step Time : 0.33s GPU utilization: 30.9MODEL_TFLOP/s/GPU
 [2026-10-02 18:53:44] iteration      644/    1000 | consumed samples:         5152 | elapsed time per iteration (ms): 331.2 | learning rate: 1.214941E-04 | global batch size:     8 | lm loss: 5.989827E+00 | loss scale: 1.0 | grad norm: 0.949 | number of skipped iterations:   0 | number of nan iterations:   0 |
Step Time : 0.33s GPU utilization: 30.9MODEL_TFLOP/s/GPU
 [2026-10-02 18:53:44] iteration      645/    1000 | consumed samples:         5160 | elapsed time per iteration (ms): 331.4 | learning rate: 1.210483E-04 | global batch size:     8 | lm loss: 5.891300E+00 | loss scale: 1.0 | grad norm: 0.954 | number of skipped iterations:   0 | number of nan iterations:   0 |
Step Time : 0.33s GPU utilization: 30.9MODEL_TFLOP/s/GPU
 [2026-10-02 18:53:44] iteration      646/    1000 | consumed samples:         5168 | elapsed time per iteration (ms): 331.0 | learning rate: 1.206030E-04 | global batch size:     8 | lm loss: 5.866472E+00 | loss scale: 1.0 | grad norm: 0.819 | number of skipped iterations:   0 | number of nan iterations:   0 |
Step Time : 0.33s GPU utilization: 30.9MODEL_TFLOP/s/GPU
 [2026-10-02 18:53:45] iteration      647/    1000 | consumed samples:         5176 | elapsed time per iteration (ms): 331.4 | learning rate: 1.201582E-04 | global batch size:     8 | lm loss: 5.850448E+00 | loss scale: 1.0 | grad norm: 0.756 | number of skipped iterations:   0 | number of nan iterations:   0 |
Step Time : 0.33s GPU utilization: 30.9MODEL_TFLOP/s/GPU
 [2026-10-02 18:53:45] iteration      648/    1000 | consumed samples:         5184 | elapsed time per iteration (ms): 331.0 | learning rate: 1.197140E-04 | global batch size:     8 | lm loss: 5.985479E+00 | loss scale: 1.0 | grad norm: 0.927 | number of skipped iterations:   0 | number of nan iterations:   0 |
Step Time : 0.33s GPU utilization: 30.8MODEL_TFLOP/s/GPU
 [2026-10-02 18:53:45] iteration      649/    1000 | consumed samples:         5192 | elapsed time per iteration (ms): 331.8 | learning rate: 1.192704E-04 | global batch size:     8 | lm loss: 6.246274E+00 | loss scale: 1.0 | grad norm: 1.695 | number of skipped iterations:   0 | number of nan iterations:   0 |
Step Time : 0.33s GPU utilization: 30.9MODEL_TFLOP/s/GPU
 [2026-10-02 18:53:46] iteration      650/    1000 | consumed samples:         5200 | elapsed time per iteration (ms): 331.0 | learning rate: 1.188273E-04 | global batch size:     8 | lm loss: 6.065748E+00 | loss scale: 1.0 | grad norm: 0.870 | number of skipped iterations:   0 | number of nan iterations:   0 |
Step Time : 0.33s GPU utilization: 30.9MODEL_TFLOP/s/GPU
 [2026-10-02 18:53:46] iteration      651/    1000 | consumed samples:         5208 | elapsed time per iteration (ms): 331.1 | learning rate: 1.183847E-04 | global batch size:     8 | lm loss: 6.011472E+00 | loss scale: 1.0 | grad norm: 0.954 | number of skipped iterations:   0 | number of nan iterations:   0 |
Step Time : 0.33s GPU utilization: 30.9MODEL_TFLOP/s/GPU
 [2026-10-02 18:53:46] iteration      652/    1000 | consumed samples:         5216 | elapsed time per iteration (ms): 331.1 | learning rate: 1.179428E-04 | global batch size:     8 | lm loss: 5.864733E+00 | loss scale: 1.0 | grad norm: 0.868 | number of skipped iterations:   0 | number of nan iterations:   0 |
Step Time : 0.33s GPU utilization: 30.9MODEL_TFLOP/s/GPU
 [2026-10-02 18:53:47] iteration      653/    1000 | consumed samples:         5224 | elapsed time per iteration (ms): 331.2 | learning rate: 1.175014E-04 | global batch size:     8 | lm loss: 5.952035E+00 | loss scale: 1.0 | grad norm: 0.796 | number of skipped iterations:   0 | number of nan iterations:   0 |
Step Time : 0.33s GPU utilization: 30.9MODEL_TFLOP/s/GPU
 [2026-10-02 18:53:47] iteration      654/    1000 | consumed samples:         5232 | elapsed time per iteration (ms): 331.2 | learning rate: 1.170606E-04 | global batch size:     8 | lm loss: 5.968295E+00 | loss scale: 1.0 | grad norm: 0.829 | number of skipped iterations:   0 | number of nan iterations:   0 |
Step Time : 0.33s GPU utilization: 30.9MODEL_TFLOP/s/GPU
 [2026-10-02 18:53:47] iteration      655/    1000 | consumed samples:         5240 | elapsed time per iteration (ms): 331.4 | learning rate: 1.166203E-04 | global batch size:     8 | lm loss: 6.128078E+00 | loss scale: 1.0 | grad norm: 1.047 | number of skipped iterations:   0 | number of nan iterations:   0 |
Step Time : 0.33s GPU utilization: 30.9MODEL_TFLOP/s/GPU
 [2026-10-02 18:53:48] iteration      656/    1000 | consumed samples:         5248 | elapsed time per iteration (ms): 330.5 | learning rate: 1.161807E-04 | global batch size:     8 | lm loss: 5.728631E+00 | loss scale: 1.0 | grad norm: 0.820 | number of skipped iterations:   0 | number of nan iterations:   0 |
Step Time : 0.33s GPU utilization: 30.9MODEL_TFLOP/s/GPU
 [2026-10-02 18:53:48] iteration      657/    1000 | consumed samples:         5256 | elapsed time per iteration (ms): 331.2 | learning rate: 1.157416E-04 | global batch size:     8 | lm loss: 5.889963E+00 | loss scale: 1.0 | grad norm: 0.940 | number of skipped iterations:   0 | number of nan iterations:   0 |
Step Time : 0.33s GPU utilization: 30.9MODEL_TFLOP/s/GPU
 [2026-10-02 18:53:48] iteration      658/    1000 | consumed samples:         5264 | elapsed time per iteration (ms): 331.1 | learning rate: 1.153032E-04 | global batch size:     8 | lm loss: 5.930633E+00 | loss scale: 1.0 | grad norm: 0.838 | number of skipped iterations:   0 | number of nan iterations:   0 |
Step Time : 0.33s GPU utilization: 30.9MODEL_TFLOP/s/GPU
 [2026-10-02 18:53:49] iteration      659/    1000 | consumed samples:         5272 | elapsed time per iteration (ms): 331.0 | learning rate: 1.148653E-04 | global batch size:     8 | lm loss: 5.947154E+00 | loss scale: 1.0 | grad norm: 0.884 | number of skipped iterations:   0 | number of nan iterations:   0 |
Step Time : 0.33s GPU utilization: 30.9MODEL_TFLOP/s/GPU
 [2026-10-02 18:53:49] iteration      660/    1000 | consumed samples:         5280 | elapsed time per iteration (ms): 331.4 | learning rate: 1.144281E-04 | global batch size:     8 | lm loss: 5.858856E+00 | loss scale: 1.0 | grad norm: 0.790 | number of skipped iterations:   0 | number of nan iterations:   0 |
Step Time : 0.33s GPU utilization: 30.9MODEL_TFLOP/s/GPU
 [2026-10-02 18:53:49] iteration      661/    1000 | consumed samples:         5288 | elapsed time per iteration (ms): 331.0 | learning rate: 1.139915E-04 | global batch size:     8 | lm loss: 5.551309E+00 | loss scale: 1.0 | grad norm: 0.825 | number of skipped iterations:   0 | number of nan iterations:   0 |
Step Time : 0.33s GPU utilization: 30.9MODEL_TFLOP/s/GPU
 [2026-10-02 18:53:50] iteration      662/    1000 | consumed samples:         5296 | elapsed time per iteration (ms): 331.2 | learning rate: 1.135555E-04 | global batch size:     8 | lm loss: 5.765551E+00 | loss scale: 1.0 | grad norm: 0.983 | number of skipped iterations:   0 | number of nan iterations:   0 |
Step Time : 0.33s GPU utilization: 30.8MODEL_TFLOP/s/GPU
 [2026-10-02 18:53:50] iteration      663/    1000 | consumed samples:         5304 | elapsed time per iteration (ms): 331.6 | learning rate: 1.131201E-04 | global batch size:     8 | lm loss: 6.415658E+00 | loss scale: 1.0 | grad norm: 1.323 | number of skipped iterations:   0 | number of nan iterations:   0 |
Step Time : 0.33s GPU utilization: 30.9MODEL_TFLOP/s/GPU
 [2026-10-02 18:53:50] iteration      664/    1000 | consumed samples:         5312 | elapsed time per iteration (ms): 331.2 | learning rate: 1.126854E-04 | global batch size:     8 | lm loss: 6.123073E+00 | loss scale: 1.0 | grad norm: 0.811 | number of skipped iterations:   0 | number of nan iterations:   0 |
Step Time : 0.33s GPU utilization: 30.9MODEL_TFLOP/s/GPU
 [2026-10-02 18:53:51] iteration      665/    1000 | consumed samples:         5320 | elapsed time per iteration (ms): 331.1 | learning rate: 1.122513E-04 | global batch size:     8 | lm loss: 6.138346E+00 | loss scale: 1.0 | grad norm: 1.026 | number of skipped iterations:   0 | number of nan iterations:   0 |
Step Time : 0.33s GPU utilization: 30.8MODEL_TFLOP/s/GPU
 [2026-10-02 18:53:51] iteration      666/    1000 | consumed samples:         5328 | elapsed time per iteration (ms): 331.6 | learning rate: 1.118178E-04 | global batch size:     8 | lm loss: 6.105695E+00 | loss scale: 1.0 | grad norm: 0.936 | number of skipped iterations:   0 | number of nan iterations:   0 |
Step Time : 0.33s GPU utilization: 30.9MODEL_TFLOP/s/GPU
 [2026-10-02 18:53:51] iteration      667/    1000 | consumed samples:         5336 | elapsed time per iteration (ms): 331.0 | learning rate: 1.113850E-04 | global batch size:     8 | lm loss: 5.937573E+00 | loss scale: 1.0 | grad norm: 0.818 | number of skipped iterations:   0 | number of nan iterations:   0 |
Step Time : 0.33s GPU utilization: 30.9MODEL_TFLOP/s/GPU
 [2026-10-02 18:53:52] iteration      668/    1000 | consumed samples:         5344 | elapsed time per iteration (ms): 331.0 | learning rate: 1.109529E-04 | global batch size:     8 | lm loss: 5.870611E+00 | loss scale: 1.0 | grad norm: 0.830 | number of skipped iterations:   0 | number of nan iterations:   0 |
Step Time : 0.33s GPU utilization: 30.9MODEL_TFLOP/s/GPU
 [2026-10-02 18:53:52] iteration      669/    1000 | consumed samples:         5352 | elapsed time per iteration (ms): 331.3 | learning rate: 1.105214E-04 | global batch size:     8 | lm loss: 5.896990E+00 | loss scale: 1.0 | grad norm: 0.753 | number of skipped iterations:   0 | number of nan iterations:   0 |
Step Time : 0.33s GPU utilization: 30.9MODEL_TFLOP/s/GPU
 [2026-10-02 18:53:52] iteration      670/    1000 | consumed samples:         5360 | elapsed time per iteration (ms): 331.3 | learning rate: 1.100906E-04 | global batch size:     8 | lm loss: 6.304677E+00 | loss scale: 1.0 | grad norm: 1.020 | number of skipped iterations:   0 | number of nan iterations:   0 |
Step Time : 0.33s GPU utilization: 30.8MODEL_TFLOP/s/GPU
 [2026-10-02 18:53:53] iteration      671/    1000 | consumed samples:         5368 | elapsed time per iteration (ms): 331.7 | learning rate: 1.096604E-04 | global batch size:     8 | lm loss: 6.172804E+00 | loss scale: 1.0 | grad norm: 0.818 | number of skipped iterations:   0 | number of nan iterations:   0 |
Step Time : 0.33s GPU utilization: 30.9MODEL_TFLOP/s/GPU
 [2026-10-02 18:53:53] iteration      672/    1000 | consumed samples:         5376 | elapsed time per iteration (ms): 331.0 | learning rate: 1.092309E-04 | global batch size:     8 | lm loss: 5.836994E+00 | loss scale: 1.0 | grad norm: 0.927 | number of skipped iterations:   0 | number of nan iterations:   0 |
Step Time : 0.33s GPU utilization: 30.9MODEL_TFLOP/s/GPU
 [2026-10-02 18:53:53] iteration      673/    1000 | consumed samples:         5384 | elapsed time per iteration (ms): 331.0 | learning rate: 1.088021E-04 | global batch size:     8 | lm loss: 5.922014E+00 | loss scale: 1.0 | grad norm: 0.939 | number of skipped iterations:   0 | number of nan iterations:   0 |
Step Time : 0.33s GPU utilization: 30.8MODEL_TFLOP/s/GPU
 [2026-10-02 18:53:54] iteration      674/    1000 | consumed samples:         5392 | elapsed time per iteration (ms): 331.7 | learning rate: 1.083740E-04 | global batch size:     8 | lm loss: 6.280510E+00 | loss scale: 1.0 | grad norm: 0.869 | number of skipped iterations:   0 | number of nan iterations:   0 |
Step Time : 0.33s GPU utilization: 30.9MODEL_TFLOP/s/GPU
 [2026-10-02 18:53:54] iteration      675/    1000 | consumed samples:         5400 | elapsed time per iteration (ms): 331.0 | learning rate: 1.079465E-04 | global batch size:     8 | lm loss: 6.193019E+00 | loss scale: 1.0 | grad norm: 0.894 | number of skipped iterations:   0 | number of nan iterations:   0 |
Step Time : 0.33s GPU utilization: 30.8MODEL_TFLOP/s/GPU
 [2026-10-02 18:53:54] iteration      676/    1000 | consumed samples:         5408 | elapsed time per iteration (ms): 331.4 | learning rate: 1.075198E-04 | global batch size:     8 | lm loss: 6.005950E+00 | loss scale: 1.0 | grad norm: 0.849 | number of skipped iterations:   0 | number of nan iterations:   0 |
Step Time : 0.33s GPU utilization: 30.9MODEL_TFLOP/s/GPU
 [2026-10-02 18:53:55] iteration      677/    1000 | consumed samples:         5416 | elapsed time per iteration (ms): 331.4 | learning rate: 1.070938E-04 | global batch size:     8 | lm loss: 6.239030E+00 | loss scale: 1.0 | grad norm: 0.826 | number of skipped iterations:   0 | number of nan iterations:   0 |
Step Time : 0.33s GPU utilization: 30.9MODEL_TFLOP/s/GPU
 [2026-10-02 18:53:55] iteration      678/    1000 | consumed samples:         5424 | elapsed time per iteration (ms): 331.1 | learning rate: 1.066684E-04 | global batch size:     8 | lm loss: 6.107919E+00 | loss scale: 1.0 | grad norm: 0.814 | number of skipped iterations:   0 | number of nan iterations:   0 |
Step Time : 0.33s GPU utilization: 30.9MODEL_TFLOP/s/GPU
 [2026-10-02 18:53:55] iteration      679/    1000 | consumed samples:         5432 | elapsed time per iteration (ms): 331.2 | learning rate: 1.062438E-04 | global batch size:     8 | lm loss: 5.994437E+00 | loss scale: 1.0 | grad norm: 0.849 | number of skipped iterations:   0 | number of nan iterations:   0 |
Step Time : 0.33s GPU utilization: 30.9MODEL_TFLOP/s/GPU
 [2026-10-02 18:53:56] iteration      680/    1000 | consumed samples:         5440 | elapsed time per iteration (ms): 331.4 | learning rate: 1.058199E-04 | global batch size:     8 | lm loss: 5.878353E+00 | loss scale: 1.0 | grad norm: 0.852 | number of skipped iterations:   0 | number of nan iterations:   0 |
Step Time : 0.33s GPU utilization: 30.9MODEL_TFLOP/s/GPU
 [2026-10-02 18:53:56] iteration      681/    1000 | consumed samples:         5448 | elapsed time per iteration (ms): 330.9 | learning rate: 1.053967E-04 | global batch size:     8 | lm loss: 6.252963E+00 | loss scale: 1.0 | grad norm: 1.638 | number of skipped iterations:   0 | number of nan iterations:   0 |
Step Time : 0.33s GPU utilization: 30.9MODEL_TFLOP/s/GPU
 [2026-10-02 18:53:56] iteration      682/    1000 | consumed samples:         5456 | elapsed time per iteration (ms): 331.0 | learning rate: 1.049742E-04 | global batch size:     8 | lm loss: 5.879648E+00 | loss scale: 1.0 | grad norm: 0.855 | number of skipped iterations:   0 | number of nan iterations:   0 |
Step Time : 0.33s GPU utilization: 30.9MODEL_TFLOP/s/GPU
 [2026-10-02 18:53:57] iteration      683/    1000 | consumed samples:         5464 | elapsed time per iteration (ms): 331.0 | learning rate: 1.045525E-04 | global batch size:     8 | lm loss: 6.069539E+00 | loss scale: 1.0 | grad norm: 0.819 | number of skipped iterations:   0 | number of nan iterations:   0 |
Step Time : 0.33s GPU utilization: 30.9MODEL_TFLOP/s/GPU
 [2026-10-02 18:53:57] iteration      684/    1000 | consumed samples:         5472 | elapsed time per iteration (ms): 330.9 | learning rate: 1.041315E-04 | global batch size:     8 | lm loss: 5.752716E+00 | loss scale: 1.0 | grad norm: 0.821 | number of skipped iterations:   0 | number of nan iterations:   0 |
Step Time : 0.33s GPU utilization: 30.8MODEL_TFLOP/s/GPU
 [2026-10-02 18:53:57] iteration      685/    1000 | consumed samples:         5480 | elapsed time per iteration (ms): 331.7 | learning rate: 1.037113E-04 | global batch size:     8 | lm loss: 6.023023E+00 | loss scale: 1.0 | grad norm: 0.873 | number of skipped iterations:   0 | number of nan iterations:   0 |
Step Time : 0.33s GPU utilization: 30.9MODEL_TFLOP/s/GPU
 [2026-10-02 18:53:58] iteration      686/    1000 | consumed samples:         5488 | elapsed time per iteration (ms): 331.2 | learning rate: 1.032918E-04 | global batch size:     8 | lm loss: 6.003171E+00 | loss scale: 1.0 | grad norm: 0.793 | number of skipped iterations:   0 | number of nan iterations:   0 |
Step Time : 0.33s GPU utilization: 30.9MODEL_TFLOP/s/GPU
 [2026-10-02 18:53:58] iteration      687/    1000 | consumed samples:         5496 | elapsed time per iteration (ms): 330.9 | learning rate: 1.028730E-04 | global batch size:     8 | lm loss: 5.987727E+00 | loss scale: 1.0 | grad norm: 0.839 | number of skipped iterations:   0 | number of nan iterations:   0 |
Step Time : 0.33s GPU utilization: 30.8MODEL_TFLOP/s/GPU
 [2026-10-02 18:53:58] iteration      688/    1000 | consumed samples:         5504 | elapsed time per iteration (ms): 331.8 | learning rate: 1.024550E-04 | global batch size:     8 | lm loss: 5.850801E+00 | loss scale: 1.0 | grad norm: 0.773 | number of skipped iterations:   0 | number of nan iterations:   0 |
Step Time : 0.33s GPU utilization: 30.9MODEL_TFLOP/s/GPU
 [2026-10-02 18:53:59] iteration      689/    1000 | consumed samples:         5512 | elapsed time per iteration (ms): 331.3 | learning rate: 1.020378E-04 | global batch size:     8 | lm loss: 6.102291E+00 | loss scale: 1.0 | grad norm: 0.865 | number of skipped iterations:   0 | number of nan iterations:   0 |
Step Time : 0.33s GPU utilization: 30.8MODEL_TFLOP/s/GPU
 [2026-10-02 18:53:59] iteration      690/    1000 | consumed samples:         5520 | elapsed time per iteration (ms): 331.5 | learning rate: 1.016213E-04 | global batch size:     8 | lm loss: 6.094252E+00 | loss scale: 1.0 | grad norm: 0.982 | number of skipped iterations:   0 | number of nan iterations:   0 |
Step Time : 0.33s GPU utilization: 30.9MODEL_TFLOP/s/GPU
 [2026-10-02 18:53:59] iteration      691/    1000 | consumed samples:         5528 | elapsed time per iteration (ms): 331.2 | learning rate: 1.012056E-04 | global batch size:     8 | lm loss: 5.591587E+00 | loss scale: 1.0 | grad norm: 0.973 | number of skipped iterations:   0 | number of nan iterations:   0 |
Step Time : 0.33s GPU utilization: 30.9MODEL_TFLOP/s/GPU
 [2026-10-02 18:54:00] iteration      692/    1000 | consumed samples:         5536 | elapsed time per iteration (ms): 331.2 | learning rate: 1.007907E-04 | global batch size:     8 | lm loss: 5.909950E+00 | loss scale: 1.0 | grad norm: 0.902 | number of skipped iterations:   0 | number of nan iterations:   0 |
Step Time : 0.33s GPU utilization: 30.9MODEL_TFLOP/s/GPU
 [2026-10-02 18:54:00] iteration      693/    1000 | consumed samples:         5544 | elapsed time per iteration (ms): 330.7 | learning rate: 1.003766E-04 | global batch size:     8 | lm loss: 6.000937E+00 | loss scale: 1.0 | grad norm: 0.830 | number of skipped iterations:   0 | number of nan iterations:   0 |
Step Time : 0.33s GPU utilization: 30.8MODEL_TFLOP/s/GPU
 [2026-10-02 18:54:00] iteration      694/    1000 | consumed samples:         5552 | elapsed time per iteration (ms): 331.5 | learning rate: 9.996325E-05 | global batch size:     8 | lm loss: 6.484952E+00 | loss scale: 1.0 | grad norm: 2.563 | number of skipped iterations:   0 | number of nan iterations:   0 |
Step Time : 0.33s GPU utilization: 30.9MODEL_TFLOP/s/GPU
 [2026-10-02 18:54:01] iteration      695/    1000 | consumed samples:         5560 | elapsed time per iteration (ms): 331.3 | learning rate: 9.955070E-05 | global batch size:     8 | lm loss: 6.165722E+00 | loss scale: 1.0 | grad norm: 0.893 | number of skipped iterations:   0 | number of nan iterations:   0 |
Step Time : 0.33s GPU utilization: 30.9MODEL_TFLOP/s/GPU
 [2026-10-02 18:54:01] iteration      696/    1000 | consumed samples:         5568 | elapsed time per iteration (ms): 331.4 | learning rate: 9.913895E-05 | global batch size:     8 | lm loss: 6.074277E+00 | loss scale: 1.0 | grad norm: 0.922 | number of skipped iterations:   0 | number of nan iterations:   0 |
Step Time : 0.33s GPU utilization: 30.8MODEL_TFLOP/s/GPU
 [2026-10-02 18:54:01] iteration      697/    1000 | consumed samples:         5576 | elapsed time per iteration (ms): 331.9 | learning rate: 9.872799E-05 | global batch size:     8 | lm loss: 5.853886E+00 | loss scale: 1.0 | grad norm: 0.848 | number of skipped iterations:   0 | number of nan iterations:   0 |
Step Time : 0.33s GPU utilization: 30.9MODEL_TFLOP/s/GPU
 [2026-10-02 18:54:02] iteration      698/    1000 | consumed samples:         5584 | elapsed time per iteration (ms): 331.2 | learning rate: 9.831785E-05 | global batch size:     8 | lm loss: 5.719244E+00 | loss scale: 1.0 | grad norm: 0.866 | number of skipped iterations:   0 | number of nan iterations:   0 |
Step Time : 0.33s GPU utilization: 30.8MODEL_TFLOP/s/GPU
 [2026-10-02 18:54:02] iteration      699/    1000 | consumed samples:         5592 | elapsed time per iteration (ms): 331.8 | learning rate: 9.790852E-05 | global batch size:     8 | lm loss: 5.963527E+00 | loss scale: 1.0 | grad norm: 0.835 | number of skipped iterations:   0 | number of nan iterations:   0 |
Step Time : 0.33s GPU utilization: 30.9MODEL_TFLOP/s/GPU
 [2026-10-02 18:54:02] iteration      700/    1000 | consumed samples:         5600 | elapsed time per iteration (ms): 331.0 | learning rate: 9.750000E-05 | global batch size:     8 | lm loss: 6.003771E+00 | loss scale: 1.0 | grad norm: 0.807 | number of skipped iterations:   0 | number of nan iterations:   0 |
Step Time : 0.78s GPU utilization: 13.2MODEL_TFLOP/s/GPU
 [2026-10-02 18:54:03] iteration      701/    1000 | consumed samples:         5608 | elapsed time per iteration (ms): 777.0 | learning rate: 9.709231E-05 | global batch size:     8 | lm loss: 6.032234E+00 | loss scale: 1.0 | grad norm: 0.801 | number of skipped iterations:   0 | number of nan iterations:   0 |
Step Time : 0.33s GPU utilization: 30.8MODEL_TFLOP/s/GPU
 [2026-10-02 18:54:03] iteration      702/    1000 | consumed samples:         5616 | elapsed time per iteration (ms): 331.9 | learning rate: 9.668544E-05 | global batch size:     8 | lm loss: 5.993925E+00 | loss scale: 1.0 | grad norm: 0.768 | number of skipped iterations:   0 | number of nan iterations:   0 |
Step Time : 0.33s GPU utilization: 30.9MODEL_TFLOP/s/GPU
 [2026-10-02 18:54:04] iteration      703/    1000 | consumed samples:         5624 | elapsed time per iteration (ms): 331.0 | learning rate: 9.627941E-05 | global batch size:     8 | lm loss: 6.084729E+00 | loss scale: 1.0 | grad norm: 1.228 | number of skipped iterations:   0 | number of nan iterations:   0 |
Step Time : 0.33s GPU utilization: 30.8MODEL_TFLOP/s/GPU
 [2026-10-02 18:54:04] iteration      704/    1000 | consumed samples:         5632 | elapsed time per iteration (ms): 331.5 | learning rate: 9.587422E-05 | global batch size:     8 | lm loss: 5.784610E+00 | loss scale: 1.0 | grad norm: 0.834 | number of skipped iterations:   0 | number of nan iterations:   0 |
Step Time : 0.33s GPU utilization: 30.9MODEL_TFLOP/s/GPU
 [2026-10-02 18:54:04] iteration      705/    1000 | consumed samples:         5640 | elapsed time per iteration (ms): 331.0 | learning rate: 9.546986E-05 | global batch size:     8 | lm loss: 6.060472E+00 | loss scale: 1.0 | grad norm: 0.815 | number of skipped iterations:   0 | number of nan iterations:   0 |
Step Time : 0.33s GPU utilization: 30.9MODEL_TFLOP/s/GPU
 [2026-10-02 18:54:05] iteration      706/    1000 | consumed samples:         5648 | elapsed time per iteration (ms): 331.0 | learning rate: 9.506635E-05 | global batch size:     8 | lm loss: 5.990191E+00 | loss scale: 1.0 | grad norm: 0.943 | number of skipped iterations:   0 | number of nan iterations:   0 |
Step Time : 0.33s GPU utilization: 30.8MODEL_TFLOP/s/GPU
 [2026-10-02 18:54:05] iteration      707/    1000 | consumed samples:         5656 | elapsed time per iteration (ms): 331.8 | learning rate: 9.466370E-05 | global batch size:     8 | lm loss: 5.938169E+00 | loss scale: 1.0 | grad norm: 0.956 | number of skipped iterations:   0 | number of nan iterations:   0 |
Step Time : 0.33s GPU utilization: 30.8MODEL_TFLOP/s/GPU
 [2026-10-02 18:54:05] iteration      708/    1000 | consumed samples:         5664 | elapsed time per iteration (ms): 332.0 | learning rate: 9.426190E-05 | global batch size:     8 | lm loss: 5.784724E+00 | loss scale: 1.0 | grad norm: 0.784 | number of skipped iterations:   0 | number of nan iterations:   0 |
Step Time : 0.33s GPU utilization: 30.9MODEL_TFLOP/s/GPU
 [2026-10-02 18:54:06] iteration      709/    1000 | consumed samples:         5672 | elapsed time per iteration (ms): 331.2 | learning rate: 9.386097E-05 | global batch size:     8 | lm loss: 6.102291E+00 | loss scale: 1.0 | grad norm: 1.518 | number of skipped iterations:   0 | number of nan iterations:   0 |
Step Time : 0.33s GPU utilization: 30.8MODEL_TFLOP/s/GPU
 [2026-10-02 18:54:06] iteration      710/    1000 | consumed samples:         5680 | elapsed time per iteration (ms): 331.4 | learning rate: 9.346090E-05 | global batch size:     8 | lm loss: 5.822743E+00 | loss scale: 1.0 | grad norm: 0.833 | number of skipped iterations:   0 | number of nan iterations:   0 |
Step Time : 0.33s GPU utilization: 30.9MODEL_TFLOP/s/GPU
 [2026-10-02 18:54:06] iteration      711/    1000 | consumed samples:         5688 | elapsed time per iteration (ms): 331.1 | learning rate: 9.306170E-05 | global batch size:     8 | lm loss: 6.153257E+00 | loss scale: 1.0 | grad norm: 0.886 | number of skipped iterations:   0 | number of nan iterations:   0 |
Step Time : 0.33s GPU utilization: 30.8MODEL_TFLOP/s/GPU
 [2026-10-02 18:54:07] iteration      712/    1000 | consumed samples:         5696 | elapsed time per iteration (ms): 331.5 | learning rate: 9.266338E-05 | global batch size:     8 | lm loss: 5.709732E+00 | loss scale: 1.0 | grad norm: 0.862 | number of skipped iterations:   0 | number of nan iterations:   0 |
Step Time : 0.33s GPU utilization: 30.8MODEL_TFLOP/s/GPU
 [2026-10-02 18:54:07] iteration      713/    1000 | consumed samples:         5704 | elapsed time per iteration (ms): 331.4 | learning rate: 9.226595E-05 | global batch size:     8 | lm loss: 5.882748E+00 | loss scale: 1.0 | grad norm: 0.832 | number of skipped iterations:   0 | number of nan iterations:   0 |
Step Time : 0.33s GPU utilization: 30.9MODEL_TFLOP/s/GPU
 [2026-10-02 18:54:07] iteration      714/    1000 | consumed samples:         5712 | elapsed time per iteration (ms): 330.9 | learning rate: 9.186939E-05 | global batch size:     8 | lm loss: 6.009039E+00 | loss scale: 1.0 | grad norm: 0.880 | number of skipped iterations:   0 | number of nan iterations:   0 |
Step Time : 0.33s GPU utilization: 30.9MODEL_TFLOP/s/GPU
 [2026-10-02 18:54:08] iteration      715/    1000 | consumed samples:         5720 | elapsed time per iteration (ms): 331.4 | learning rate: 9.147373E-05 | global batch size:     8 | lm loss: 6.052344E+00 | loss scale: 1.0 | grad norm: 0.962 | number of skipped iterations:   0 | number of nan iterations:   0 |
Step Time : 0.33s GPU utilization: 30.9MODEL_TFLOP/s/GPU
 [2026-10-02 18:54:08] iteration      716/    1000 | consumed samples:         5728 | elapsed time per iteration (ms): 331.4 | learning rate: 9.107897E-05 | global batch size:     8 | lm loss: 6.021678E+00 | loss scale: 1.0 | grad norm: 0.872 | number of skipped iterations:   0 | number of nan iterations:   0 |
Step Time : 0.33s GPU utilization: 30.9MODEL_TFLOP/s/GPU
 [2026-10-02 18:54:08] iteration      717/    1000 | consumed samples:         5736 | elapsed time per iteration (ms): 331.3 | learning rate: 9.068510E-05 | global batch size:     8 | lm loss: 5.887615E+00 | loss scale: 1.0 | grad norm: 0.922 | number of skipped iterations:   0 | number of nan iterations:   0 |
Step Time : 0.33s GPU utilization: 30.8MODEL_TFLOP/s/GPU
 [2026-10-02 18:54:09] iteration      718/    1000 | consumed samples:         5744 | elapsed time per iteration (ms): 331.9 | learning rate: 9.029214E-05 | global batch size:     8 | lm loss: 5.822561E+00 | loss scale: 1.0 | grad norm: 0.775 | number of skipped iterations:   0 | number of nan iterations:   0 |
Step Time : 0.33s GPU utilization: 30.8MODEL_TFLOP/s/GPU
 [2026-10-02 18:54:09] iteration      719/    1000 | consumed samples:         5752 | elapsed time per iteration (ms): 331.6 | learning rate: 8.990010E-05 | global batch size:     8 | lm loss: 5.786993E+00 | loss scale: 1.0 | grad norm: 0.803 | number of skipped iterations:   0 | number of nan iterations:   0 |
Step Time : 0.33s GPU utilization: 30.9MODEL_TFLOP/s/GPU
 [2026-10-02 18:54:09] iteration      720/    1000 | consumed samples:         5760 | elapsed time per iteration (ms): 330.7 | learning rate: 8.950896E-05 | global batch size:     8 | lm loss: 5.753825E+00 | loss scale: 1.0 | grad norm: 0.866 | number of skipped iterations:   0 | number of nan iterations:   0 |
Step Time : 0.33s GPU utilization: 30.9MODEL_TFLOP/s/GPU
 [2026-10-02 18:54:10] iteration      721/    1000 | consumed samples:         5768 | elapsed time per iteration (ms): 331.2 | learning rate: 8.911874E-05 | global batch size:     8 | lm loss: 5.868850E+00 | loss scale: 1.0 | grad norm: 0.820 | number of skipped iterations:   0 | number of nan iterations:   0 |
Step Time : 0.33s GPU utilization: 30.9MODEL_TFLOP/s/GPU
 [2026-10-02 18:54:10] iteration      722/    1000 | consumed samples:         5776 | elapsed time per iteration (ms): 330.9 | learning rate: 8.872945E-05 | global batch size:     8 | lm loss: 6.110947E+00 | loss scale: 1.0 | grad norm: 0.871 | number of skipped iterations:   0 | number of nan iterations:   0 |
Step Time : 0.33s GPU utilization: 30.9MODEL_TFLOP/s/GPU
 [2026-10-02 18:54:10] iteration      723/    1000 | consumed samples:         5784 | elapsed time per iteration (ms): 330.9 | learning rate: 8.834110E-05 | global batch size:     8 | lm loss: 5.859861E+00 | loss scale: 1.0 | grad norm: 0.873 | number of skipped iterations:   0 | number of nan iterations:   0 |
Step Time : 0.33s GPU utilization: 30.9MODEL_TFLOP/s/GPU
 [2026-10-02 18:54:11] iteration      724/    1000 | consumed samples:         5792 | elapsed time per iteration (ms): 331.2 | learning rate: 8.795367E-05 | global batch size:     8 | lm loss: 6.043555E+00 | loss scale: 1.0 | grad norm: 0.978 | number of skipped iterations:   0 | number of nan iterations:   0 |
Step Time : 0.33s GPU utilization: 30.9MODEL_TFLOP/s/GPU
 [2026-10-02 18:54:11] iteration      725/    1000 | consumed samples:         5800 | elapsed time per iteration (ms): 330.7 | learning rate: 8.756718E-05 | global batch size:     8 | lm loss: 5.750750E+00 | loss scale: 1.0 | grad norm: 0.861 | number of skipped iterations:   0 | number of nan iterations:   0 |
Step Time : 0.33s GPU utilization: 30.9MODEL_TFLOP/s/GPU
 [2026-10-02 18:54:11] iteration      726/    1000 | consumed samples:         5808 | elapsed time per iteration (ms): 331.1 | learning rate: 8.718164E-05 | global batch size:     8 | lm loss: 6.123816E+00 | loss scale: 1.0 | grad norm: 0.941 | number of skipped iterations:   0 | number of nan iterations:   0 |
Step Time : 0.33s GPU utilization: 30.9MODEL_TFLOP/s/GPU
 [2026-10-02 18:54:12] iteration      727/    1000 | consumed samples:         5816 | elapsed time per iteration (ms): 330.6 | learning rate: 8.679704E-05 | global batch size:     8 | lm loss: 6.466159E+00 | loss scale: 1.0 | grad norm: 1.073 | number of skipped iterations:   0 | number of nan iterations:   0 |
Step Time : 0.33s GPU utilization: 30.9MODEL_TFLOP/s/GPU
 [2026-10-02 18:54:12] iteration      728/    1000 | consumed samples:         5824 | elapsed time per iteration (ms): 331.2 | learning rate: 8.641340E-05 | global batch size:     8 | lm loss: 5.781072E+00 | loss scale: 1.0 | grad norm: 0.878 | number of skipped iterations:   0 | number of nan iterations:   0 |
Step Time : 0.33s GPU utilization: 30.9MODEL_TFLOP/s/GPU
 [2026-10-02 18:54:12] iteration      729/    1000 | consumed samples:         5832 | elapsed time per iteration (ms): 330.8 | learning rate: 8.603071E-05 | global batch size:     8 | lm loss: 6.134591E+00 | loss scale: 1.0 | grad norm: 1.997 | number of skipped iterations:   0 | number of nan iterations:   0 |
Step Time : 0.33s GPU utilization: 30.9MODEL_TFLOP/s/GPU
 [2026-10-02 18:54:13] iteration      730/    1000 | consumed samples:         5840 | elapsed time per iteration (ms): 330.9 | learning rate: 8.564899E-05 | global batch size:     8 | lm loss: 5.798061E+00 | loss scale: 1.0 | grad norm: 0.786 | number of skipped iterations:   0 | number of nan iterations:   0 |
Step Time : 0.33s GPU utilization: 30.9MODEL_TFLOP/s/GPU
 [2026-10-02 18:54:13] iteration      731/    1000 | consumed samples:         5848 | elapsed time per iteration (ms): 331.4 | learning rate: 8.526824E-05 | global batch size:     8 | lm loss: 5.901884E+00 | loss scale: 1.0 | grad norm: 0.905 | number of skipped iterations:   0 | number of nan iterations:   0 |
Step Time : 0.33s GPU utilization: 30.9MODEL_TFLOP/s/GPU
 [2026-10-02 18:54:13] iteration      732/    1000 | consumed samples:         5856 | elapsed time per iteration (ms): 330.9 | learning rate: 8.488845E-05 | global batch size:     8 | lm loss: 6.049800E+00 | loss scale: 1.0 | grad norm: 0.971 | number of skipped iterations:   0 | number of nan iterations:   0 |
Step Time : 0.33s GPU utilization: 30.9MODEL_TFLOP/s/GPU
 [2026-10-02 18:54:14] iteration      733/    1000 | consumed samples:         5864 | elapsed time per iteration (ms): 331.1 | learning rate: 8.450964E-05 | global batch size:     8 | lm loss: 6.020488E+00 | loss scale: 1.0 | grad norm: 0.934 | number of skipped iterations:   0 | number of nan iterations:   0 |
Step Time : 0.33s GPU utilization: 30.9MODEL_TFLOP/s/GPU
 [2026-10-02 18:54:14] iteration      734/    1000 | consumed samples:         5872 | elapsed time per iteration (ms): 331.2 | learning rate: 8.413181E-05 | global batch size:     8 | lm loss: 6.049541E+00 | loss scale: 1.0 | grad norm: 0.944 | number of skipped iterations:   0 | number of nan iterations:   0 |
Step Time : 0.33s GPU utilization: 30.8MODEL_TFLOP/s/GPU
 [2026-10-02 18:54:14] iteration      735/    1000 | consumed samples:         5880 | elapsed time per iteration (ms): 331.4 | learning rate: 8.375497E-05 | global batch size:     8 | lm loss: 6.046031E+00 | loss scale: 1.0 | grad norm: 0.809 | number of skipped iterations:   0 | number of nan iterations:   0 |
Step Time : 0.33s GPU utilization: 30.9MODEL_TFLOP/s/GPU
 [2026-10-02 18:54:15] iteration      736/    1000 | consumed samples:         5888 | elapsed time per iteration (ms): 331.3 | learning rate: 8.337912E-05 | global batch size:     8 | lm loss: 5.831431E+00 | loss scale: 1.0 | grad norm: 0.959 | number of skipped iterations:   0 | number of nan iterations:   0 |
Step Time : 0.33s GPU utilization: 30.9MODEL_TFLOP/s/GPU
 [2026-10-02 18:54:15] iteration      737/    1000 | consumed samples:         5896 | elapsed time per iteration (ms): 330.8 | learning rate: 8.300426E-05 | global batch size:     8 | lm loss: 5.719374E+00 | loss scale: 1.0 | grad norm: 0.820 | number of skipped iterations:   0 | number of nan iterations:   0 |
Step Time : 0.33s GPU utilization: 30.9MODEL_TFLOP/s/GPU
 [2026-10-02 18:54:15] iteration      738/    1000 | consumed samples:         5904 | elapsed time per iteration (ms): 331.1 | learning rate: 8.263040E-05 | global batch size:     8 | lm loss: 5.963804E+00 | loss scale: 1.0 | grad norm: 1.181 | number of skipped iterations:   0 | number of nan iterations:   0 |
Step Time : 0.33s GPU utilization: 30.8MODEL_TFLOP/s/GPU
 [2026-10-02 18:54:16] iteration      739/    1000 | consumed samples:         5912 | elapsed time per iteration (ms): 331.6 | learning rate: 8.225755E-05 | global batch size:     8 | lm loss: 5.825123E+00 | loss scale: 1.0 | grad norm: 0.926 | number of skipped iterations:   0 | number of nan iterations:   0 |
Step Time : 0.33s GPU utilization: 30.9MODEL_TFLOP/s/GPU
 [2026-10-02 18:54:16] iteration      740/    1000 | consumed samples:         5920 | elapsed time per iteration (ms): 331.0 | learning rate: 8.188570E-05 | global batch size:     8 | lm loss: 6.116716E+00 | loss scale: 1.0 | grad norm: 0.844 | number of skipped iterations:   0 | number of nan iterations:   0 |
Step Time : 0.33s GPU utilization: 30.9MODEL_TFLOP/s/GPU
 [2026-10-02 18:54:16] iteration      741/    1000 | consumed samples:         5928 | elapsed time per iteration (ms): 331.4 | learning rate: 8.151487E-05 | global batch size:     8 | lm loss: 5.712835E+00 | loss scale: 1.0 | grad norm: 0.805 | number of skipped iterations:   0 | number of nan iterations:   0 |
Step Time : 0.33s GPU utilization: 30.8MODEL_TFLOP/s/GPU
 [2026-10-02 18:54:17] iteration      742/    1000 | consumed samples:         5936 | elapsed time per iteration (ms): 331.9 | learning rate: 8.114505E-05 | global batch size:     8 | lm loss: 5.949729E+00 | loss scale: 1.0 | grad norm: 0.837 | number of skipped iterations:   0 | number of nan iterations:   0 |
Step Time : 0.33s GPU utilization: 30.9MODEL_TFLOP/s/GPU
 [2026-10-02 18:54:17] iteration      743/    1000 | consumed samples:         5944 | elapsed time per iteration (ms): 331.1 | learning rate: 8.077626E-05 | global batch size:     8 | lm loss: 6.152308E+00 | loss scale: 1.0 | grad norm: 0.909 | number of skipped iterations:   0 | number of nan iterations:   0 |
Step Time : 0.33s GPU utilization: 30.9MODEL_TFLOP/s/GPU
 [2026-10-02 18:54:17] iteration      744/    1000 | consumed samples:         5952 | elapsed time per iteration (ms): 331.4 | learning rate: 8.040848E-05 | global batch size:     8 | lm loss: 5.914432E+00 | loss scale: 1.0 | grad norm: 0.796 | number of skipped iterations:   0 | number of nan iterations:   0 |
Step Time : 0.33s GPU utilization: 30.9MODEL_TFLOP/s/GPU
 [2026-10-02 18:54:18] iteration      745/    1000 | consumed samples:         5960 | elapsed time per iteration (ms): 331.3 | learning rate: 8.004175E-05 | global batch size:     8 | lm loss: 5.781961E+00 | loss scale: 1.0 | grad norm: 0.900 | number of skipped iterations:   0 | number of nan iterations:   0 |
Step Time : 0.33s GPU utilization: 30.9MODEL_TFLOP/s/GPU
 [2026-10-02 18:54:18] iteration      746/    1000 | consumed samples:         5968 | elapsed time per iteration (ms): 331.3 | learning rate: 7.967604E-05 | global batch size:     8 | lm loss: 5.871300E+00 | loss scale: 1.0 | grad norm: 0.969 | number of skipped iterations:   0 | number of nan iterations:   0 |
Step Time : 0.33s GPU utilization: 30.9MODEL_TFLOP/s/GPU
 [2026-10-02 18:54:18] iteration      747/    1000 | consumed samples:         5976 | elapsed time per iteration (ms): 331.4 | learning rate: 7.931138E-05 | global batch size:     8 | lm loss: 5.894269E+00 | loss scale: 1.0 | grad norm: 0.800 | number of skipped iterations:   0 | number of nan iterations:   0 |
Step Time : 0.33s GPU utilization: 30.9MODEL_TFLOP/s/GPU
 [2026-10-02 18:54:19] iteration      748/    1000 | consumed samples:         5984 | elapsed time per iteration (ms): 331.2 | learning rate: 7.894776E-05 | global batch size:     8 | lm loss: 5.900620E+00 | loss scale: 1.0 | grad norm: 0.819 | number of skipped iterations:   0 | number of nan iterations:   0 |
Step Time : 0.33s GPU utilization: 30.8MODEL_TFLOP/s/GPU
 [2026-10-02 18:54:19] iteration      749/    1000 | consumed samples:         5992 | elapsed time per iteration (ms): 331.4 | learning rate: 7.858519E-05 | global batch size:     8 | lm loss: 5.971380E+00 | loss scale: 1.0 | grad norm: 0.846 | number of skipped iterations:   0 | number of nan iterations:   0 |
Step Time : 0.33s GPU utilization: 30.9MODEL_TFLOP/s/GPU
 [2026-10-02 18:54:19] iteration      750/    1000 | consumed samples:         6000 | elapsed time per iteration (ms): 331.2 | learning rate: 7.822367E-05 | global batch size:     8 | lm loss: 5.871168E+00 | loss scale: 1.0 | grad norm: 0.948 | number of skipped iterations:   0 | number of nan iterations:   0 |
Step Time : 0.33s GPU utilization: 30.9MODEL_TFLOP/s/GPU
 [2026-10-02 18:54:20] iteration      751/    1000 | consumed samples:         6008 | elapsed time per iteration (ms): 330.8 | learning rate: 7.786321E-05 | global batch size:     8 | lm loss: 5.665829E+00 | loss scale: 1.0 | grad norm: 1.038 | number of skipped iterations:   0 | number of nan iterations:   0 |
Step Time : 0.33s GPU utilization: 30.8MODEL_TFLOP/s/GPU
 [2026-10-02 18:54:20] iteration      752/    1000 | consumed samples:         6016 | elapsed time per iteration (ms): 331.5 | learning rate: 7.750381E-05 | global batch size:     8 | lm loss: 5.784980E+00 | loss scale: 1.0 | grad norm: 0.777 | number of skipped iterations:   0 | number of nan iterations:   0 |
Step Time : 0.33s GPU utilization: 30.9MODEL_TFLOP/s/GPU
 [2026-10-02 18:54:20] iteration      753/    1000 | consumed samples:         6024 | elapsed time per iteration (ms): 331.1 | learning rate: 7.714548E-05 | global batch size:     8 | lm loss: 5.992323E+00 | loss scale: 1.0 | grad norm: 0.818 | number of skipped iterations:   0 | number of nan iterations:   0 |
Step Time : 0.33s GPU utilization: 30.8MODEL_TFLOP/s/GPU
 [2026-10-02 18:54:21] iteration      754/    1000 | consumed samples:         6032 | elapsed time per iteration (ms): 331.8 | learning rate: 7.678822E-05 | global batch size:     8 | lm loss: 5.860530E+00 | loss scale: 1.0 | grad norm: 1.190 | number of skipped iterations:   0 | number of nan iterations:   0 |
Step Time : 0.33s GPU utilization: 30.9MODEL_TFLOP/s/GPU
 [2026-10-02 18:54:21] iteration      755/    1000 | consumed samples:         6040 | elapsed time per iteration (ms): 331.1 | learning rate: 7.643203E-05 | global batch size:     8 | lm loss: 5.883753E+00 | loss scale: 1.0 | grad norm: 0.932 | number of skipped iterations:   0 | number of nan iterations:   0 |
Step Time : 0.33s GPU utilization: 30.9MODEL_TFLOP/s/GPU
 [2026-10-02 18:54:21] iteration      756/    1000 | consumed samples:         6048 | elapsed time per iteration (ms): 331.2 | learning rate: 7.607693E-05 | global batch size:     8 | lm loss: 6.083549E+00 | loss scale: 1.0 | grad norm: 1.283 | number of skipped iterations:   0 | number of nan iterations:   0 |
Step Time : 0.33s GPU utilization: 30.8MODEL_TFLOP/s/GPU
 [2026-10-02 18:54:22] iteration      757/    1000 | consumed samples:         6056 | elapsed time per iteration (ms): 331.6 | learning rate: 7.572290E-05 | global batch size:     8 | lm loss: 6.013759E+00 | loss scale: 1.0 | grad norm: 1.091 | number of skipped iterations:   0 | number of nan iterations:   0 |
Step Time : 0.33s GPU utilization: 30.9MODEL_TFLOP/s/GPU
 [2026-10-02 18:54:22] iteration      758/    1000 | consumed samples:         6064 | elapsed time per iteration (ms): 331.1 | learning rate: 7.536996E-05 | global batch size:     8 | lm loss: 5.552905E+00 | loss scale: 1.0 | grad norm: 0.872 | number of skipped iterations:   0 | number of nan iterations:   0 |
Step Time : 0.33s GPU utilization: 30.9MODEL_TFLOP/s/GPU
 [2026-10-02 18:54:22] iteration      759/    1000 | consumed samples:         6072 | elapsed time per iteration (ms): 330.9 | learning rate: 7.501811E-05 | global batch size:     8 | lm loss: 5.936628E+00 | loss scale: 1.0 | grad norm: 0.799 | number of skipped iterations:   0 | number of nan iterations:   0 |
Step Time : 0.33s GPU utilization: 30.9MODEL_TFLOP/s/GPU
 [2026-10-02 18:54:23] iteration      760/    1000 | consumed samples:         6080 | elapsed time per iteration (ms): 330.9 | learning rate: 7.466737E-05 | global batch size:     8 | lm loss: 6.098191E+00 | loss scale: 1.0 | grad norm: 0.904 | number of skipped iterations:   0 | number of nan iterations:   0 |
Step Time : 0.33s GPU utilization: 30.8MODEL_TFLOP/s/GPU
 [2026-10-02 18:54:23] iteration      761/    1000 | consumed samples:         6088 | elapsed time per iteration (ms): 331.6 | learning rate: 7.431772E-05 | global batch size:     8 | lm loss: 5.856420E+00 | loss scale: 1.0 | grad norm: 0.811 | number of skipped iterations:   0 | number of nan iterations:   0 |
Step Time : 0.33s GPU utilization: 30.8MODEL_TFLOP/s/GPU
 [2026-10-02 18:54:23] iteration      762/    1000 | consumed samples:         6096 | elapsed time per iteration (ms): 332.0 | learning rate: 7.396917E-05 | global batch size:     8 | lm loss: 5.818522E+00 | loss scale: 1.0 | grad norm: 0.982 | number of skipped iterations:   0 | number of nan iterations:   0 |
Step Time : 0.33s GPU utilization: 30.9MODEL_TFLOP/s/GPU
 [2026-10-02 18:54:24] iteration      763/    1000 | consumed samples:         6104 | elapsed time per iteration (ms): 331.3 | learning rate: 7.362174E-05 | global batch size:     8 | lm loss: 5.938466E+00 | loss scale: 1.0 | grad norm: 0.828 | number of skipped iterations:   0 | number of nan iterations:   0 |
Step Time : 0.33s GPU utilization: 30.8MODEL_TFLOP/s/GPU
 [2026-10-02 18:54:24] iteration      764/    1000 | consumed samples:         6112 | elapsed time per iteration (ms): 331.9 | learning rate: 7.327543E-05 | global batch size:     8 | lm loss: 6.073405E+00 | loss scale: 1.0 | grad norm: 0.874 | number of skipped iterations:   0 | number of nan iterations:   0 |
Step Time : 0.33s GPU utilization: 30.9MODEL_TFLOP/s/GPU
 [2026-10-02 18:54:24] iteration      765/    1000 | consumed samples:         6120 | elapsed time per iteration (ms): 331.1 | learning rate: 7.293022E-05 | global batch size:     8 | lm loss: 5.607333E+00 | loss scale: 1.0 | grad norm: 0.941 | number of skipped iterations:   0 | number of nan iterations:   0 |
Step Time : 0.33s GPU utilization: 30.8MODEL_TFLOP/s/GPU
 [2026-10-02 18:54:25] iteration      766/    1000 | consumed samples:         6128 | elapsed time per iteration (ms): 332.1 | learning rate: 7.258614E-05 | global batch size:     8 | lm loss: 6.046341E+00 | loss scale: 1.0 | grad norm: 0.802 | number of skipped iterations:   0 | number of nan iterations:   0 |
Step Time : 0.33s GPU utilization: 30.9MODEL_TFLOP/s/GPU
 [2026-10-02 18:54:25] iteration      767/    1000 | consumed samples:         6136 | elapsed time per iteration (ms): 331.0 | learning rate: 7.224319E-05 | global batch size:     8 | lm loss: 6.818719E+00 | loss scale: 1.0 | grad norm: 2.268 | number of skipped iterations:   0 | number of nan iterations:   0 |
Step Time : 0.33s GPU utilization: 30.8MODEL_TFLOP/s/GPU
 [2026-10-02 18:54:25] iteration      768/    1000 | consumed samples:         6144 | elapsed time per iteration (ms): 331.5 | learning rate: 7.190136E-05 | global batch size:     8 | lm loss: 6.001717E+00 | loss scale: 1.0 | grad norm: 0.842 | number of skipped iterations:   0 | number of nan iterations:   0 |
Step Time : 0.33s GPU utilization: 30.8MODEL_TFLOP/s/GPU
 [2026-10-02 18:54:26] iteration      769/    1000 | consumed samples:         6152 | elapsed time per iteration (ms): 331.5 | learning rate: 7.156067E-05 | global batch size:     8 | lm loss: 5.893603E+00 | loss scale: 1.0 | grad norm: 0.900 | number of skipped iterations:   0 | number of nan iterations:   0 |
Step Time : 0.33s GPU utilization: 30.9MODEL_TFLOP/s/GPU
 [2026-10-02 18:54:26] iteration      770/    1000 | consumed samples:         6160 | elapsed time per iteration (ms): 331.3 | learning rate: 7.122112E-05 | global batch size:     8 | lm loss: 5.840230E+00 | loss scale: 1.0 | grad norm: 0.802 | number of skipped iterations:   0 | number of nan iterations:   0 |
Step Time : 0.33s GPU utilization: 30.8MODEL_TFLOP/s/GPU
 [2026-10-02 18:54:26] iteration      771/    1000 | consumed samples:         6168 | elapsed time per iteration (ms): 331.5 | learning rate: 7.088271E-05 | global batch size:     8 | lm loss: 6.025917E+00 | loss scale: 1.0 | grad norm: 0.969 | number of skipped iterations:   0 | number of nan iterations:   0 |
Step Time : 0.33s GPU utilization: 30.8MODEL_TFLOP/s/GPU
 [2026-10-02 18:54:27] iteration      772/    1000 | consumed samples:         6176 | elapsed time per iteration (ms): 332.1 | learning rate: 7.054545E-05 | global batch size:     8 | lm loss: 5.879596E+00 | loss scale: 1.0 | grad norm: 1.155 | number of skipped iterations:   0 | number of nan iterations:   0 |
Step Time : 0.33s GPU utilization: 30.8MODEL_TFLOP/s/GPU
 [2026-10-02 18:54:27] iteration      773/    1000 | consumed samples:         6184 | elapsed time per iteration (ms): 331.7 | learning rate: 7.020934E-05 | global batch size:     8 | lm loss: 6.131434E+00 | loss scale: 1.0 | grad norm: 0.814 | number of skipped iterations:   0 | number of nan iterations:   0 |
Step Time : 0.33s GPU utilization: 30.8MODEL_TFLOP/s/GPU
 [2026-10-02 18:54:27] iteration      774/    1000 | consumed samples:         6192 | elapsed time per iteration (ms): 332.0 | learning rate: 6.987438E-05 | global batch size:     8 | lm loss: 5.865348E+00 | loss scale: 1.0 | grad norm: 0.828 | number of skipped iterations:   0 | number of nan iterations:   0 |
Step Time : 0.33s GPU utilization: 30.9MODEL_TFLOP/s/GPU
 [2026-10-02 18:54:28] iteration      775/    1000 | consumed samples:         6200 | elapsed time per iteration (ms): 330.9 | learning rate: 6.954058E-05 | global batch size:     8 | lm loss: 6.074488E+00 | loss scale: 1.0 | grad norm: 0.877 | number of skipped iterations:   0 | number of nan iterations:   0 |
Step Time : 0.33s GPU utilization: 30.9MODEL_TFLOP/s/GPU
 [2026-10-02 18:54:28] iteration      776/    1000 | consumed samples:         6208 | elapsed time per iteration (ms): 331.2 | learning rate: 6.920795E-05 | global batch size:     8 | lm loss: 6.023570E+00 | loss scale: 1.0 | grad norm: 0.786 | number of skipped iterations:   0 | number of nan iterations:   0 |
Step Time : 0.33s GPU utilization: 30.8MODEL_TFLOP/s/GPU
 [2026-10-02 18:54:28] iteration      777/    1000 | consumed samples:         6216 | elapsed time per iteration (ms): 332.0 | learning rate: 6.887648E-05 | global batch size:     8 | lm loss: 5.954606E+00 | loss scale: 1.0 | grad norm: 0.857 | number of skipped iterations:   0 | number of nan iterations:   0 |
Step Time : 0.33s GPU utilization: 30.9MODEL_TFLOP/s/GPU
 [2026-10-02 18:54:29] iteration      778/    1000 | consumed samples:         6224 | elapsed time per iteration (ms): 331.0 | learning rate: 6.854619E-05 | global batch size:     8 | lm loss: 6.217033E+00 | loss scale: 1.0 | grad norm: 0.887 | number of skipped iterations:   0 | number of nan iterations:   0 |
Step Time : 0.33s GPU utilization: 30.9MODEL_TFLOP/s/GPU
 [2026-10-02 18:54:29] iteration      779/    1000 | consumed samples:         6232 | elapsed time per iteration (ms): 331.4 | learning rate: 6.821706E-05 | global batch size:     8 | lm loss: 5.842225E+00 | loss scale: 1.0 | grad norm: 0.884 | number of skipped iterations:   0 | number of nan iterations:   0 |
Step Time : 0.33s GPU utilization: 30.9MODEL_TFLOP/s/GPU
 [2026-10-02 18:54:29] iteration      780/    1000 | consumed samples:         6240 | elapsed time per iteration (ms): 331.3 | learning rate: 6.788913E-05 | global batch size:     8 | lm loss: 5.906019E+00 | loss scale: 1.0 | grad norm: 0.847 | number of skipped iterations:   0 | number of nan iterations:   0 |
Step Time : 0.33s GPU utilization: 30.9MODEL_TFLOP/s/GPU
 [2026-10-02 18:54:30] iteration      781/    1000 | consumed samples:         6248 | elapsed time per iteration (ms): 331.0 | learning rate: 6.756237E-05 | global batch size:     8 | lm loss: 5.804209E+00 | loss scale: 1.0 | grad norm: 0.831 | number of skipped iterations:   0 | number of nan iterations:   0 |
Step Time : 0.33s GPU utilization: 30.9MODEL_TFLOP/s/GPU
 [2026-10-02 18:54:30] iteration      782/    1000 | consumed samples:         6256 | elapsed time per iteration (ms): 331.3 | learning rate: 6.723680E-05 | global batch size:     8 | lm loss: 5.943276E+00 | loss scale: 1.0 | grad norm: 0.849 | number of skipped iterations:   0 | number of nan iterations:   0 |
Step Time : 0.33s GPU utilization: 30.8MODEL_TFLOP/s/GPU
 [2026-10-02 18:54:30] iteration      783/    1000 | consumed samples:         6264 | elapsed time per iteration (ms): 331.8 | learning rate: 6.691242E-05 | global batch size:     8 | lm loss: 5.564553E+00 | loss scale: 1.0 | grad norm: 0.836 | number of skipped iterations:   0 | number of nan iterations:   0 |
Step Time : 0.33s GPU utilization: 30.9MODEL_TFLOP/s/GPU
 [2026-10-02 18:54:31] iteration      784/    1000 | consumed samples:         6272 | elapsed time per iteration (ms): 331.3 | learning rate: 6.658924E-05 | global batch size:     8 | lm loss: 5.548906E+00 | loss scale: 1.0 | grad norm: 1.243 | number of skipped iterations:   0 | number of nan iterations:   0 |
Step Time : 0.33s GPU utilization: 30.9MODEL_TFLOP/s/GPU
 [2026-10-02 18:54:31] iteration      785/    1000 | consumed samples:         6280 | elapsed time per iteration (ms): 331.3 | learning rate: 6.626725E-05 | global batch size:     8 | lm loss: 6.133355E+00 | loss scale: 1.0 | grad norm: 0.896 | number of skipped iterations:   0 | number of nan iterations:   0 |
Step Time : 0.33s GPU utilization: 30.8MODEL_TFLOP/s/GPU
 [2026-10-02 18:54:31] iteration      786/    1000 | consumed samples:         6288 | elapsed time per iteration (ms): 331.8 | learning rate: 6.594647E-05 | global batch size:     8 | lm loss: 5.910092E+00 | loss scale: 1.0 | grad norm: 0.824 | number of skipped iterations:   0 | number of nan iterations:   0 |
Step Time : 0.33s GPU utilization: 30.8MODEL_TFLOP/s/GPU
 [2026-10-02 18:54:32] iteration      787/    1000 | consumed samples:         6296 | elapsed time per iteration (ms): 331.6 | learning rate: 6.562690E-05 | global batch size:     8 | lm loss: 6.262217E+00 | loss scale: 1.0 | grad norm: 0.959 | number of skipped iterations:   0 | number of nan iterations:   0 |
Step Time : 0.33s GPU utilization: 30.9MODEL_TFLOP/s/GPU
 [2026-10-02 18:54:32] iteration      788/    1000 | consumed samples:         6304 | elapsed time per iteration (ms): 331.0 | learning rate: 6.530853E-05 | global batch size:     8 | lm loss: 5.804510E+00 | loss scale: 1.0 | grad norm: 0.769 | number of skipped iterations:   0 | number of nan iterations:   0 |
Step Time : 0.33s GPU utilization: 30.8MODEL_TFLOP/s/GPU
 [2026-10-02 18:54:32] iteration      789/    1000 | consumed samples:         6312 | elapsed time per iteration (ms): 331.7 | learning rate: 6.499138E-05 | global batch size:     8 | lm loss: 6.148918E+00 | loss scale: 1.0 | grad norm: 1.011 | number of skipped iterations:   0 | number of nan iterations:   0 |
Step Time : 0.33s GPU utilization: 30.8MODEL_TFLOP/s/GPU
 [2026-10-02 18:54:33] iteration      790/    1000 | consumed samples:         6320 | elapsed time per iteration (ms): 331.8 | learning rate: 6.467545E-05 | global batch size:     8 | lm loss: 5.818767E+00 | loss scale: 1.0 | grad norm: 0.850 | number of skipped iterations:   0 | number of nan iterations:   0 |
Step Time : 0.33s GPU utilization: 30.9MODEL_TFLOP/s/GPU
 [2026-10-02 18:54:33] iteration      791/    1000 | consumed samples:         6328 | elapsed time per iteration (ms): 331.1 | learning rate: 6.436074E-05 | global batch size:     8 | lm loss: 5.758017E+00 | loss scale: 1.0 | grad norm: 0.788 | number of skipped iterations:   0 | number of nan iterations:   0 |
Step Time : 0.33s GPU utilization: 30.9MODEL_TFLOP/s/GPU
 [2026-10-02 18:54:33] iteration      792/    1000 | consumed samples:         6336 | elapsed time per iteration (ms): 331.0 | learning rate: 6.404726E-05 | global batch size:     8 | lm loss: 5.882656E+00 | loss scale: 1.0 | grad norm: 0.865 | number of skipped iterations:   0 | number of nan iterations:   0 |
Step Time : 0.33s GPU utilization: 30.8MODEL_TFLOP/s/GPU
 [2026-10-02 18:54:34] iteration      793/    1000 | consumed samples:         6344 | elapsed time per iteration (ms): 331.9 | learning rate: 6.373500E-05 | global batch size:     8 | lm loss: 5.675977E+00 | loss scale: 1.0 | grad norm: 0.972 | number of skipped iterations:   0 | number of nan iterations:   0 |
Step Time : 0.33s GPU utilization: 30.8MODEL_TFLOP/s/GPU
 [2026-10-02 18:54:34] iteration      794/    1000 | consumed samples:         6352 | elapsed time per iteration (ms): 331.9 | learning rate: 6.342398E-05 | global batch size:     8 | lm loss: 6.172441E+00 | loss scale: 1.0 | grad norm: 1.222 | number of skipped iterations:   0 | number of nan iterations:   0 |
Step Time : 0.33s GPU utilization: 30.9MODEL_TFLOP/s/GPU
 [2026-10-02 18:54:34] iteration      795/    1000 | consumed samples:         6360 | elapsed time per iteration (ms): 331.3 | learning rate: 6.311421E-05 | global batch size:     8 | lm loss: 6.038722E+00 | loss scale: 1.0 | grad norm: 0.821 | number of skipped iterations:   0 | number of nan iterations:   0 |
Step Time : 0.33s GPU utilization: 30.9MODEL_TFLOP/s/GPU
 [2026-10-02 18:54:35] iteration      796/    1000 | consumed samples:         6368 | elapsed time per iteration (ms): 330.9 | learning rate: 6.280567E-05 | global batch size:     8 | lm loss: 6.059962E+00 | loss scale: 1.0 | grad norm: 1.045 | number of skipped iterations:   0 | number of nan iterations:   0 |
Step Time : 0.33s GPU utilization: 30.9MODEL_TFLOP/s/GPU
 [2026-10-02 18:54:35] iteration      797/    1000 | consumed samples:         6376 | elapsed time per iteration (ms): 331.2 | learning rate: 6.249837E-05 | global batch size:     8 | lm loss: 5.801425E+00 | loss scale: 1.0 | grad norm: 0.855 | number of skipped iterations:   0 | number of nan iterations:   0 |
Step Time : 0.33s GPU utilization: 30.8MODEL_TFLOP/s/GPU
 [2026-10-02 18:54:35] iteration      798/    1000 | consumed samples:         6384 | elapsed time per iteration (ms): 331.7 | learning rate: 6.219233E-05 | global batch size:     8 | lm loss: 5.844860E+00 | loss scale: 1.0 | grad norm: 0.824 | number of skipped iterations:   0 | number of nan iterations:   0 |
Step Time : 0.33s GPU utilization: 30.8MODEL_TFLOP/s/GPU
 [2026-10-02 18:54:36] iteration      799/    1000 | consumed samples:         6392 | elapsed time per iteration (ms): 332.0 | learning rate: 6.188753E-05 | global batch size:     8 | lm loss: 6.147642E+00 | loss scale: 1.0 | grad norm: 0.973 | number of skipped iterations:   0 | number of nan iterations:   0 |
Step Time : 0.33s GPU utilization: 30.9MODEL_TFLOP/s/GPU
 [2026-10-02 18:54:36] iteration      800/    1000 | consumed samples:         6400 | elapsed time per iteration (ms): 331.4 | learning rate: 6.158400E-05 | global batch size:     8 | lm loss: 5.903583E+00 | loss scale: 1.0 | grad norm: 0.881 | number of skipped iterations:   0 | number of nan iterations:   0 |
Step Time : 0.78s GPU utilization: 13.2MODEL_TFLOP/s/GPU
 [2026-10-02 18:54:37] iteration      801/    1000 | consumed samples:         6408 | elapsed time per iteration (ms): 776.8 | learning rate: 6.128172E-05 | global batch size:     8 | lm loss: 5.908204E+00 | loss scale: 1.0 | grad norm: 0.845 | number of skipped iterations:   0 | number of nan iterations:   0 |
Step Time : 0.33s GPU utilization: 30.8MODEL_TFLOP/s/GPU
 [2026-10-02 18:54:37] iteration      802/    1000 | consumed samples:         6416 | elapsed time per iteration (ms): 331.4 | learning rate: 6.098071E-05 | global batch size:     8 | lm loss: 5.911160E+00 | loss scale: 1.0 | grad norm: 0.916 | number of skipped iterations:   0 | number of nan iterations:   0 |
Step Time : 0.33s GPU utilization: 30.8MODEL_TFLOP/s/GPU
 [2026-10-02 18:54:37] iteration      803/    1000 | consumed samples:         6424 | elapsed time per iteration (ms): 332.0 | learning rate: 6.068097E-05 | global batch size:     8 | lm loss: 6.143130E+00 | loss scale: 1.0 | grad norm: 0.855 | number of skipped iterations:   0 | number of nan iterations:   0 |
Step Time : 0.33s GPU utilization: 30.9MODEL_TFLOP/s/GPU
 [2026-10-02 18:54:38] iteration      804/    1000 | consumed samples:         6432 | elapsed time per iteration (ms): 331.2 | learning rate: 6.038250E-05 | global batch size:     8 | lm loss: 5.976156E+00 | loss scale: 1.0 | grad norm: 1.287 | number of skipped iterations:   0 | number of nan iterations:   0 |
Step Time : 0.33s GPU utilization: 30.8MODEL_TFLOP/s/GPU
 [2026-10-02 18:54:38] iteration      805/    1000 | consumed samples:         6440 | elapsed time per iteration (ms): 331.8 | learning rate: 6.008529E-05 | global batch size:     8 | lm loss: 5.793063E+00 | loss scale: 1.0 | grad norm: 0.927 | number of skipped iterations:   0 | number of nan iterations:   0 |
Step Time : 0.33s GPU utilization: 30.9MODEL_TFLOP/s/GPU
 [2026-10-02 18:54:38] iteration      806/    1000 | consumed samples:         6448 | elapsed time per iteration (ms): 331.2 | learning rate: 5.978937E-05 | global batch size:     8 | lm loss: 5.864548E+00 | loss scale: 1.0 | grad norm: 0.997 | number of skipped iterations:   0 | number of nan iterations:   0 |
Step Time : 0.33s GPU utilization: 30.9MODEL_TFLOP/s/GPU
 [2026-10-02 18:54:39] iteration      807/    1000 | consumed samples:         6456 | elapsed time per iteration (ms): 331.3 | learning rate: 5.949474E-05 | global batch size:     8 | lm loss: 6.036738E+00 | loss scale: 1.0 | grad norm: 0.846 | number of skipped iterations:   0 | number of nan iterations:   0 |
Step Time : 0.33s GPU utilization: 30.8MODEL_TFLOP/s/GPU
 [2026-10-02 18:54:39] iteration      808/    1000 | consumed samples:         6464 | elapsed time per iteration (ms): 331.4 | learning rate: 5.920138E-05 | global batch size:     8 | lm loss: 6.183611E+00 | loss scale: 1.0 | grad norm: 0.796 | number of skipped iterations:   0 | number of nan iterations:   0 |
Step Time : 0.33s GPU utilization: 30.8MODEL_TFLOP/s/GPU
 [2026-10-02 18:54:39] iteration      809/    1000 | consumed samples:         6472 | elapsed time per iteration (ms): 331.5 | learning rate: 5.890932E-05 | global batch size:     8 | lm loss: 5.931187E+00 | loss scale: 1.0 | grad norm: 0.800 | number of skipped iterations:   0 | number of nan iterations:   0 |
Step Time : 0.33s GPU utilization: 30.8MODEL_TFLOP/s/GPU
 [2026-10-02 18:54:40] iteration      810/    1000 | consumed samples:         6480 | elapsed time per iteration (ms): 331.7 | learning rate: 5.861855E-05 | global batch size:     8 | lm loss: 5.859887E+00 | loss scale: 1.0 | grad norm: 0.870 | number of skipped iterations:   0 | number of nan iterations:   0 |
Step Time : 0.33s GPU utilization: 30.8MODEL_TFLOP/s/GPU
 [2026-10-02 18:54:40] iteration      811/    1000 | consumed samples:         6488 | elapsed time per iteration (ms): 331.8 | learning rate: 5.832907E-05 | global batch size:     8 | lm loss: 5.939600E+00 | loss scale: 1.0 | grad norm: 0.890 | number of skipped iterations:   0 | number of nan iterations:   0 |
Step Time : 0.33s GPU utilization: 30.9MODEL_TFLOP/s/GPU
 [2026-10-02 18:54:40] iteration      812/    1000 | consumed samples:         6496 | elapsed time per iteration (ms): 331.4 | learning rate: 5.804090E-05 | global batch size:     8 | lm loss: 6.295466E+00 | loss scale: 1.0 | grad norm: 0.860 | number of skipped iterations:   0 | number of nan iterations:   0 |
Step Time : 0.33s GPU utilization: 30.9MODEL_TFLOP/s/GPU
 [2026-10-02 18:54:41] iteration      813/    1000 | consumed samples:         6504 | elapsed time per iteration (ms): 331.4 | learning rate: 5.775403E-05 | global batch size:     8 | lm loss: 6.131921E+00 | loss scale: 1.0 | grad norm: 0.911 | number of skipped iterations:   0 | number of nan iterations:   0 |
Step Time : 0.33s GPU utilization: 30.9MODEL_TFLOP/s/GPU
 [2026-10-02 18:54:41] iteration      814/    1000 | consumed samples:         6512 | elapsed time per iteration (ms): 331.2 | learning rate: 5.746846E-05 | global batch size:     8 | lm loss: 5.855061E+00 | loss scale: 1.0 | grad norm: 0.880 | number of skipped iterations:   0 | number of nan iterations:   0 |
Step Time : 0.33s GPU utilization: 30.8MODEL_TFLOP/s/GPU
 [2026-10-02 18:54:41] iteration      815/    1000 | consumed samples:         6520 | elapsed time per iteration (ms): 331.6 | learning rate: 5.718421E-05 | global batch size:     8 | lm loss: 6.155485E+00 | loss scale: 1.0 | grad norm: 1.134 | number of skipped iterations:   0 | number of nan iterations:   0 |
Step Time : 0.33s GPU utilization: 30.8MODEL_TFLOP/s/GPU
 [2026-10-02 18:54:42] iteration      816/    1000 | consumed samples:         6528 | elapsed time per iteration (ms): 331.6 | learning rate: 5.690127E-05 | global batch size:     8 | lm loss: 5.830803E+00 | loss scale: 1.0 | grad norm: 0.796 | number of skipped iterations:   0 | number of nan iterations:   0 |
Step Time : 0.33s GPU utilization: 30.8MODEL_TFLOP/s/GPU
 [2026-10-02 18:54:42] iteration      817/    1000 | consumed samples:         6536 | elapsed time per iteration (ms): 331.7 | learning rate: 5.661964E-05 | global batch size:     8 | lm loss: 6.179530E+00 | loss scale: 1.0 | grad norm: 0.971 | number of skipped iterations:   0 | number of nan iterations:   0 |
Step Time : 0.33s GPU utilization: 30.8MODEL_TFLOP/s/GPU
 [2026-10-02 18:54:42] iteration      818/    1000 | consumed samples:         6544 | elapsed time per iteration (ms): 331.6 | learning rate: 5.633934E-05 | global batch size:     8 | lm loss: 5.469895E+00 | loss scale: 1.0 | grad norm: 0.908 | number of skipped iterations:   0 | number of nan iterations:   0 |
Step Time : 0.33s GPU utilization: 30.9MODEL_TFLOP/s/GPU
 [2026-10-02 18:54:43] iteration      819/    1000 | consumed samples:         6552 | elapsed time per iteration (ms): 331.0 | learning rate: 5.606036E-05 | global batch size:     8 | lm loss: 5.912847E+00 | loss scale: 1.0 | grad norm: 0.879 | number of skipped iterations:   0 | number of nan iterations:   0 |
Step Time : 0.33s GPU utilization: 30.9MODEL_TFLOP/s/GPU
 [2026-10-02 18:54:43] iteration      820/    1000 | consumed samples:         6560 | elapsed time per iteration (ms): 331.3 | learning rate: 5.578270E-05 | global batch size:     8 | lm loss: 5.881808E+00 | loss scale: 1.0 | grad norm: 0.862 | number of skipped iterations:   0 | number of nan iterations:   0 |
Step Time : 0.33s GPU utilization: 30.9MODEL_TFLOP/s/GPU
 [2026-10-02 18:54:43] iteration      821/    1000 | consumed samples:         6568 | elapsed time per iteration (ms): 331.1 | learning rate: 5.550639E-05 | global batch size:     8 | lm loss: 5.728903E+00 | loss scale: 1.0 | grad norm: 0.940 | number of skipped iterations:   0 | number of nan iterations:   0 |
Step Time : 0.33s GPU utilization: 30.9MODEL_TFLOP/s/GPU
 [2026-10-02 18:54:44] iteration      822/    1000 | consumed samples:         6576 | elapsed time per iteration (ms): 331.4 | learning rate: 5.523140E-05 | global batch size:     8 | lm loss: 5.802191E+00 | loss scale: 1.0 | grad norm: 0.822 | number of skipped iterations:   0 | number of nan iterations:   0 |
Step Time : 0.33s GPU utilization: 30.8MODEL_TFLOP/s/GPU
 [2026-10-02 18:54:44] iteration      823/    1000 | consumed samples:         6584 | elapsed time per iteration (ms): 331.5 | learning rate: 5.495775E-05 | global batch size:     8 | lm loss: 5.667662E+00 | loss scale: 1.0 | grad norm: 0.859 | number of skipped iterations:   0 | number of nan iterations:   0 |
Step Time : 0.33s GPU utilization: 30.8MODEL_TFLOP/s/GPU
 [2026-10-02 18:54:44] iteration      824/    1000 | consumed samples:         6592 | elapsed time per iteration (ms): 331.4 | learning rate: 5.468544E-05 | global batch size:     8 | lm loss: 5.621090E+00 | loss scale: 1.0 | grad norm: 0.843 | number of skipped iterations:   0 | number of nan iterations:   0 |
Step Time : 0.33s GPU utilization: 30.9MODEL_TFLOP/s/GPU
 [2026-10-02 18:54:45] iteration      825/    1000 | consumed samples:         6600 | elapsed time per iteration (ms): 331.1 | learning rate: 5.441448E-05 | global batch size:     8 | lm loss: 5.664700E+00 | loss scale: 1.0 | grad norm: 1.099 | number of skipped iterations:   0 | number of nan iterations:   0 |
Step Time : 0.33s GPU utilization: 30.9MODEL_TFLOP/s/GPU
 [2026-10-02 18:54:45] iteration      826/    1000 | consumed samples:         6608 | elapsed time per iteration (ms): 331.4 | learning rate: 5.414486E-05 | global batch size:     8 | lm loss: 5.840364E+00 | loss scale: 1.0 | grad norm: 0.870 | number of skipped iterations:   0 | number of nan iterations:   0 |
Step Time : 0.33s GPU utilization: 30.9MODEL_TFLOP/s/GPU
 [2026-10-02 18:54:45] iteration      827/    1000 | consumed samples:         6616 | elapsed time per iteration (ms): 330.7 | learning rate: 5.387659E-05 | global batch size:     8 | lm loss: 5.830998E+00 | loss scale: 1.0 | grad norm: 0.823 | number of skipped iterations:   0 | number of nan iterations:   0 |
Step Time : 0.33s GPU utilization: 30.9MODEL_TFLOP/s/GPU
 [2026-10-02 18:54:46] iteration      828/    1000 | consumed samples:         6624 | elapsed time per iteration (ms): 331.4 | learning rate: 5.360968E-05 | global batch size:     8 | lm loss: 5.771787E+00 | loss scale: 1.0 | grad norm: 0.800 | number of skipped iterations:   0 | number of nan iterations:   0 |
Step Time : 0.33s GPU utilization: 30.9MODEL_TFLOP/s/GPU
 [2026-10-02 18:54:46] iteration      829/    1000 | consumed samples:         6632 | elapsed time per iteration (ms): 331.2 | learning rate: 5.334412E-05 | global batch size:     8 | lm loss: 6.032409E+00 | loss scale: 1.0 | grad norm: 0.896 | number of skipped iterations:   0 | number of nan iterations:   0 |
Step Time : 0.33s GPU utilization: 30.9MODEL_TFLOP/s/GPU
 [2026-10-02 18:54:46] iteration      830/    1000 | consumed samples:         6640 | elapsed time per iteration (ms): 331.0 | learning rate: 5.307993E-05 | global batch size:     8 | lm loss: 5.926282E+00 | loss scale: 1.0 | grad norm: 0.860 | number of skipped iterations:   0 | number of nan iterations:   0 |
Step Time : 0.33s GPU utilization: 30.9MODEL_TFLOP/s/GPU
 [2026-10-02 18:54:47] iteration      831/    1000 | consumed samples:         6648 | elapsed time per iteration (ms): 331.3 | learning rate: 5.281710E-05 | global batch size:     8 | lm loss: 5.869158E+00 | loss scale: 1.0 | grad norm: 0.927 | number of skipped iterations:   0 | number of nan iterations:   0 |
Step Time : 0.33s GPU utilization: 30.9MODEL_TFLOP/s/GPU
 [2026-10-02 18:54:47] iteration      832/    1000 | consumed samples:         6656 | elapsed time per iteration (ms): 331.2 | learning rate: 5.255563E-05 | global batch size:     8 | lm loss: 5.500346E+00 | loss scale: 1.0 | grad norm: 1.045 | number of skipped iterations:   0 | number of nan iterations:   0 |
Step Time : 0.33s GPU utilization: 30.9MODEL_TFLOP/s/GPU
 [2026-10-02 18:54:47] iteration      833/    1000 | consumed samples:         6664 | elapsed time per iteration (ms): 331.3 | learning rate: 5.229554E-05 | global batch size:     8 | lm loss: 5.703013E+00 | loss scale: 1.0 | grad norm: 0.824 | number of skipped iterations:   0 | number of nan iterations:   0 |
Step Time : 0.33s GPU utilization: 30.8MODEL_TFLOP/s/GPU
 [2026-10-02 18:54:48] iteration      834/    1000 | consumed samples:         6672 | elapsed time per iteration (ms): 332.0 | learning rate: 5.203682E-05 | global batch size:     8 | lm loss: 5.521161E+00 | loss scale: 1.0 | grad norm: 0.873 | number of skipped iterations:   0 | number of nan iterations:   0 |
Step Time : 0.33s GPU utilization: 30.8MODEL_TFLOP/s/GPU
 [2026-10-02 18:54:48] iteration      835/    1000 | consumed samples:         6680 | elapsed time per iteration (ms): 331.6 | learning rate: 5.177947E-05 | global batch size:     8 | lm loss: 5.656323E+00 | loss scale: 1.0 | grad norm: 1.159 | number of skipped iterations:   0 | number of nan iterations:   0 |
Step Time : 0.33s GPU utilization: 30.8MODEL_TFLOP/s/GPU
 [2026-10-02 18:54:48] iteration      836/    1000 | consumed samples:         6688 | elapsed time per iteration (ms): 331.8 | learning rate: 5.152351E-05 | global batch size:     8 | lm loss: 5.791018E+00 | loss scale: 1.0 | grad norm: 0.845 | number of skipped iterations:   0 | number of nan iterations:   0 |
Step Time : 0.33s GPU utilization: 30.9MODEL_TFLOP/s/GPU
 [2026-10-02 18:54:49] iteration      837/    1000 | consumed samples:         6696 | elapsed time per iteration (ms): 331.3 | learning rate: 5.126893E-05 | global batch size:     8 | lm loss: 5.866111E+00 | loss scale: 1.0 | grad norm: 0.813 | number of skipped iterations:   0 | number of nan iterations:   0 |
Step Time : 0.33s GPU utilization: 30.9MODEL_TFLOP/s/GPU
 [2026-10-02 18:54:49] iteration      838/    1000 | consumed samples:         6704 | elapsed time per iteration (ms): 331.1 | learning rate: 5.101573E-05 | global batch size:     8 | lm loss: 5.968634E+00 | loss scale: 1.0 | grad norm: 0.959 | number of skipped iterations:   0 | number of nan iterations:   0 |
Step Time : 0.33s GPU utilization: 30.9MODEL_TFLOP/s/GPU
 [2026-10-02 18:54:49] iteration      839/    1000 | consumed samples:         6712 | elapsed time per iteration (ms): 330.5 | learning rate: 5.076392E-05 | global batch size:     8 | lm loss: 5.849882E+00 | loss scale: 1.0 | grad norm: 0.777 | number of skipped iterations:   0 | number of nan iterations:   0 |
Step Time : 0.33s GPU utilization: 30.9MODEL_TFLOP/s/GPU
 [2026-10-02 18:54:50] iteration      840/    1000 | consumed samples:         6720 | elapsed time per iteration (ms): 330.7 | learning rate: 5.051351E-05 | global batch size:     8 | lm loss: 5.586183E+00 | loss scale: 1.0 | grad norm: 0.890 | number of skipped iterations:   0 | number of nan iterations:   0 |
Step Time : 0.33s GPU utilization: 30.9MODEL_TFLOP/s/GPU
 [2026-10-02 18:54:50] iteration      841/    1000 | consumed samples:         6728 | elapsed time per iteration (ms): 330.8 | learning rate: 5.026449E-05 | global batch size:     8 | lm loss: 5.818277E+00 | loss scale: 1.0 | grad norm: 1.069 | number of skipped iterations:   0 | number of nan iterations:   0 |
Step Time : 0.33s GPU utilization: 30.9MODEL_TFLOP/s/GPU
 [2026-10-02 18:54:50] iteration      842/    1000 | consumed samples:         6736 | elapsed time per iteration (ms): 331.1 | learning rate: 5.001686E-05 | global batch size:     8 | lm loss: 5.940928E+00 | loss scale: 1.0 | grad norm: 0.812 | number of skipped iterations:   0 | number of nan iterations:   0 |
Step Time : 0.33s GPU utilization: 30.9MODEL_TFLOP/s/GPU
 [2026-10-02 18:54:51] iteration      843/    1000 | consumed samples:         6744 | elapsed time per iteration (ms): 331.0 | learning rate: 4.977064E-05 | global batch size:     8 | lm loss: 5.839235E+00 | loss scale: 1.0 | grad norm: 0.870 | number of skipped iterations:   0 | number of nan iterations:   0 |
Step Time : 0.33s GPU utilization: 30.9MODEL_TFLOP/s/GPU
 [2026-10-02 18:54:51] iteration      844/    1000 | consumed samples:         6752 | elapsed time per iteration (ms): 331.1 | learning rate: 4.952582E-05 | global batch size:     8 | lm loss: 6.281371E+00 | loss scale: 1.0 | grad norm: 1.062 | number of skipped iterations:   0 | number of nan iterations:   0 |
Step Time : 0.33s GPU utilization: 30.9MODEL_TFLOP/s/GPU
 [2026-10-02 18:54:51] iteration      845/    1000 | consumed samples:         6760 | elapsed time per iteration (ms): 330.9 | learning rate: 4.928241E-05 | global batch size:     8 | lm loss: 5.458109E+00 | loss scale: 1.0 | grad norm: 0.891 | number of skipped iterations:   0 | number of nan iterations:   0 |
Step Time : 0.33s GPU utilization: 30.8MODEL_TFLOP/s/GPU
 [2026-10-02 18:54:52] iteration      846/    1000 | consumed samples:         6768 | elapsed time per iteration (ms): 331.5 | learning rate: 4.904041E-05 | global batch size:     8 | lm loss: 5.951087E+00 | loss scale: 1.0 | grad norm: 0.886 | number of skipped iterations:   0 | number of nan iterations:   0 |
Step Time : 0.33s GPU utilization: 30.9MODEL_TFLOP/s/GPU
 [2026-10-02 18:54:52] iteration      847/    1000 | consumed samples:         6776 | elapsed time per iteration (ms): 331.3 | learning rate: 4.879983E-05 | global batch size:     8 | lm loss: 5.887749E+00 | loss scale: 1.0 | grad norm: 0.876 | number of skipped iterations:   0 | number of nan iterations:   0 |
Step Time : 0.33s GPU utilization: 30.9MODEL_TFLOP/s/GPU
 [2026-10-02 18:54:52] iteration      848/    1000 | consumed samples:         6784 | elapsed time per iteration (ms): 331.1 | learning rate: 4.856065E-05 | global batch size:     8 | lm loss: 5.888845E+00 | loss scale: 1.0 | grad norm: 0.840 | number of skipped iterations:   0 | number of nan iterations:   0 |
Step Time : 0.33s GPU utilization: 30.9MODEL_TFLOP/s/GPU
 [2026-10-02 18:54:53] iteration      849/    1000 | consumed samples:         6792 | elapsed time per iteration (ms): 331.3 | learning rate: 4.832290E-05 | global batch size:     8 | lm loss: 5.895834E+00 | loss scale: 1.0 | grad norm: 1.388 | number of skipped iterations:   0 | number of nan iterations:   0 |
Step Time : 0.33s GPU utilization: 30.9MODEL_TFLOP/s/GPU
 [2026-10-02 18:54:53] iteration      850/    1000 | consumed samples:         6800 | elapsed time per iteration (ms): 331.4 | learning rate: 4.808657E-05 | global batch size:     8 | lm loss: 5.423341E+00 | loss scale: 1.0 | grad norm: 1.029 | number of skipped iterations:   0 | number of nan iterations:   0 |
Step Time : 0.33s GPU utilization: 30.8MODEL_TFLOP/s/GPU
 [2026-10-02 18:54:53] iteration      851/    1000 | consumed samples:         6808 | elapsed time per iteration (ms): 331.6 | learning rate: 4.785166E-05 | global batch size:     8 | lm loss: 5.628524E+00 | loss scale: 1.0 | grad norm: 1.218 | number of skipped iterations:   0 | number of nan iterations:   0 |
Step Time : 0.33s GPU utilization: 30.9MODEL_TFLOP/s/GPU
 [2026-10-02 18:54:54] iteration      852/    1000 | consumed samples:         6816 | elapsed time per iteration (ms): 331.2 | learning rate: 4.761818E-05 | global batch size:     8 | lm loss: 5.844430E+00 | loss scale: 1.0 | grad norm: 0.862 | number of skipped iterations:   0 | number of nan iterations:   0 |
Step Time : 0.33s GPU utilization: 30.9MODEL_TFLOP/s/GPU
 [2026-10-02 18:54:54] iteration      853/    1000 | consumed samples:         6824 | elapsed time per iteration (ms): 330.9 | learning rate: 4.738614E-05 | global batch size:     8 | lm loss: 6.079858E+00 | loss scale: 1.0 | grad norm: 0.858 | number of skipped iterations:   0 | number of nan iterations:   0 |
Step Time : 0.33s GPU utilization: 30.9MODEL_TFLOP/s/GPU
 [2026-10-02 18:54:54] iteration      854/    1000 | consumed samples:         6832 | elapsed time per iteration (ms): 331.3 | learning rate: 4.715552E-05 | global batch size:     8 | lm loss: 5.737870E+00 | loss scale: 1.0 | grad norm: 0.911 | number of skipped iterations:   0 | number of nan iterations:   0 |
Step Time : 0.33s GPU utilization: 30.9MODEL_TFLOP/s/GPU
 [2026-10-02 18:54:55] iteration      855/    1000 | consumed samples:         6840 | elapsed time per iteration (ms): 330.8 | learning rate: 4.692634E-05 | global batch size:     8 | lm loss: 5.899662E+00 | loss scale: 1.0 | grad norm: 0.870 | number of skipped iterations:   0 | number of nan iterations:   0 |
Step Time : 0.33s GPU utilization: 30.9MODEL_TFLOP/s/GPU
 [2026-10-02 18:54:55] iteration      856/    1000 | consumed samples:         6848 | elapsed time per iteration (ms): 331.2 | learning rate: 4.669860E-05 | global batch size:     8 | lm loss: 5.974237E+00 | loss scale: 1.0 | grad norm: 0.823 | number of skipped iterations:   0 | number of nan iterations:   0 |
Step Time : 0.33s GPU utilization: 30.9MODEL_TFLOP/s/GPU
 [2026-10-02 18:54:55] iteration      857/    1000 | consumed samples:         6856 | elapsed time per iteration (ms): 331.0 | learning rate: 4.647230E-05 | global batch size:     8 | lm loss: 5.786763E+00 | loss scale: 1.0 | grad norm: 0.868 | number of skipped iterations:   0 | number of nan iterations:   0 |
Step Time : 0.33s GPU utilization: 30.8MODEL_TFLOP/s/GPU
 [2026-10-02 18:54:56] iteration      858/    1000 | consumed samples:         6864 | elapsed time per iteration (ms): 331.6 | learning rate: 4.624744E-05 | global batch size:     8 | lm loss: 5.663968E+00 | loss scale: 1.0 | grad norm: 0.812 | number of skipped iterations:   0 | number of nan iterations:   0 |
Step Time : 0.33s GPU utilization: 30.9MODEL_TFLOP/s/GPU
 [2026-10-02 18:54:56] iteration      859/    1000 | consumed samples:         6872 | elapsed time per iteration (ms): 330.8 | learning rate: 4.602403E-05 | global batch size:     8 | lm loss: 6.041371E+00 | loss scale: 1.0 | grad norm: 1.066 | number of skipped iterations:   0 | number of nan iterations:   0 |
Step Time : 0.33s GPU utilization: 30.9MODEL_TFLOP/s/GPU
 [2026-10-02 18:54:56] iteration      860/    1000 | consumed samples:         6880 | elapsed time per iteration (ms): 331.3 | learning rate: 4.580207E-05 | global batch size:     8 | lm loss: 5.614429E+00 | loss scale: 1.0 | grad norm: 1.040 | number of skipped iterations:   0 | number of nan iterations:   0 |
Step Time : 0.33s GPU utilization: 30.8MODEL_TFLOP/s/GPU
 [2026-10-02 18:54:57] iteration      861/    1000 | consumed samples:         6888 | elapsed time per iteration (ms): 331.7 | learning rate: 4.558157E-05 | global batch size:     8 | lm loss: 5.839590E+00 | loss scale: 1.0 | grad norm: 0.900 | number of skipped iterations:   0 | number of nan iterations:   0 |
Step Time : 0.33s GPU utilization: 30.9MODEL_TFLOP/s/GPU
 [2026-10-02 18:54:57] iteration      862/    1000 | consumed samples:         6896 | elapsed time per iteration (ms): 330.4 | learning rate: 4.536252E-05 | global batch size:     8 | lm loss: 5.728651E+00 | loss scale: 1.0 | grad norm: 1.027 | number of skipped iterations:   0 | number of nan iterations:   0 |
Step Time : 0.33s GPU utilization: 30.8MODEL_TFLOP/s/GPU
 [2026-10-02 18:54:57] iteration      863/    1000 | consumed samples:         6904 | elapsed time per iteration (ms): 331.4 | learning rate: 4.514492E-05 | global batch size:     8 | lm loss: 5.970245E+00 | loss scale: 1.0 | grad norm: 0.877 | number of skipped iterations:   0 | number of nan iterations:   0 |
Step Time : 0.33s GPU utilization: 30.9MODEL_TFLOP/s/GPU
 [2026-10-02 18:54:58] iteration      864/    1000 | consumed samples:         6912 | elapsed time per iteration (ms): 331.1 | learning rate: 4.492879E-05 | global batch size:     8 | lm loss: 6.128929E+00 | loss scale: 1.0 | grad norm: 0.912 | number of skipped iterations:   0 | number of nan iterations:   0 |
Step Time : 0.33s GPU utilization: 30.9MODEL_TFLOP/s/GPU
 [2026-10-02 18:54:58] iteration      865/    1000 | consumed samples:         6920 | elapsed time per iteration (ms): 330.8 | learning rate: 4.471412E-05 | global batch size:     8 | lm loss: 5.667032E+00 | loss scale: 1.0 | grad norm: 0.868 | number of skipped iterations:   0 | number of nan iterations:   0 |
Step Time : 0.33s GPU utilization: 30.9MODEL_TFLOP/s/GPU
 [2026-10-02 18:54:58] iteration      866/    1000 | consumed samples:         6928 | elapsed time per iteration (ms): 331.1 | learning rate: 4.450091E-05 | global batch size:     8 | lm loss: 5.821098E+00 | loss scale: 1.0 | grad norm: 0.868 | number of skipped iterations:   0 | number of nan iterations:   0 |
Step Time : 0.33s GPU utilization: 30.8MODEL_TFLOP/s/GPU
 [2026-10-02 18:54:59] iteration      867/    1000 | consumed samples:         6936 | elapsed time per iteration (ms): 331.6 | learning rate: 4.428918E-05 | global batch size:     8 | lm loss: 5.718175E+00 | loss scale: 1.0 | grad norm: 1.079 | number of skipped iterations:   0 | number of nan iterations:   0 |
Step Time : 0.33s GPU utilization: 30.9MODEL_TFLOP/s/GPU
 [2026-10-02 18:54:59] iteration      868/    1000 | consumed samples:         6944 | elapsed time per iteration (ms): 331.4 | learning rate: 4.407891E-05 | global batch size:     8 | lm loss: 5.507516E+00 | loss scale: 1.0 | grad norm: 0.873 | number of skipped iterations:   0 | number of nan iterations:   0 |
Step Time : 0.33s GPU utilization: 30.9MODEL_TFLOP/s/GPU
 [2026-10-02 18:54:59] iteration      869/    1000 | consumed samples:         6952 | elapsed time per iteration (ms): 331.3 | learning rate: 4.387012E-05 | global batch size:     8 | lm loss: 5.792705E+00 | loss scale: 1.0 | grad norm: 0.864 | number of skipped iterations:   0 | number of nan iterations:   0 |
Step Time : 0.33s GPU utilization: 30.8MODEL_TFLOP/s/GPU
 [2026-10-02 18:55:00] iteration      870/    1000 | consumed samples:         6960 | elapsed time per iteration (ms): 331.6 | learning rate: 4.366280E-05 | global batch size:     8 | lm loss: 6.029094E+00 | loss scale: 1.0 | grad norm: 0.865 | number of skipped iterations:   0 | number of nan iterations:   0 |
Step Time : 0.33s GPU utilization: 30.8MODEL_TFLOP/s/GPU
 [2026-10-02 18:55:00] iteration      871/    1000 | consumed samples:         6968 | elapsed time per iteration (ms): 331.6 | learning rate: 4.345697E-05 | global batch size:     8 | lm loss: 5.825410E+00 | loss scale: 1.0 | grad norm: 0.816 | number of skipped iterations:   0 | number of nan iterations:   0 |
Step Time : 0.33s GPU utilization: 30.9MODEL_TFLOP/s/GPU
 [2026-10-02 18:55:00] iteration      872/    1000 | consumed samples:         6976 | elapsed time per iteration (ms): 331.4 | learning rate: 4.325261E-05 | global batch size:     8 | lm loss: 6.433937E+00 | loss scale: 1.0 | grad norm: 1.811 | number of skipped iterations:   0 | number of nan iterations:   0 |
Step Time : 0.33s GPU utilization: 30.8MODEL_TFLOP/s/GPU
 [2026-10-02 18:55:01] iteration      873/    1000 | consumed samples:         6984 | elapsed time per iteration (ms): 331.5 | learning rate: 4.304973E-05 | global batch size:     8 | lm loss: 5.830639E+00 | loss scale: 1.0 | grad norm: 0.862 | number of skipped iterations:   0 | number of nan iterations:   0 |
Step Time : 0.33s GPU utilization: 30.9MODEL_TFLOP/s/GPU
 [2026-10-02 18:55:01] iteration      874/    1000 | consumed samples:         6992 | elapsed time per iteration (ms): 331.0 | learning rate: 4.284835E-05 | global batch size:     8 | lm loss: 6.128925E+00 | loss scale: 1.0 | grad norm: 0.905 | number of skipped iterations:   0 | number of nan iterations:   0 |
Step Time : 0.33s GPU utilization: 30.9MODEL_TFLOP/s/GPU
 [2026-10-02 18:55:01] iteration      875/    1000 | consumed samples:         7000 | elapsed time per iteration (ms): 331.0 | learning rate: 4.264845E-05 | global batch size:     8 | lm loss: 5.917062E+00 | loss scale: 1.0 | grad norm: 1.969 | number of skipped iterations:   0 | number of nan iterations:   0 |
Step Time : 0.33s GPU utilization: 30.8MODEL_TFLOP/s/GPU
 [2026-10-02 18:55:02] iteration      876/    1000 | consumed samples:         7008 | elapsed time per iteration (ms): 331.7 | learning rate: 4.245004E-05 | global batch size:     8 | lm loss: 6.120951E+00 | loss scale: 1.0 | grad norm: 0.860 | number of skipped iterations:   0 | number of nan iterations:   0 |
Step Time : 0.33s GPU utilization: 30.8MODEL_TFLOP/s/GPU
 [2026-10-02 18:55:02] iteration      877/    1000 | consumed samples:         7016 | elapsed time per iteration (ms): 331.5 | learning rate: 4.225313E-05 | global batch size:     8 | lm loss: 6.061930E+00 | loss scale: 1.0 | grad norm: 0.914 | number of skipped iterations:   0 | number of nan iterations:   0 |
Step Time : 0.33s GPU utilization: 30.9MODEL_TFLOP/s/GPU
 [2026-10-02 18:55:02] iteration      878/    1000 | consumed samples:         7024 | elapsed time per iteration (ms): 331.3 | learning rate: 4.205771E-05 | global batch size:     8 | lm loss: 5.809764E+00 | loss scale: 1.0 | grad norm: 0.786 | number of skipped iterations:   0 | number of nan iterations:   0 |
Step Time : 0.33s GPU utilization: 30.8MODEL_TFLOP/s/GPU
 [2026-10-02 18:55:03] iteration      879/    1000 | consumed samples:         7032 | elapsed time per iteration (ms): 331.6 | learning rate: 4.186378E-05 | global batch size:     8 | lm loss: 5.907134E+00 | loss scale: 1.0 | grad norm: 0.852 | number of skipped iterations:   0 | number of nan iterations:   0 |
Step Time : 0.33s GPU utilization: 30.9MODEL_TFLOP/s/GPU
 [2026-10-02 18:55:03] iteration      880/    1000 | consumed samples:         7040 | elapsed time per iteration (ms): 331.4 | learning rate: 4.167136E-05 | global batch size:     8 | lm loss: 5.753467E+00 | loss scale: 1.0 | grad norm: 0.823 | number of skipped iterations:   0 | number of nan iterations:   0 |
Step Time : 0.33s GPU utilization: 30.9MODEL_TFLOP/s/GPU
 [2026-10-02 18:55:03] iteration      881/    1000 | consumed samples:         7048 | elapsed time per iteration (ms): 331.4 | learning rate: 4.148045E-05 | global batch size:     8 | lm loss: 5.927073E+00 | loss scale: 1.0 | grad norm: 0.852 | number of skipped iterations:   0 | number of nan iterations:   0 |
Step Time : 0.33s GPU utilization: 30.9MODEL_TFLOP/s/GPU
 [2026-10-02 18:55:04] iteration      882/    1000 | consumed samples:         7056 | elapsed time per iteration (ms): 331.1 | learning rate: 4.129103E-05 | global batch size:     8 | lm loss: 6.207581E+00 | loss scale: 1.0 | grad norm: 1.013 | number of skipped iterations:   0 | number of nan iterations:   0 |
Step Time : 0.33s GPU utilization: 30.9MODEL_TFLOP/s/GPU
 [2026-10-02 18:55:04] iteration      883/    1000 | consumed samples:         7064 | elapsed time per iteration (ms): 331.2 | learning rate: 4.110313E-05 | global batch size:     8 | lm loss: 5.761949E+00 | loss scale: 1.0 | grad norm: 1.116 | number of skipped iterations:   0 | number of nan iterations:   0 |
Step Time : 0.33s GPU utilization: 30.9MODEL_TFLOP/s/GPU
 [2026-10-02 18:55:04] iteration      884/    1000 | consumed samples:         7072 | elapsed time per iteration (ms): 331.3 | learning rate: 4.091673E-05 | global batch size:     8 | lm loss: 5.904262E+00 | loss scale: 1.0 | grad norm: 0.816 | number of skipped iterations:   0 | number of nan iterations:   0 |
Step Time : 0.33s GPU utilization: 30.8MODEL_TFLOP/s/GPU
 [2026-10-02 18:55:05] iteration      885/    1000 | consumed samples:         7080 | elapsed time per iteration (ms): 331.5 | learning rate: 4.073184E-05 | global batch size:     8 | lm loss: 5.886760E+00 | loss scale: 1.0 | grad norm: 0.785 | number of skipped iterations:   0 | number of nan iterations:   0 |
Step Time : 0.33s GPU utilization: 30.8MODEL_TFLOP/s/GPU
 [2026-10-02 18:55:05] iteration      886/    1000 | consumed samples:         7088 | elapsed time per iteration (ms): 331.5 | learning rate: 4.054848E-05 | global batch size:     8 | lm loss: 5.846702E+00 | loss scale: 1.0 | grad norm: 0.769 | number of skipped iterations:   0 | number of nan iterations:   0 |
Step Time : 0.33s GPU utilization: 30.8MODEL_TFLOP/s/GPU
 [2026-10-02 18:55:05] iteration      887/    1000 | consumed samples:         7096 | elapsed time per iteration (ms): 331.6 | learning rate: 4.036662E-05 | global batch size:     8 | lm loss: 5.747753E+00 | loss scale: 1.0 | grad norm: 0.844 | number of skipped iterations:   0 | number of nan iterations:   0 |
Step Time : 0.33s GPU utilization: 30.8MODEL_TFLOP/s/GPU
 [2026-10-02 18:55:06] iteration      888/    1000 | consumed samples:         7104 | elapsed time per iteration (ms): 331.6 | learning rate: 4.018629E-05 | global batch size:     8 | lm loss: 5.660350E+00 | loss scale: 1.0 | grad norm: 0.960 | number of skipped iterations:   0 | number of nan iterations:   0 |
Step Time : 0.33s GPU utilization: 30.9MODEL_TFLOP/s/GPU
 [2026-10-02 18:55:06] iteration      889/    1000 | consumed samples:         7112 | elapsed time per iteration (ms): 331.3 | learning rate: 4.000747E-05 | global batch size:     8 | lm loss: 6.019333E+00 | loss scale: 1.0 | grad norm: 0.998 | number of skipped iterations:   0 | number of nan iterations:   0 |
Step Time : 0.33s GPU utilization: 30.8MODEL_TFLOP/s/GPU
 [2026-10-02 18:55:06] iteration      890/    1000 | consumed samples:         7120 | elapsed time per iteration (ms): 331.4 | learning rate: 3.983018E-05 | global batch size:     8 | lm loss: 5.740874E+00 | loss scale: 1.0 | grad norm: 0.891 | number of skipped iterations:   0 | number of nan iterations:   0 |
Step Time : 0.33s GPU utilization: 30.8MODEL_TFLOP/s/GPU
 [2026-10-02 18:55:07] iteration      891/    1000 | consumed samples:         7128 | elapsed time per iteration (ms): 332.0 | learning rate: 3.965441E-05 | global batch size:     8 | lm loss: 5.872664E+00 | loss scale: 1.0 | grad norm: 0.943 | number of skipped iterations:   0 | number of nan iterations:   0 |
Step Time : 0.33s GPU utilization: 30.8MODEL_TFLOP/s/GPU
 [2026-10-02 18:55:07] iteration      892/    1000 | consumed samples:         7136 | elapsed time per iteration (ms): 331.8 | learning rate: 3.948018E-05 | global batch size:     8 | lm loss: 5.825779E+00 | loss scale: 1.0 | grad norm: 0.862 | number of skipped iterations:   0 | number of nan iterations:   0 |
Step Time : 0.33s GPU utilization: 30.9MODEL_TFLOP/s/GPU
 [2026-10-02 18:55:07] iteration      893/    1000 | consumed samples:         7144 | elapsed time per iteration (ms): 331.4 | learning rate: 3.930747E-05 | global batch size:     8 | lm loss: 6.125380E+00 | loss scale: 1.0 | grad norm: 1.212 | number of skipped iterations:   0 | number of nan iterations:   0 |
Step Time : 0.33s GPU utilization: 30.8MODEL_TFLOP/s/GPU
 [2026-10-02 18:55:08] iteration      894/    1000 | consumed samples:         7152 | elapsed time per iteration (ms): 331.6 | learning rate: 3.913629E-05 | global batch size:     8 | lm loss: 5.840086E+00 | loss scale: 1.0 | grad norm: 0.861 | number of skipped iterations:   0 | number of nan iterations:   0 |
Step Time : 0.33s GPU utilization: 30.8MODEL_TFLOP/s/GPU
 [2026-10-02 18:55:08] iteration      895/    1000 | consumed samples:         7160 | elapsed time per iteration (ms): 331.8 | learning rate: 3.896664E-05 | global batch size:     8 | lm loss: 6.142851E+00 | loss scale: 1.0 | grad norm: 1.034 | number of skipped iterations:   0 | number of nan iterations:   0 |
Step Time : 0.33s GPU utilization: 30.8MODEL_TFLOP/s/GPU
 [2026-10-02 18:55:08] iteration      896/    1000 | consumed samples:         7168 | elapsed time per iteration (ms): 331.7 | learning rate: 3.879853E-05 | global batch size:     8 | lm loss: 5.700736E+00 | loss scale: 1.0 | grad norm: 0.884 | number of skipped iterations:   0 | number of nan iterations:   0 |
Step Time : 0.33s GPU utilization: 30.8MODEL_TFLOP/s/GPU
 [2026-10-02 18:55:09] iteration      897/    1000 | consumed samples:         7176 | elapsed time per iteration (ms): 332.3 | learning rate: 3.863196E-05 | global batch size:     8 | lm loss: 5.851000E+00 | loss scale: 1.0 | grad norm: 0.804 | number of skipped iterations:   0 | number of nan iterations:   0 |
Step Time : 0.33s GPU utilization: 30.8MODEL_TFLOP/s/GPU
 [2026-10-02 18:55:09] iteration      898/    1000 | consumed samples:         7184 | elapsed time per iteration (ms): 331.8 | learning rate: 3.846693E-05 | global batch size:     8 | lm loss: 5.677438E+00 | loss scale: 1.0 | grad norm: 0.856 | number of skipped iterations:   0 | number of nan iterations:   0 |
Step Time : 0.33s GPU utilization: 30.8MODEL_TFLOP/s/GPU
 [2026-10-02 18:55:09] iteration      899/    1000 | consumed samples:         7192 | elapsed time per iteration (ms): 331.9 | learning rate: 3.830344E-05 | global batch size:     8 | lm loss: 5.744160E+00 | loss scale: 1.0 | grad norm: 1.300 | number of skipped iterations:   0 | number of nan iterations:   0 |
Step Time : 0.33s GPU utilization: 30.9MODEL_TFLOP/s/GPU
 [2026-10-02 18:55:10] iteration      900/    1000 | consumed samples:         7200 | elapsed time per iteration (ms): 330.6 | learning rate: 3.814150E-05 | global batch size:     8 | lm loss: 5.768606E+00 | loss scale: 1.0 | grad norm: 0.796 | number of skipped iterations:   0 | number of nan iterations:   0 |
Step Time : 0.78s GPU utilization: 13.2MODEL_TFLOP/s/GPU
 [2026-10-02 18:55:10] iteration      901/    1000 | consumed samples:         7208 | elapsed time per iteration (ms): 776.9 | learning rate: 3.798110E-05 | global batch size:     8 | lm loss: 6.019608E+00 | loss scale: 1.0 | grad norm: 0.896 | number of skipped iterations:   0 | number of nan iterations:   0 |
Step Time : 0.33s GPU utilization: 30.8MODEL_TFLOP/s/GPU
 [2026-10-02 18:55:11] iteration      902/    1000 | consumed samples:         7216 | elapsed time per iteration (ms): 331.5 | learning rate: 3.782224E-05 | global batch size:     8 | lm loss: 5.923139E+00 | loss scale: 1.0 | grad norm: 0.793 | number of skipped iterations:   0 | number of nan iterations:   0 |
Step Time : 0.33s GPU utilization: 30.8MODEL_TFLOP/s/GPU
 [2026-10-02 18:55:11] iteration      903/    1000 | consumed samples:         7224 | elapsed time per iteration (ms): 331.7 | learning rate: 3.766494E-05 | global batch size:     8 | lm loss: 5.371776E+00 | loss scale: 1.0 | grad norm: 0.867 | number of skipped iterations:   0 | number of nan iterations:   0 |
Step Time : 0.33s GPU utilization: 30.7MODEL_TFLOP/s/GPU
 [2026-10-02 18:55:11] iteration      904/    1000 | consumed samples:         7232 | elapsed time per iteration (ms): 332.7 | learning rate: 3.750919E-05 | global batch size:     8 | lm loss: 5.773557E+00 | loss scale: 1.0 | grad norm: 0.849 | number of skipped iterations:   0 | number of nan iterations:   0 |
Step Time : 0.33s GPU utilization: 30.8MODEL_TFLOP/s/GPU
 [2026-10-02 18:55:12] iteration      905/    1000 | consumed samples:         7240 | elapsed time per iteration (ms): 331.8 | learning rate: 3.735499E-05 | global batch size:     8 | lm loss: 5.849730E+00 | loss scale: 1.0 | grad norm: 1.125 | number of skipped iterations:   0 | number of nan iterations:   0 |
Step Time : 0.33s GPU utilization: 30.8MODEL_TFLOP/s/GPU
 [2026-10-02 18:55:12] iteration      906/    1000 | consumed samples:         7248 | elapsed time per iteration (ms): 332.2 | learning rate: 3.720235E-05 | global batch size:     8 | lm loss: 5.821745E+00 | loss scale: 1.0 | grad norm: 0.823 | number of skipped iterations:   0 | number of nan iterations:   0 |
Step Time : 0.33s GPU utilization: 30.8MODEL_TFLOP/s/GPU
 [2026-10-02 18:55:12] iteration      907/    1000 | consumed samples:         7256 | elapsed time per iteration (ms): 332.1 | learning rate: 3.705126E-05 | global batch size:     8 | lm loss: 5.895147E+00 | loss scale: 1.0 | grad norm: 0.791 | number of skipped iterations:   0 | number of nan iterations:   0 |
Step Time : 0.33s GPU utilization: 30.9MODEL_TFLOP/s/GPU
 [2026-10-02 18:55:13] iteration      908/    1000 | consumed samples:         7264 | elapsed time per iteration (ms): 330.8 | learning rate: 3.690174E-05 | global batch size:     8 | lm loss: 5.757269E+00 | loss scale: 1.0 | grad norm: 0.817 | number of skipped iterations:   0 | number of nan iterations:   0 |
Step Time : 0.33s GPU utilization: 30.8MODEL_TFLOP/s/GPU
 [2026-10-02 18:55:13] iteration      909/    1000 | consumed samples:         7272 | elapsed time per iteration (ms): 331.6 | learning rate: 3.675377E-05 | global batch size:     8 | lm loss: 5.765811E+00 | loss scale: 1.0 | grad norm: 0.938 | number of skipped iterations:   0 | number of nan iterations:   0 |
Step Time : 0.33s GPU utilization: 30.9MODEL_TFLOP/s/GPU
 [2026-10-02 18:55:13] iteration      910/    1000 | consumed samples:         7280 | elapsed time per iteration (ms): 331.2 | learning rate: 3.660737E-05 | global batch size:     8 | lm loss: 5.737242E+00 | loss scale: 1.0 | grad norm: 0.930 | number of skipped iterations:   0 | number of nan iterations:   0 |
Step Time : 0.33s GPU utilization: 30.9MODEL_TFLOP/s/GPU
 [2026-10-02 18:55:14] iteration      911/    1000 | consumed samples:         7288 | elapsed time per iteration (ms): 331.0 | learning rate: 3.646253E-05 | global batch size:     8 | lm loss: 5.899947E+00 | loss scale: 1.0 | grad norm: 0.853 | number of skipped iterations:   0 | number of nan iterations:   0 |
Step Time : 0.33s GPU utilization: 30.9MODEL_TFLOP/s/GPU
 [2026-10-02 18:55:14] iteration      912/    1000 | consumed samples:         7296 | elapsed time per iteration (ms): 331.3 | learning rate: 3.631926E-05 | global batch size:     8 | lm loss: 5.781029E+00 | loss scale: 1.0 | grad norm: 0.867 | number of skipped iterations:   0 | number of nan iterations:   0 |
Step Time : 0.33s GPU utilization: 30.9MODEL_TFLOP/s/GPU
 [2026-10-02 18:55:14] iteration      913/    1000 | consumed samples:         7304 | elapsed time per iteration (ms): 331.0 | learning rate: 3.617756E-05 | global batch size:     8 | lm loss: 5.719781E+00 | loss scale: 1.0 | grad norm: 0.924 | number of skipped iterations:   0 | number of nan iterations:   0 |
Step Time : 0.33s GPU utilization: 30.8MODEL_TFLOP/s/GPU
 [2026-10-02 18:55:15] iteration      914/    1000 | consumed samples:         7312 | elapsed time per iteration (ms): 331.7 | learning rate: 3.603742E-05 | global batch size:     8 | lm loss: 5.772200E+00 | loss scale: 1.0 | grad norm: 0.824 | number of skipped iterations:   0 | number of nan iterations:   0 |
Step Time : 0.33s GPU utilization: 30.8MODEL_TFLOP/s/GPU
 [2026-10-02 18:55:15] iteration      915/    1000 | consumed samples:         7320 | elapsed time per iteration (ms): 331.5 | learning rate: 3.589886E-05 | global batch size:     8 | lm loss: 5.980770E+00 | loss scale: 1.0 | grad norm: 0.869 | number of skipped iterations:   0 | number of nan iterations:   0 |
Step Time : 0.33s GPU utilization: 30.9MODEL_TFLOP/s/GPU
 [2026-10-02 18:55:15] iteration      916/    1000 | consumed samples:         7328 | elapsed time per iteration (ms): 331.2 | learning rate: 3.576187E-05 | global batch size:     8 | lm loss: 5.834468E+00 | loss scale: 1.0 | grad norm: 1.196 | number of skipped iterations:   0 | number of nan iterations:   0 |
Step Time : 0.33s GPU utilization: 30.9MODEL_TFLOP/s/GPU
 [2026-10-02 18:55:16] iteration      917/    1000 | consumed samples:         7336 | elapsed time per iteration (ms): 331.0 | learning rate: 3.562645E-05 | global batch size:     8 | lm loss: 5.973224E+00 | loss scale: 1.0 | grad norm: 0.899 | number of skipped iterations:   0 | number of nan iterations:   0 |
Step Time : 0.33s GPU utilization: 30.9MODEL_TFLOP/s/GPU
 [2026-10-02 18:55:16] iteration      918/    1000 | consumed samples:         7344 | elapsed time per iteration (ms): 331.2 | learning rate: 3.549261E-05 | global batch size:     8 | lm loss: 6.077110E+00 | loss scale: 1.0 | grad norm: 0.902 | number of skipped iterations:   0 | number of nan iterations:   0 |
Step Time : 0.33s GPU utilization: 30.8MODEL_TFLOP/s/GPU
 [2026-10-02 18:55:16] iteration      919/    1000 | consumed samples:         7352 | elapsed time per iteration (ms): 331.9 | learning rate: 3.536035E-05 | global batch size:     8 | lm loss: 5.782988E+00 | loss scale: 1.0 | grad norm: 0.865 | number of skipped iterations:   0 | number of nan iterations:   0 |
Step Time : 0.33s GPU utilization: 30.9MODEL_TFLOP/s/GPU
 [2026-10-02 18:55:17] iteration      920/    1000 | consumed samples:         7360 | elapsed time per iteration (ms): 331.1 | learning rate: 3.522967E-05 | global batch size:     8 | lm loss: 5.911839E+00 | loss scale: 1.0 | grad norm: 0.879 | number of skipped iterations:   0 | number of nan iterations:   0 |
Step Time : 0.33s GPU utilization: 30.8MODEL_TFLOP/s/GPU
 [2026-10-02 18:55:17] iteration      921/    1000 | consumed samples:         7368 | elapsed time per iteration (ms): 331.6 | learning rate: 3.510057E-05 | global batch size:     8 | lm loss: 5.855252E+00 | loss scale: 1.0 | grad norm: 0.883 | number of skipped iterations:   0 | number of nan iterations:   0 |
Step Time : 0.33s GPU utilization: 30.8MODEL_TFLOP/s/GPU
 [2026-10-02 18:55:17] iteration      922/    1000 | consumed samples:         7376 | elapsed time per iteration (ms): 332.3 | learning rate: 3.497305E-05 | global batch size:     8 | lm loss: 5.609388E+00 | loss scale: 1.0 | grad norm: 0.872 | number of skipped iterations:   0 | number of nan iterations:   0 |
Step Time : 0.33s GPU utilization: 30.9MODEL_TFLOP/s/GPU
 [2026-10-02 18:55:18] iteration      923/    1000 | consumed samples:         7384 | elapsed time per iteration (ms): 331.2 | learning rate: 3.484712E-05 | global batch size:     8 | lm loss: 5.930736E+00 | loss scale: 1.0 | grad norm: 0.738 | number of skipped iterations:   0 | number of nan iterations:   0 |
Step Time : 0.33s GPU utilization: 30.8MODEL_TFLOP/s/GPU
 [2026-10-02 18:55:18] iteration      924/    1000 | consumed samples:         7392 | elapsed time per iteration (ms): 331.8 | learning rate: 3.472277E-05 | global batch size:     8 | lm loss: 5.488623E+00 | loss scale: 1.0 | grad norm: 0.985 | number of skipped iterations:   0 | number of nan iterations:   0 |
Step Time : 0.33s GPU utilization: 30.9MODEL_TFLOP/s/GPU
 [2026-10-02 18:55:18] iteration      925/    1000 | consumed samples:         7400 | elapsed time per iteration (ms): 331.2 | learning rate: 3.460001E-05 | global batch size:     8 | lm loss: 5.912709E+00 | loss scale: 1.0 | grad norm: 0.988 | number of skipped iterations:   0 | number of nan iterations:   0 |
Step Time : 0.33s GPU utilization: 30.8MODEL_TFLOP/s/GPU
 [2026-10-02 18:55:19] iteration      926/    1000 | consumed samples:         7408 | elapsed time per iteration (ms): 331.6 | learning rate: 3.447884E-05 | global batch size:     8 | lm loss: 5.961258E+00 | loss scale: 1.0 | grad norm: 0.925 | number of skipped iterations:   0 | number of nan iterations:   0 |
Step Time : 0.33s GPU utilization: 30.9MODEL_TFLOP/s/GPU
 [2026-10-02 18:55:19] iteration      927/    1000 | consumed samples:         7416 | elapsed time per iteration (ms): 331.1 | learning rate: 3.435926E-05 | global batch size:     8 | lm loss: 5.568390E+00 | loss scale: 1.0 | grad norm: 0.786 | number of skipped iterations:   0 | number of nan iterations:   0 |
Step Time : 0.33s GPU utilization: 30.9MODEL_TFLOP/s/GPU
 [2026-10-02 18:55:19] iteration      928/    1000 | consumed samples:         7424 | elapsed time per iteration (ms): 331.0 | learning rate: 3.424127E-05 | global batch size:     8 | lm loss: 5.754227E+00 | loss scale: 1.0 | grad norm: 0.825 | number of skipped iterations:   0 | number of nan iterations:   0 |
Step Time : 0.33s GPU utilization: 30.8MODEL_TFLOP/s/GPU
 [2026-10-02 18:55:20] iteration      929/    1000 | consumed samples:         7432 | elapsed time per iteration (ms): 331.4 | learning rate: 3.412488E-05 | global batch size:     8 | lm loss: 5.825120E+00 | loss scale: 1.0 | grad norm: 0.819 | number of skipped iterations:   0 | number of nan iterations:   0 |
Step Time : 0.33s GPU utilization: 30.8MODEL_TFLOP/s/GPU
 [2026-10-02 18:55:20] iteration      930/    1000 | consumed samples:         7440 | elapsed time per iteration (ms): 332.2 | learning rate: 3.401008E-05 | global batch size:     8 | lm loss: 5.908509E+00 | loss scale: 1.0 | grad norm: 0.853 | number of skipped iterations:   0 | number of nan iterations:   0 |
Step Time : 0.33s GPU utilization: 30.8MODEL_TFLOP/s/GPU
 [2026-10-02 18:55:20] iteration      931/    1000 | consumed samples:         7448 | elapsed time per iteration (ms): 331.8 | learning rate: 3.389687E-05 | global batch size:     8 | lm loss: 5.946795E+00 | loss scale: 1.0 | grad norm: 0.972 | number of skipped iterations:   0 | number of nan iterations:   0 |
Step Time : 0.33s GPU utilization: 30.8MODEL_TFLOP/s/GPU
 [2026-10-02 18:55:21] iteration      932/    1000 | consumed samples:         7456 | elapsed time per iteration (ms): 331.6 | learning rate: 3.378527E-05 | global batch size:     8 | lm loss: 5.931657E+00 | loss scale: 1.0 | grad norm: 1.316 | number of skipped iterations:   0 | number of nan iterations:   0 |
Step Time : 0.33s GPU utilization: 30.9MODEL_TFLOP/s/GPU
 [2026-10-02 18:55:21] iteration      933/    1000 | consumed samples:         7464 | elapsed time per iteration (ms): 331.3 | learning rate: 3.367526E-05 | global batch size:     8 | lm loss: 5.841687E+00 | loss scale: 1.0 | grad norm: 0.802 | number of skipped iterations:   0 | number of nan iterations:   0 |
Step Time : 0.33s GPU utilization: 30.9MODEL_TFLOP/s/GPU
 [2026-10-02 18:55:21] iteration      934/    1000 | consumed samples:         7472 | elapsed time per iteration (ms): 331.4 | learning rate: 3.356685E-05 | global batch size:     8 | lm loss: 5.799054E+00 | loss scale: 1.0 | grad norm: 0.943 | number of skipped iterations:   0 | number of nan iterations:   0 |
Step Time : 0.33s GPU utilization: 30.8MODEL_TFLOP/s/GPU
 [2026-10-02 18:55:22] iteration      935/    1000 | consumed samples:         7480 | elapsed time per iteration (ms): 331.7 | learning rate: 3.346004E-05 | global batch size:     8 | lm loss: 5.542530E+00 | loss scale: 1.0 | grad norm: 0.821 | number of skipped iterations:   0 | number of nan iterations:   0 |
Step Time : 0.33s GPU utilization: 30.8MODEL_TFLOP/s/GPU
 [2026-10-02 18:55:22] iteration      936/    1000 | consumed samples:         7488 | elapsed time per iteration (ms): 331.4 | learning rate: 3.335484E-05 | global batch size:     8 | lm loss: 5.942928E+00 | loss scale: 1.0 | grad norm: 0.971 | number of skipped iterations:   0 | number of nan iterations:   0 |
Step Time : 0.33s GPU utilization: 30.8MODEL_TFLOP/s/GPU
 [2026-10-02 18:55:22] iteration      937/    1000 | consumed samples:         7496 | elapsed time per iteration (ms): 332.1 | learning rate: 3.325124E-05 | global batch size:     8 | lm loss: 5.900583E+00 | loss scale: 1.0 | grad norm: 0.871 | number of skipped iterations:   0 | number of nan iterations:   0 |
Step Time : 0.33s GPU utilization: 30.9MODEL_TFLOP/s/GPU
 [2026-10-02 18:55:23] iteration      938/    1000 | consumed samples:         7504 | elapsed time per iteration (ms): 331.3 | learning rate: 3.314924E-05 | global batch size:     8 | lm loss: 6.006189E+00 | loss scale: 1.0 | grad norm: 0.915 | number of skipped iterations:   0 | number of nan iterations:   0 |
Step Time : 0.33s GPU utilization: 30.8MODEL_TFLOP/s/GPU
 [2026-10-02 18:55:23] iteration      939/    1000 | consumed samples:         7512 | elapsed time per iteration (ms): 331.8 | learning rate: 3.304885E-05 | global batch size:     8 | lm loss: 5.711987E+00 | loss scale: 1.0 | grad norm: 0.821 | number of skipped iterations:   0 | number of nan iterations:   0 |
Step Time : 0.33s GPU utilization: 30.8MODEL_TFLOP/s/GPU
 [2026-10-02 18:55:23] iteration      940/    1000 | consumed samples:         7520 | elapsed time per iteration (ms): 332.1 | learning rate: 3.295007E-05 | global batch size:     8 | lm loss: 5.913859E+00 | loss scale: 1.0 | grad norm: 0.862 | number of skipped iterations:   0 | number of nan iterations:   0 |
Step Time : 0.33s GPU utilization: 30.9MODEL_TFLOP/s/GPU
 [2026-10-02 18:55:24] iteration      941/    1000 | consumed samples:         7528 | elapsed time per iteration (ms): 330.9 | learning rate: 3.285290E-05 | global batch size:     8 | lm loss: 6.047206E+00 | loss scale: 1.0 | grad norm: 0.875 | number of skipped iterations:   0 | number of nan iterations:   0 |
Step Time : 0.33s GPU utilization: 30.9MODEL_TFLOP/s/GPU
 [2026-10-02 18:55:24] iteration      942/    1000 | consumed samples:         7536 | elapsed time per iteration (ms): 331.3 | learning rate: 3.275734E-05 | global batch size:     8 | lm loss: 6.347036E+00 | loss scale: 1.0 | grad norm: 2.148 | number of skipped iterations:   0 | number of nan iterations:   0 |
Step Time : 0.33s GPU utilization: 30.9MODEL_TFLOP/s/GPU
 [2026-10-02 18:55:24] iteration      943/    1000 | consumed samples:         7544 | elapsed time per iteration (ms): 331.3 | learning rate: 3.266339E-05 | global batch size:     8 | lm loss: 5.737717E+00 | loss scale: 1.0 | grad norm: 0.838 | number of skipped iterations:   0 | number of nan iterations:   0 |
Step Time : 0.33s GPU utilization: 30.8MODEL_TFLOP/s/GPU
 [2026-10-02 18:55:25] iteration      944/    1000 | consumed samples:         7552 | elapsed time per iteration (ms): 332.0 | learning rate: 3.257105E-05 | global batch size:     8 | lm loss: 5.828371E+00 | loss scale: 1.0 | grad norm: 0.801 | number of skipped iterations:   0 | number of nan iterations:   0 |
Step Time : 0.33s GPU utilization: 30.9MODEL_TFLOP/s/GPU
 [2026-10-02 18:55:25] iteration      945/    1000 | consumed samples:         7560 | elapsed time per iteration (ms): 331.4 | learning rate: 3.248033E-05 | global batch size:     8 | lm loss: 6.097345E+00 | loss scale: 1.0 | grad norm: 1.125 | number of skipped iterations:   0 | number of nan iterations:   0 |
Step Time : 0.33s GPU utilization: 30.8MODEL_TFLOP/s/GPU
 [2026-10-02 18:55:25] iteration      946/    1000 | consumed samples:         7568 | elapsed time per iteration (ms): 331.5 | learning rate: 3.239122E-05 | global batch size:     8 | lm loss: 5.876928E+00 | loss scale: 1.0 | grad norm: 0.832 | number of skipped iterations:   0 | number of nan iterations:   0 |
Step Time : 0.33s GPU utilization: 30.9MODEL_TFLOP/s/GPU
 [2026-10-02 18:55:26] iteration      947/    1000 | consumed samples:         7576 | elapsed time per iteration (ms): 331.3 | learning rate: 3.230373E-05 | global batch size:     8 | lm loss: 5.973454E+00 | loss scale: 1.0 | grad norm: 1.011 | number of skipped iterations:   0 | number of nan iterations:   0 |
Step Time : 0.33s GPU utilization: 30.9MODEL_TFLOP/s/GPU
 [2026-10-02 18:55:26] iteration      948/    1000 | consumed samples:         7584 | elapsed time per iteration (ms): 331.1 | learning rate: 3.221785E-05 | global batch size:     8 | lm loss: 5.903141E+00 | loss scale: 1.0 | grad norm: 1.134 | number of skipped iterations:   0 | number of nan iterations:   0 |
Step Time : 0.33s GPU utilization: 30.8MODEL_TFLOP/s/GPU
 [2026-10-02 18:55:26] iteration      949/    1000 | consumed samples:         7592 | elapsed time per iteration (ms): 331.9 | learning rate: 3.213359E-05 | global batch size:     8 | lm loss: 5.914879E+00 | loss scale: 1.0 | grad norm: 0.914 | number of skipped iterations:   0 | number of nan iterations:   0 |
Step Time : 0.33s GPU utilization: 30.9MODEL_TFLOP/s/GPU
 [2026-10-02 18:55:27] iteration      950/    1000 | consumed samples:         7600 | elapsed time per iteration (ms): 331.2 | learning rate: 3.205095E-05 | global batch size:     8 | lm loss: 5.775562E+00 | loss scale: 1.0 | grad norm: 0.826 | number of skipped iterations:   0 | number of nan iterations:   0 |
Step Time : 0.33s GPU utilization: 30.9MODEL_TFLOP/s/GPU
 [2026-10-02 18:55:27] iteration      951/    1000 | consumed samples:         7608 | elapsed time per iteration (ms): 331.2 | learning rate: 3.196993E-05 | global batch size:     8 | lm loss: 5.863325E+00 | loss scale: 1.0 | grad norm: 0.881 | number of skipped iterations:   0 | number of nan iterations:   0 |
Step Time : 0.33s GPU utilization: 30.8MODEL_TFLOP/s/GPU
 [2026-10-02 18:55:27] iteration      952/    1000 | consumed samples:         7616 | elapsed time per iteration (ms): 331.6 | learning rate: 3.189054E-05 | global batch size:     8 | lm loss: 5.988754E+00 | loss scale: 1.0 | grad norm: 0.906 | number of skipped iterations:   0 | number of nan iterations:   0 |
Step Time : 0.33s GPU utilization: 30.8MODEL_TFLOP/s/GPU
 [2026-10-02 18:55:28] iteration      953/    1000 | consumed samples:         7624 | elapsed time per iteration (ms): 331.7 | learning rate: 3.181276E-05 | global batch size:     8 | lm loss: 5.697585E+00 | loss scale: 1.0 | grad norm: 0.931 | number of skipped iterations:   0 | number of nan iterations:   0 |
Step Time : 0.33s GPU utilization: 30.8MODEL_TFLOP/s/GPU
 [2026-10-02 18:55:28] iteration      954/    1000 | consumed samples:         7632 | elapsed time per iteration (ms): 331.8 | learning rate: 3.173660E-05 | global batch size:     8 | lm loss: 5.855791E+00 | loss scale: 1.0 | grad norm: 0.810 | number of skipped iterations:   0 | number of nan iterations:   0 |
Step Time : 0.33s GPU utilization: 30.9MODEL_TFLOP/s/GPU
 [2026-10-02 18:55:28] iteration      955/    1000 | consumed samples:         7640 | elapsed time per iteration (ms): 331.1 | learning rate: 3.166208E-05 | global batch size:     8 | lm loss: 5.950035E+00 | loss scale: 1.0 | grad norm: 0.910 | number of skipped iterations:   0 | number of nan iterations:   0 |
Step Time : 0.33s GPU utilization: 30.8MODEL_TFLOP/s/GPU
 [2026-10-02 18:55:29] iteration      956/    1000 | consumed samples:         7648 | elapsed time per iteration (ms): 331.9 | learning rate: 3.158917E-05 | global batch size:     8 | lm loss: 5.890075E+00 | loss scale: 1.0 | grad norm: 0.865 | number of skipped iterations:   0 | number of nan iterations:   0 |
Step Time : 0.33s GPU utilization: 30.9MODEL_TFLOP/s/GPU
 [2026-10-02 18:55:29] iteration      957/    1000 | consumed samples:         7656 | elapsed time per iteration (ms): 331.4 | learning rate: 3.151789E-05 | global batch size:     8 | lm loss: 5.760165E+00 | loss scale: 1.0 | grad norm: 0.864 | number of skipped iterations:   0 | number of nan iterations:   0 |
Step Time : 0.33s GPU utilization: 30.9MODEL_TFLOP/s/GPU
 [2026-10-02 18:55:29] iteration      958/    1000 | consumed samples:         7664 | elapsed time per iteration (ms): 331.2 | learning rate: 3.144823E-05 | global batch size:     8 | lm loss: 5.764537E+00 | loss scale: 1.0 | grad norm: 0.862 | number of skipped iterations:   0 | number of nan iterations:   0 |
Step Time : 0.33s GPU utilization: 30.9MODEL_TFLOP/s/GPU
 [2026-10-02 18:55:30] iteration      959/    1000 | consumed samples:         7672 | elapsed time per iteration (ms): 331.2 | learning rate: 3.138021E-05 | global batch size:     8 | lm loss: 5.842920E+00 | loss scale: 1.0 | grad norm: 0.863 | number of skipped iterations:   0 | number of nan iterations:   0 |
Step Time : 0.33s GPU utilization: 30.9MODEL_TFLOP/s/GPU
 [2026-10-02 18:55:30] iteration      960/    1000 | consumed samples:         7680 | elapsed time per iteration (ms): 330.9 | learning rate: 3.131381E-05 | global batch size:     8 | lm loss: 6.156151E+00 | loss scale: 1.0 | grad norm: 0.925 | number of skipped iterations:   0 | number of nan iterations:   0 |
Step Time : 0.33s GPU utilization: 30.9MODEL_TFLOP/s/GPU
 [2026-10-02 18:55:30] iteration      961/    1000 | consumed samples:         7688 | elapsed time per iteration (ms): 331.0 | learning rate: 3.124904E-05 | global batch size:     8 | lm loss: 5.837252E+00 | loss scale: 1.0 | grad norm: 0.886 | number of skipped iterations:   0 | number of nan iterations:   0 |
Step Time : 0.33s GPU utilization: 30.8MODEL_TFLOP/s/GPU
 [2026-10-02 18:55:31] iteration      962/    1000 | consumed samples:         7696 | elapsed time per iteration (ms): 331.4 | learning rate: 3.118590E-05 | global batch size:     8 | lm loss: 6.211584E+00 | loss scale: 1.0 | grad norm: 0.885 | number of skipped iterations:   0 | number of nan iterations:   0 |
Step Time : 0.33s GPU utilization: 30.9MODEL_TFLOP/s/GPU
 [2026-10-02 18:55:31] iteration      963/    1000 | consumed samples:         7704 | elapsed time per iteration (ms): 331.1 | learning rate: 3.112439E-05 | global batch size:     8 | lm loss: 5.727896E+00 | loss scale: 1.0 | grad norm: 0.879 | number of skipped iterations:   0 | number of nan iterations:   0 |
Step Time : 0.33s GPU utilization: 30.9MODEL_TFLOP/s/GPU
 [2026-10-02 18:55:31] iteration      964/    1000 | consumed samples:         7712 | elapsed time per iteration (ms): 331.4 | learning rate: 3.106452E-05 | global batch size:     8 | lm loss: 5.899456E+00 | loss scale: 1.0 | grad norm: 0.893 | number of skipped iterations:   0 | number of nan iterations:   0 |
Step Time : 0.33s GPU utilization: 30.9MODEL_TFLOP/s/GPU
 [2026-10-02 18:55:32] iteration      965/    1000 | consumed samples:         7720 | elapsed time per iteration (ms): 331.1 | learning rate: 3.100627E-05 | global batch size:     8 | lm loss: 5.744544E+00 | loss scale: 1.0 | grad norm: 0.871 | number of skipped iterations:   0 | number of nan iterations:   0 |
Step Time : 0.33s GPU utilization: 30.8MODEL_TFLOP/s/GPU
 [2026-10-02 18:55:32] iteration      966/    1000 | consumed samples:         7728 | elapsed time per iteration (ms): 331.7 | learning rate: 3.094966E-05 | global batch size:     8 | lm loss: 6.005153E+00 | loss scale: 1.0 | grad norm: 0.873 | number of skipped iterations:   0 | number of nan iterations:   0 |
Step Time : 0.33s GPU utilization: 30.8MODEL_TFLOP/s/GPU
 [2026-10-02 18:55:32] iteration      967/    1000 | consumed samples:         7736 | elapsed time per iteration (ms): 331.9 | learning rate: 3.089468E-05 | global batch size:     8 | lm loss: 5.810226E+00 | loss scale: 1.0 | grad norm: 0.827 | number of skipped iterations:   0 | number of nan iterations:   0 |
Step Time : 0.33s GPU utilization: 30.8MODEL_TFLOP/s/GPU
 [2026-10-02 18:55:33] iteration      968/    1000 | consumed samples:         7744 | elapsed time per iteration (ms): 331.7 | learning rate: 3.084133E-05 | global batch size:     8 | lm loss: 5.820625E+00 | loss scale: 1.0 | grad norm: 1.129 | number of skipped iterations:   0 | number of nan iterations:   0 |
Step Time : 0.33s GPU utilization: 30.9MODEL_TFLOP/s/GPU
 [2026-10-02 18:55:33] iteration      969/    1000 | consumed samples:         7752 | elapsed time per iteration (ms): 331.1 | learning rate: 3.078962E-05 | global batch size:     8 | lm loss: 5.580626E+00 | loss scale: 1.0 | grad norm: 0.788 | number of skipped iterations:   0 | number of nan iterations:   0 |
Step Time : 0.33s GPU utilization: 30.9MODEL_TFLOP/s/GPU
 [2026-10-02 18:55:33] iteration      970/    1000 | consumed samples:         7760 | elapsed time per iteration (ms): 331.4 | learning rate: 3.073955E-05 | global batch size:     8 | lm loss: 5.634597E+00 | loss scale: 1.0 | grad norm: 0.836 | number of skipped iterations:   0 | number of nan iterations:   0 |
Step Time : 0.33s GPU utilization: 30.8MODEL_TFLOP/s/GPU
 [2026-10-02 18:55:34] iteration      971/    1000 | consumed samples:         7768 | elapsed time per iteration (ms): 331.7 | learning rate: 3.069111E-05 | global batch size:     8 | lm loss: 5.752969E+00 | loss scale: 1.0 | grad norm: 0.818 | number of skipped iterations:   0 | number of nan iterations:   0 |
Step Time : 0.33s GPU utilization: 30.8MODEL_TFLOP/s/GPU
 [2026-10-02 18:55:34] iteration      972/    1000 | consumed samples:         7776 | elapsed time per iteration (ms): 332.0 | learning rate: 3.064430E-05 | global batch size:     8 | lm loss: 5.916922E+00 | loss scale: 1.0 | grad norm: 0.948 | number of skipped iterations:   0 | number of nan iterations:   0 |
Step Time : 0.33s GPU utilization: 30.8MODEL_TFLOP/s/GPU
 [2026-10-02 18:55:34] iteration      973/    1000 | consumed samples:         7784 | elapsed time per iteration (ms): 331.7 | learning rate: 3.059913E-05 | global batch size:     8 | lm loss: 5.971404E+00 | loss scale: 1.0 | grad norm: 0.894 | number of skipped iterations:   0 | number of nan iterations:   0 |
Step Time : 0.33s GPU utilization: 30.8MODEL_TFLOP/s/GPU
 [2026-10-02 18:55:35] iteration      974/    1000 | consumed samples:         7792 | elapsed time per iteration (ms): 331.8 | learning rate: 3.055561E-05 | global batch size:     8 | lm loss: 5.719335E+00 | loss scale: 1.0 | grad norm: 0.805 | number of skipped iterations:   0 | number of nan iterations:   0 |
Step Time : 0.33s GPU utilization: 30.8MODEL_TFLOP/s/GPU
 [2026-10-02 18:55:35] iteration      975/    1000 | consumed samples:         7800 | elapsed time per iteration (ms): 331.8 | learning rate: 3.051372E-05 | global batch size:     8 | lm loss: 5.694593E+00 | loss scale: 1.0 | grad norm: 0.832 | number of skipped iterations:   0 | number of nan iterations:   0 |
Step Time : 0.33s GPU utilization: 30.9MODEL_TFLOP/s/GPU
 [2026-10-02 18:55:35] iteration      976/    1000 | consumed samples:         7808 | elapsed time per iteration (ms): 331.1 | learning rate: 3.047346E-05 | global batch size:     8 | lm loss: 5.649333E+00 | loss scale: 1.0 | grad norm: 0.785 | number of skipped iterations:   0 | number of nan iterations:   0 |
Step Time : 0.33s GPU utilization: 30.8MODEL_TFLOP/s/GPU
 [2026-10-02 18:55:36] iteration      977/    1000 | consumed samples:         7816 | elapsed time per iteration (ms): 331.5 | learning rate: 3.043485E-05 | global batch size:     8 | lm loss: 5.830096E+00 | loss scale: 1.0 | grad norm: 0.880 | number of skipped iterations:   0 | number of nan iterations:   0 |
Step Time : 0.33s GPU utilization: 30.8MODEL_TFLOP/s/GPU
 [2026-10-02 18:55:36] iteration      978/    1000 | consumed samples:         7824 | elapsed time per iteration (ms): 331.6 | learning rate: 3.039788E-05 | global batch size:     8 | lm loss: 5.931852E+00 | loss scale: 1.0 | grad norm: 0.843 | number of skipped iterations:   0 | number of nan iterations:   0 |
Step Time : 0.33s GPU utilization: 30.8MODEL_TFLOP/s/GPU
 [2026-10-02 18:55:36] iteration      979/    1000 | consumed samples:         7832 | elapsed time per iteration (ms): 331.9 | learning rate: 3.036255E-05 | global batch size:     8 | lm loss: 5.634328E+00 | loss scale: 1.0 | grad norm: 0.936 | number of skipped iterations:   0 | number of nan iterations:   0 |
Step Time : 0.33s GPU utilization: 30.8MODEL_TFLOP/s/GPU
 [2026-10-02 18:55:37] iteration      980/    1000 | consumed samples:         7840 | elapsed time per iteration (ms): 331.8 | learning rate: 3.032885E-05 | global batch size:     8 | lm loss: 5.934780E+00 | loss scale: 1.0 | grad norm: 0.958 | number of skipped iterations:   0 | number of nan iterations:   0 |
Step Time : 0.33s GPU utilization: 30.8MODEL_TFLOP/s/GPU
 [2026-10-02 18:55:37] iteration      981/    1000 | consumed samples:         7848 | elapsed time per iteration (ms): 331.8 | learning rate: 3.029680E-05 | global batch size:     8 | lm loss: 6.063000E+00 | loss scale: 1.0 | grad norm: 0.881 | number of skipped iterations:   0 | number of nan iterations:   0 |
Step Time : 0.33s GPU utilization: 30.9MODEL_TFLOP/s/GPU
 [2026-10-02 18:55:37] iteration      982/    1000 | consumed samples:         7856 | elapsed time per iteration (ms): 331.3 | learning rate: 3.026639E-05 | global batch size:     8 | lm loss: 5.891394E+00 | loss scale: 1.0 | grad norm: 0.980 | number of skipped iterations:   0 | number of nan iterations:   0 |
Step Time : 0.33s GPU utilization: 30.8MODEL_TFLOP/s/GPU
 [2026-10-02 18:55:37] iteration      983/    1000 | consumed samples:         7864 | elapsed time per iteration (ms): 331.6 | learning rate: 3.023762E-05 | global batch size:     8 | lm loss: 5.953629E+00 | loss scale: 1.0 | grad norm: 0.876 | number of skipped iterations:   0 | number of nan iterations:   0 |
Step Time : 0.33s GPU utilization: 30.9MODEL_TFLOP/s/GPU
 [2026-10-02 18:55:38] iteration      984/    1000 | consumed samples:         7872 | elapsed time per iteration (ms): 331.4 | learning rate: 3.021050E-05 | global batch size:     8 | lm loss: 5.556761E+00 | loss scale: 1.0 | grad norm: 0.791 | number of skipped iterations:   0 | number of nan iterations:   0 |
Step Time : 0.33s GPU utilization: 30.9MODEL_TFLOP/s/GPU
 [2026-10-02 18:55:38] iteration      985/    1000 | consumed samples:         7880 | elapsed time per iteration (ms): 331.3 | learning rate: 3.018501E-05 | global batch size:     8 | lm loss: 5.638977E+00 | loss scale: 1.0 | grad norm: 0.855 | number of skipped iterations:   0 | number of nan iterations:   0 |
Step Time : 0.33s GPU utilization: 30.8MODEL_TFLOP/s/GPU
 [2026-10-02 18:55:38] iteration      986/    1000 | consumed samples:         7888 | elapsed time per iteration (ms): 331.5 | learning rate: 3.016117E-05 | global batch size:     8 | lm loss: 5.873665E+00 | loss scale: 1.0 | grad norm: 0.844 | number of skipped iterations:   0 | number of nan iterations:   0 |
Step Time : 0.33s GPU utilization: 30.8MODEL_TFLOP/s/GPU
 [2026-10-02 18:55:39] iteration      987/    1000 | consumed samples:         7896 | elapsed time per iteration (ms): 332.2 | learning rate: 3.013897E-05 | global batch size:     8 | lm loss: 5.615726E+00 | loss scale: 1.0 | grad norm: 0.804 | number of skipped iterations:   0 | number of nan iterations:   0 |
Step Time : 0.33s GPU utilization: 30.8MODEL_TFLOP/s/GPU
 [2026-10-02 18:55:39] iteration      988/    1000 | consumed samples:         7904 | elapsed time per iteration (ms): 331.9 | learning rate: 3.011842E-05 | global batch size:     8 | lm loss: 6.093404E+00 | loss scale: 1.0 | grad norm: 0.910 | number of skipped iterations:   0 | number of nan iterations:   0 |
Step Time : 0.33s GPU utilization: 30.9MODEL_TFLOP/s/GPU
 [2026-10-02 18:55:39] iteration      989/    1000 | consumed samples:         7912 | elapsed time per iteration (ms): 331.3 | learning rate: 3.009951E-05 | global batch size:     8 | lm loss: 5.765655E+00 | loss scale: 1.0 | grad norm: 0.801 | number of skipped iterations:   0 | number of nan iterations:   0 |
Step Time : 0.33s GPU utilization: 30.9MODEL_TFLOP/s/GPU
 [2026-10-02 18:55:40] iteration      990/    1000 | consumed samples:         7920 | elapsed time per iteration (ms): 330.9 | learning rate: 3.008224E-05 | global batch size:     8 | lm loss: 5.590714E+00 | loss scale: 1.0 | grad norm: 0.848 | number of skipped iterations:   0 | number of nan iterations:   0 |
Step Time : 0.33s GPU utilization: 30.8MODEL_TFLOP/s/GPU
 [2026-10-02 18:55:40] iteration      991/    1000 | consumed samples:         7928 | elapsed time per iteration (ms): 332.1 | learning rate: 3.006661E-05 | global batch size:     8 | lm loss: 6.221871E+00 | loss scale: 1.0 | grad norm: 1.220 | number of skipped iterations:   0 | number of nan iterations:   0 |
Step Time : 0.33s GPU utilization: 30.9MODEL_TFLOP/s/GPU
 [2026-10-02 18:55:40] iteration      992/    1000 | consumed samples:         7936 | elapsed time per iteration (ms): 331.2 | learning rate: 3.005264E-05 | global batch size:     8 | lm loss: 5.879302E+00 | loss scale: 1.0 | grad norm: 1.039 | number of skipped iterations:   0 | number of nan iterations:   0 |
Step Time : 0.33s GPU utilization: 30.9MODEL_TFLOP/s/GPU
 [2026-10-02 18:55:41] iteration      993/    1000 | consumed samples:         7944 | elapsed time per iteration (ms): 331.3 | learning rate: 3.004030E-05 | global batch size:     8 | lm loss: 5.811837E+00 | loss scale: 1.0 | grad norm: 0.964 | number of skipped iterations:   0 | number of nan iterations:   0 |
Step Time : 0.33s GPU utilization: 30.8MODEL_TFLOP/s/GPU
 [2026-10-02 18:55:41] iteration      994/    1000 | consumed samples:         7952 | elapsed time per iteration (ms): 331.9 | learning rate: 3.002961E-05 | global batch size:     8 | lm loss: 5.804599E+00 | loss scale: 1.0 | grad norm: 0.863 | number of skipped iterations:   0 | number of nan iterations:   0 |
Step Time : 0.33s GPU utilization: 30.9MODEL_TFLOP/s/GPU
 [2026-10-02 18:55:41] iteration      995/    1000 | consumed samples:         7960 | elapsed time per iteration (ms): 331.2 | learning rate: 3.002056E-05 | global batch size:     8 | lm loss: 5.821028E+00 | loss scale: 1.0 | grad norm: 0.853 | number of skipped iterations:   0 | number of nan iterations:   0 |
Step Time : 0.33s GPU utilization: 30.9MODEL_TFLOP/s/GPU
 [2026-10-02 18:55:42] iteration      996/    1000 | consumed samples:         7968 | elapsed time per iteration (ms): 331.3 | learning rate: 3.001316E-05 | global batch size:     8 | lm loss: 5.760680E+00 | loss scale: 1.0 | grad norm: 0.959 | number of skipped iterations:   0 | number of nan iterations:   0 |
Step Time : 0.33s GPU utilization: 30.9MODEL_TFLOP/s/GPU
 [2026-10-02 18:55:42] iteration      997/    1000 | consumed samples:         7976 | elapsed time per iteration (ms): 330.8 | learning rate: 3.000740E-05 | global batch size:     8 | lm loss: 5.650285E+00 | loss scale: 1.0 | grad norm: 0.848 | number of skipped iterations:   0 | number of nan iterations:   0 |
Step Time : 0.33s GPU utilization: 30.8MODEL_TFLOP/s/GPU
 [2026-10-02 18:55:42] iteration      998/    1000 | consumed samples:         7984 | elapsed time per iteration (ms): 331.8 | learning rate: 3.000329E-05 | global batch size:     8 | lm loss: 6.001513E+00 | loss scale: 1.0 | grad norm: 0.943 | number of skipped iterations:   0 | number of nan iterations:   0 |
Step Time : 0.33s GPU utilization: 30.9MODEL_TFLOP/s/GPU
 [2026-10-02 18:55:43] iteration      999/    1000 | consumed samples:         7992 | elapsed time per iteration (ms): 331.3 | learning rate: 3.000082E-05 | global batch size:     8 | lm loss: 6.116092E+00 | loss scale: 1.0 | grad norm: 0.897 | number of skipped iterations:   0 | number of nan iterations:   0 |
Step Time : 0.33s GPU utilization: 30.8MODEL_TFLOP/s/GPU
 [2026-10-02 18:55:43] iteration     1000/    1000 | consumed samples:         8000 | elapsed time per iteration (ms): 332.1 | learning rate: 3.000000E-05 | global batch size:     8 | lm loss: 5.863274E+00 | loss scale: 1.0 | grad norm: 0.924 | number of skipped iterations:   0 | number of nan iterations:   0 |
Deleting CUDA graphs
[after training is done] datetime: 2026-10-02 18:55:44 
========================================================================
VALIDATION COMPLETE
  peak allocated : 6.84 GiB
  peak reserved  : 7.26 GiB
  --- throughput ---
  tokens per step: 8,192
  iterations     : 1000
  total tokens   : 8,192,000
  wall clock     : 348.8 s (INCLUDES setup/warmup)
  end-to-end     : 23,487 tok/s (LOWER BOUND -- setup included)
  steady-state   : run  python3 g5/throughput.py <logfile>  for the per-step rate
========================================================================
